record	parent_name	parent_version	parent_source	name	version	source	normal_context	build_context	is_root
package				addr2line	0.26.0	registry	true	false	false
package				adler2	2.0.1	registry	true	false	false
package				aes	0.8.4	registry	true	false	false
package				ahash	0.8.12	registry	true	true	false
package				aho-corasick	1.1.4	registry	true	false	false
package				allocator-api2	0.2.21	registry	true	true	false
package				ambient-authority	0.0.2	registry	true	false	false
package				anstream	0.6.21	registry	true	false	false
package				anstyle	1.0.13	registry	true	false	false
package				anstyle-parse	0.2.7	registry	true	false	false
package				anstyle-query	1.1.5	registry	true	false	false
package				anyhow	1.0.103	registry	true	true	false
package				arbitrary	1.4.2	registry	true	false	false
package				arc-swap	1.8.2	registry	true	false	false
package				array-init	2.1.0	registry	true	false	false
package				arrayref	0.3.9	registry	true	false	false
package				arrayvec	0.7.6	registry	true	false	false
package				asn1-rs	0.7.1	registry	true	false	false
package				asn1-rs-derive	0.6.0	registry	false	true	false
package				asn1-rs-impl	0.2.0	registry	false	true	false
package				assert_matches	1.5.0	registry	true	false	false
package				assert_type_match	0.1.1	registry	false	true	false
package				async-executor	1.14.0	registry	true	false	false
package				async-nats	0.47.0	registry	true	false	false
package				async-task	4.7.1	registry	true	false	false
package				async-trait	0.1.89	registry	false	true	false
package				atomic-waker	1.1.2	registry	true	false	false
package				autocfg	1.5.0	registry	true	false	false
package				aya	0.13.2	git	true	false	false
package				aya-log	0.2.2	git	true	false	false
package				aya-log-common	0.1.16	git	true	false	false
package				aya-obj	0.2.2	git	true	false	false
package				base64	0.22.1	registry	true	false	false
package				base64ct	1.8.3	registry	true	false	false
package				bevy_ecs	0.18.1	registry	true	false	false
package				bevy_ecs_macros	0.18.0	registry	false	true	false
package				bevy_macro_utils	0.18.0	registry	false	true	false
package				bevy_platform	0.18.0	registry	true	false	false
package				bevy_ptr	0.18.0	registry	true	false	false
package				bevy_reflect	0.18.0	registry	true	false	false
package				bevy_reflect_derive	0.18.0	registry	false	true	false
package				bevy_tasks	0.18.0	registry	true	false	false
package				bevy_utils	0.18.0	registry	true	false	false
package				bincode	2.0.1	registry	true	false	false
package				bincode_derive	2.0.1	registry	false	true	false
package				bitflags	2.11.0	registry	true	true	false
package				blake3	1.8.3	registry	true	false	false
package				block-buffer	0.10.4	registry	true	true	false
package				bumpalo	3.20.2	registry	true	false	false
package				byteorder	1.5.0	registry	true	false	false
package				bytes	1.11.1	registry	true	false	false
package				cap-fs-ext	3.4.5	registry	true	false	false
package				cap-net-ext	3.4.5	registry	true	false	false
package				cap-primitives	3.4.5	registry	true	false	false
package				cap-std	3.4.5	registry	true	false	false
package				cap-time-ext	3.4.5	registry	true	false	false
package				cc	1.2.56	registry	true	false	false
package				cfg-if	1.0.4	registry	true	true	false
package				cfg_aliases	0.2.1	registry	true	false	false
package				chacha20	0.10.0	registry	true	false	false
package				chrono	0.4.44	registry	true	false	false
package				cipher	0.4.4	registry	true	false	false
package				clap	4.5.60	registry	true	false	false
package				clap_builder	4.5.60	registry	true	false	false
package				clap_derive	4.5.55	registry	false	true	false
package				clap_lex	1.0.0	registry	true	false	false
package				cobs	0.3.0	registry	true	true	false
package				colorchoice	1.0.4	registry	true	false	false
package				concurrent-queue	2.5.0	registry	true	false	false
package				const-oid	0.9.6	registry	true	false	false
package				const_format	0.2.35	registry	true	false	false
package				const_format_proc_macros	0.2.34	registry	false	true	false
package				constant_time_eq	0.4.2	registry	true	false	false
package				convert_case	0.10.0	registry	false	true	false
package				cpp_demangle	0.4.5	registry	true	false	false
package				cpufeatures	0.2.17	registry	true	true	false
package				cpufeatures	0.3.0	registry	true	false	false
package				cranelift-assembler-x64	0.132.3	registry	true	false	false
package				cranelift-assembler-x64-meta	0.132.3	registry	true	false	false
package				cranelift-bforest	0.132.3	registry	true	true	false
package				cranelift-bitset	0.132.3	registry	true	true	false
package				cranelift-codegen	0.132.3	registry	true	false	false
package				cranelift-codegen-meta	0.132.3	registry	true	false	false
package				cranelift-codegen-shared	0.132.3	registry	true	false	false
package				cranelift-control	0.132.3	registry	true	false	false
package				cranelift-entity	0.132.3	registry	true	true	false
package				cranelift-frontend	0.132.3	registry	true	false	false
package				cranelift-isle	0.132.3	registry	true	false	false
package				cranelift-native	0.132.3	registry	true	false	false
package				cranelift-srcgen	0.132.3	registry	true	false	false
package				crc32fast	1.5.0	registry	true	false	false
package				crossbeam	0.8.4	registry	true	false	false
package				crossbeam-channel	0.5.15	registry	true	false	false
package				crossbeam-deque	0.8.6	registry	true	false	false
package				crossbeam-epoch	0.9.20	registry	true	false	false
package				crossbeam-queue	0.3.12	registry	true	false	false
package				crossbeam-utils	0.8.21	registry	true	false	false
package				crypto-common	0.1.7	registry	true	true	false
package				curve25519-dalek	4.1.3	registry	true	false	false
package				curve25519-dalek-derive	0.1.1	registry	false	true	false
package				darling	0.21.3	registry	false	true	false
package				darling_core	0.21.3	registry	false	true	false
package				darling_macro	0.21.3	registry	false	true	false
package				data-encoding	2.10.0	registry	true	false	false
package				debugid	0.8.0	registry	true	false	false
package				der	0.7.10	registry	true	false	false
package				der-parser	10.0.0	registry	true	false	false
package				deranged	0.5.8	registry	true	false	false
package				derive_more	2.1.1	registry	true	false	false
package				derive_more-impl	2.1.1	registry	false	true	false
package				digest	0.10.7	registry	true	true	false
package				directories-next	2.0.0	registry	true	false	false
package				dirs	6.0.0	registry	true	false	false
package				dirs-sys	0.5.0	registry	true	false	false
package				dirs-sys-next	0.1.2	registry	true	false	false
package				displaydoc	0.2.5	registry	false	true	false
package				disqualified	1.0.0	registry	true	false	false
package				downcast-rs	2.0.2	registry	true	false	false
package				dyn-clone	1.0.20	registry	true	true	false
package				ed25519	2.2.3	registry	true	false	false
package				ed25519-dalek	2.2.0	registry	true	false	false
package				either	1.15.0	registry	true	true	false
package				encoding_rs	0.8.35	registry	true	false	false
package				enumflags2	0.7.12	registry	true	false	false
package				enumflags2_derive	0.7.12	registry	false	true	false
package				equivalent	1.0.2	registry	true	true	false
package				erased-serde	0.4.9	registry	true	false	false
package				errno	0.3.14	registry	true	false	false
package				event-listener	5.4.1	registry	true	false	false
package				fallible-iterator	0.3.0	registry	true	false	false
package				fallible-streaming-iterator	0.1.9	registry	true	false	false
package				fastbloom	0.14.1	registry	true	false	false
package				fastrand	2.3.0	registry	true	true	false
package				find-msvc-tools	0.1.9	registry	true	false	false
package				fixedbitset	0.4.2	registry	true	false	false
package				fixedbitset	0.5.7	registry	true	false	false
package				flatbuffers	25.12.19	registry	true	false	false
package				flate2	1.1.9	registry	true	false	false
package				flume	0.11.1	registry	true	false	false
package				fnv	1.0.7	registry	true	true	false
package				foldhash	0.1.5	registry	true	false	false
package				foldhash	0.2.0	registry	true	true	false
package				form_urlencoded	1.2.2	registry	true	false	false
package				fs-set-times	0.20.3	registry	true	false	false
package				fuser	0.17.0	registry	true	false	false
package				futures	0.3.32	registry	true	false	false
package				futures-channel	0.3.32	registry	true	false	false
package				futures-core	0.3.32	registry	true	false	false
package				futures-executor	0.3.32	registry	true	false	false
package				futures-io	0.3.32	registry	true	false	false
package				futures-lite	2.6.1	registry	true	false	false
package				futures-macro	0.3.32	registry	false	true	false
package				futures-sink	0.3.32	registry	true	false	false
package				futures-task	0.3.32	registry	true	false	false
package				futures-util	0.3.32	registry	true	false	false
package				fxprof-processed-profile	0.8.1	registry	true	false	false
package				generic-array	0.14.7	registry	true	true	false
package				getrandom	0.2.17	registry	true	true	false
package				getrandom	0.3.4	registry	true	false	false
package				getrandom	0.4.1	registry	true	false	false
package				gimli	0.33.0	registry	true	true	false
package				git-version	0.3.9	registry	true	false	false
package				git-version-macro	0.3.9	registry	false	true	false
package				hashbrown	0.14.5	registry	true	true	false
package				hashbrown	0.15.5	registry	true	false	false
package				hashbrown	0.16.1	registry	true	true	false
package				hashbrown	0.17.1	registry	true	true	false
package				hashlink	0.11.0	registry	true	false	false
package				heck	0.5.0	registry	true	true	false
package				hmac	0.12.1	registry	true	false	false
package				home	0.5.12	registry	true	false	false
package				http	1.4.0	registry	true	false	false
package				http-body	1.0.1	registry	true	false	false
package				http-body-util	0.1.3	registry	true	false	false
package				httparse	1.10.1	registry	true	false	false
package				humantime	2.3.0	registry	true	false	false
package				hyper	1.8.1	registry	true	false	false
package				hyper-rustls	0.27.7	registry	true	false	false
package				hyper-util	0.1.20	registry	true	false	false
package				iana-time-zone	0.1.65	registry	true	false	false
package				icu_collections	2.1.1	registry	true	false	false
package				icu_locale_core	2.1.1	registry	true	false	false
package				icu_normalizer	2.1.1	registry	true	false	false
package				icu_normalizer_data	2.1.1	registry	true	false	false
package				icu_properties	2.1.2	registry	true	false	false
package				icu_properties_data	2.1.2	registry	true	false	false
package				icu_provider	2.1.1	registry	true	false	false
package				id-arena	2.3.0	registry	false	true	false
package				ident_case	1.0.1	registry	false	true	false
package				idna	1.1.0	registry	true	false	false
package				idna_adapter	1.2.1	registry	true	false	false
package				indexmap	2.14.0	registry	true	true	false
package				inout	0.1.4	registry	true	false	false
package				io-extras	0.18.4	registry	true	false	false
package				io-lifetimes	2.0.4	registry	true	false	false
package				ipnet	2.11.0	registry	true	false	false
package				ipnetwork	0.20.0	registry	true	false	false
package				iri-string	0.7.10	registry	true	false	false
package				is_terminal_polyfill	1.70.2	registry	true	false	false
package				itertools	0.14.0	registry	true	false	false
package				itoa	1.0.17	registry	true	true	false
package				ittapi	0.4.0	registry	true	false	false
package				ittapi-sys	0.4.0	registry	true	false	false
package				jobserver	0.1.34	registry	true	false	false
package				json5	0.4.1	registry	true	false	false
package				keccak	0.1.6	registry	true	false	false
package				keyed-set	1.1.0	registry	true	true	false
package				landlock	0.4.4	registry	true	false	false
package				lazy_static	1.5.0	registry	true	false	false
package				leb128	0.2.5	registry	false	true	false
package				leb128fmt	0.1.0	registry	true	false	false
package				libc	0.2.186	registry	true	true	false
package				libloading	0.8.9	registry	true	false	false
package				libm	0.2.16	registry	true	false	false
package				libsqlite3-sys	0.36.0	registry	true	false	false
package				linux-raw-sys	0.12.1	registry	true	false	false
package				litemap	0.8.1	registry	true	false	false
package				lock_api	0.4.14	registry	true	false	false
package				log	0.4.29	registry	true	true	false
package				lru-slab	0.1.2	registry	true	false	false
package				lz4_flex	0.11.6	registry	true	false	false
package				matchers	0.2.0	registry	true	false	false
package				maybe-owned	0.3.4	registry	true	false	false
package				memchr	2.8.0	registry	true	true	false
package				memfd	0.6.5	registry	true	false	false
package				memoffset	0.9.1	registry	true	false	false
package				minimal-lexical	0.2.1	registry	true	false	false
package				miniz_oxide	0.8.9	registry	true	false	false
package				mio	1.2.1	registry	true	false	false
package				nanorand	0.7.0	registry	true	false	false
package				nix	0.29.0	registry	true	false	false
package				nix	0.30.1	registry	true	false	false
package				nkeys	0.4.5	registry	true	false	false
package				no-std-net	0.6.0	registry	true	false	false
package				nom	7.1.3	registry	true	false	false
package				nonempty-collections	0.3.1	registry	true	false	false
package				nonmax	0.5.5	registry	true	false	false
package				nu-ansi-term	0.50.3	registry	true	false	false
package				nuid	0.5.0	registry	true	false	false
package				num-bigint	0.4.6	registry	true	false	false
package				num-bigint-dig	0.8.6	registry	true	false	false
package				num-conv	0.2.0	registry	true	true	false
package				num-integer	0.1.46	registry	true	false	false
package				num-iter	0.1.45	registry	true	false	false
package				num-traits	0.2.19	registry	true	false	false
package				num_cpus	1.17.0	registry	true	false	false
package				num_enum	0.7.5	registry	true	false	false
package				num_enum_derive	0.7.5	registry	false	true	false
package				object	0.38.1	registry	true	false	false
package				object	0.39.1	registry	true	true	false
package				oid-registry	0.8.1	registry	true	false	false
package				once_cell	1.21.3	registry	true	true	false
package				openssl-probe	0.2.1	registry	true	false	false
package				option-ext	0.2.0	registry	true	false	false
package				page_size	0.6.0	registry	true	false	false
package				parking	2.2.1	registry	true	false	false
package				parking_lot	0.12.5	registry	true	false	false
package				parking_lot_core	0.9.12	registry	true	false	false
package				paste	1.0.15	registry	false	true	false
package				pem	3.0.6	registry	true	false	false
package				pem-rfc7468	0.7.0	registry	true	false	false
package				percent-encoding	2.3.2	registry	true	false	false
package				pest	2.8.6	registry	true	true	false
package				pest_derive	2.8.6	registry	false	true	false
package				pest_generator	2.8.6	registry	false	true	false
package				pest_meta	2.8.6	registry	false	true	false
package				petgraph	0.6.5	registry	true	false	false
package				petgraph	0.8.3	registry	true	false	false
package				phf	0.13.1	registry	true	false	false
package				phf_generator	0.13.1	registry	false	true	false
package				phf_macros	0.13.1	registry	false	true	false
package				phf_shared	0.13.1	registry	true	true	false
package				pin-project	1.1.10	registry	true	false	false
package				pin-project-internal	1.1.10	registry	false	true	false
package				pin-project-lite	0.2.16	registry	true	false	false
package				pin-utils	0.1.0	registry	true	false	false
package				pkcs1	0.7.5	registry	true	false	false
package				pkcs8	0.10.2	registry	true	false	false
package				pkg-config	0.3.32	registry	true	false	false
package				pnet_base	0.35.0	registry	true	false	false
package				pnet_datalink	0.35.0	registry	true	false	false
package				pnet_sys	0.35.0	registry	true	false	false
package				portable-atomic	1.13.1	registry	true	true	false
package				postcard	1.1.3	registry	true	true	false
package				potential_utf	0.1.4	registry	true	false	false
package				powerfmt	0.2.0	registry	true	false	false
package				ppv-lite86	0.2.21	registry	true	true	false
package				proc-macro-crate	2.0.2	registry	false	true	false
package				proc-macro2	1.0.106	registry	false	true	false
package				pulley-interpreter	45.0.3	registry	true	false	false
package				pulley-macros	45.0.3	registry	false	true	false
package				quinn	0.11.9	registry	true	false	false
package				quinn-proto	0.11.15	registry	true	false	false
package				quinn-udp	0.5.14	registry	true	false	false
package				quote	1.0.44	registry	false	true	false
package				rand	0.10.1	registry	true	false	false
package				rand	0.8.6	registry	true	true	false
package				rand	0.9.4	registry	true	false	false
package				rand_chacha	0.3.1	registry	true	true	false
package				rand_chacha	0.9.0	registry	true	false	false
package				rand_core	0.10.1	registry	true	false	false
package				rand_core	0.6.4	registry	true	true	false
package				rand_core	0.9.5	registry	true	false	false
package				rayon	1.11.0	registry	true	false	false
package				rayon-core	1.13.0	registry	true	false	false
package				rcgen	0.13.2	registry	true	false	false
package				redb	3.1.1	registry	true	false	false
package				ref-cast	1.0.25	registry	true	true	false
package				ref-cast-impl	1.0.25	registry	false	true	false
package				regalloc2	0.15.1	registry	true	false	false
package				regex	1.12.3	registry	true	false	false
package				regex-automata	0.4.14	registry	true	false	false
package				regex-syntax	0.8.10	registry	true	false	false
package				reqwest	0.12.28	registry	true	false	false
package				ring	0.17.14	registry	true	false	false
package				ringbuffer-spsc	0.1.15	registry	true	false	false
package				ron	0.12.0	registry	true	false	false
package				rsa	0.9.10	registry	true	false	false
package				rusqlite	0.38.0	registry	true	false	false
package				rustc-demangle	0.1.27	registry	true	false	false
package				rustc-hash	2.1.1	registry	true	false	false
package				rustc_version	0.4.1	registry	true	true	false
package				rusticata-macros	4.1.0	registry	true	false	false
package				rustix	1.1.4	registry	true	false	false
package				rustix-linux-procfs	0.1.1	registry	true	false	false
package				rustls	0.23.37	registry	true	false	false
package				rustls-native-certs	0.8.3	registry	true	false	false
package				rustls-pemfile	2.2.0	registry	true	false	false
package				rustls-pki-types	1.14.0	registry	true	false	false
package				rustls-platform-verifier	0.6.2	registry	true	false	false
package				rustls-webpki	0.103.13	registry	true	false	false
package				rustversion	1.0.22	registry	false	true	false
package				ryu	1.0.23	registry	true	false	false
package				schemars	1.2.1	registry	true	true	false
package				schemars_derive	1.2.1	registry	false	true	false
package				scopeguard	1.2.0	registry	true	false	false
package				secrecy	0.8.0	registry	true	false	false
package				semver	1.0.27	registry	true	true	false
package				sentinel-bio	0.1.0	workspace	true	false	false
package				sentinel-cluster-control	0.1.0	workspace	true	false	false
package				sentinel-common	0.1.0	workspace	true	false	false
package				sentinel-daemon	0.1.0	workspace	true	false	true
package				sentinel-ebpf	0.1.0	workspace	true	false	false
package				sentinel-ecs	0.1.0	workspace	true	false	false
package				sentinel-fs	0.1.0	workspace	true	false	false
package				sentinel-hippocampus	0.1.0	workspace	true	false	false
package				sentinel-limbo	0.1.0	workspace	true	false	false
package				sentinel-physics	0.1.0	workspace	true	false	false
package				sentinel-projection	0.1.0	workspace	true	false	false
package				sentinel-redb	0.1.0	workspace	true	false	false
package				sentinel-runtime	0.1.0	workspace	true	false	false
package				sentinel-sandbox	0.1.0	workspace	true	false	false
package				sentinel-telemetry	0.1.0	workspace	true	false	false
package				sentinel-wasm	0.1.0	workspace	true	false	false
package				sentinel-zenoh	0.1.0	workspace	true	false	false
package				serde	1.0.228	registry	true	true	false
package				serde_core	1.0.228	registry	true	true	false
package				serde_derive	1.0.228	registry	false	true	false
package				serde_derive_internals	0.29.1	registry	false	true	false
package				serde_json	1.0.149	registry	true	true	false
package				serde_nanos	0.1.4	registry	true	false	false
package				serde_repr	0.1.20	registry	false	true	false
package				serde_spanned	1.0.4	registry	true	false	false
package				serde_urlencoded	0.7.1	registry	true	false	false
package				serde_with	3.17.0	registry	true	false	false
package				serde_with_macros	3.17.0	registry	false	true	false
package				serde_yaml	0.9.34+deprecated	registry	true	false	false
package				sha1	0.10.6	registry	true	false	false
package				sha2	0.10.9	registry	true	true	false
package				sha2-const-stable	0.1.0	registry	true	false	false
package				sha3	0.10.8	registry	true	false	false
package				sharded-slab	0.1.7	registry	true	false	false
package				shellexpand	3.1.2	registry	true	false	false
package				shlex	1.3.0	registry	true	false	false
package				signal-hook-registry	1.4.8	registry	true	false	false
package				signatory	0.27.1	registry	true	false	false
package				signature	2.2.0	registry	true	false	false
package				simd-adler32	0.3.8	registry	true	false	false
package				siphasher	1.0.2	registry	true	true	false
package				slab	0.4.12	registry	true	false	false
package				slotmap	1.1.1	registry	true	false	false
package				smallvec	1.15.1	registry	true	true	false
package				socket2	0.5.10	registry	true	false	false
package				socket2	0.6.4	registry	true	false	false
package				spin	0.10.1	registry	true	false	false
package				spin	0.9.9	registry	true	false	false
package				spki	0.7.3	registry	true	false	false
package				stabby	72.1.4	registry	true	false	false
package				stabby-abi	72.1.4	registry	true	false	false
package				stabby-macros	72.1.4	registry	false	true	false
package				stable_deref_trait	1.2.1	registry	true	false	false
package				strsim	0.11.1	registry	true	true	false
package				subtle	2.6.1	registry	true	false	false
package				syn	2.0.117	registry	false	true	false
package				sync_wrapper	1.0.2	registry	true	false	false
package				synstructure	0.13.2	registry	false	true	false
package				target-lexicon	0.13.5	registry	true	true	false
package				tempfile	3.27.0	registry	true	false	false
package				termcolor	1.4.1	registry	true	false	false
package				thiserror	1.0.69	registry	true	true	false
package				thiserror	2.0.18	registry	true	true	false
package				thiserror-impl	1.0.69	registry	false	true	false
package				thiserror-impl	2.0.18	registry	false	true	false
package				thread_local	1.1.9	registry	true	false	false
package				time	0.3.47	registry	true	false	false
package				time-core	0.1.8	registry	true	true	false
package				time-macros	0.2.27	registry	false	true	false
package				tinystr	0.8.2	registry	true	false	false
package				tinyvec	1.10.0	registry	true	false	false
package				tinyvec_macros	0.1.1	registry	true	false	false
package				tls-listener	0.11.2	registry	true	false	false
package				token-cell	2.1.1	registry	true	true	false
package				tokio	1.52.3	registry	true	false	false
package				tokio-macros	2.7.0	registry	false	true	false
package				tokio-rustls	0.26.4	registry	true	false	false
package				tokio-stream	0.1.18	registry	true	false	false
package				tokio-tungstenite	0.24.0	registry	true	false	false
package				tokio-util	0.7.18	registry	true	false	false
package				tokio-websockets	0.10.1	registry	true	false	false
package				toml	0.9.12+spec-1.1.0	registry	true	false	false
package				toml	1.0.6+spec-1.1.0	registry	true	false	false
package				toml_datetime	0.6.3	registry	false	true	false
package				toml_datetime	0.7.5+spec-1.1.0	registry	true	true	false
package				toml_datetime	1.0.0+spec-1.1.0	registry	true	false	false
package				toml_edit	0.20.2	registry	false	true	false
package				toml_edit	0.23.10+spec-1.0.0	registry	false	true	false
package				toml_parser	1.0.9+spec-1.1.0	registry	true	true	false
package				toml_writer	1.0.6+spec-1.1.0	registry	true	false	false
package				tower	0.5.3	registry	true	false	false
package				tower-http	0.6.8	registry	true	false	false
package				tower-layer	0.3.3	registry	true	false	false
package				tower-service	0.3.3	registry	true	false	false
package				tracing	0.1.44	registry	true	false	false
package				tracing-attributes	0.1.31	registry	false	true	false
package				tracing-core	0.1.36	registry	true	false	false
package				tracing-log	0.2.0	registry	true	false	false
package				tracing-serde	0.2.0	registry	true	false	false
package				tracing-subscriber	0.3.22	registry	true	false	false
package				try-lock	0.2.5	registry	true	false	false
package				tryhard	0.5.2	registry	true	false	false
package				tungstenite	0.24.0	registry	true	false	false
package				twox-hash	2.1.2	registry	true	false	false
package				typeid	1.0.3	registry	true	false	false
package				typenum	1.19.0	registry	true	true	false
package				ucd-trie	0.1.7	registry	true	true	false
package				uhlc	0.8.2	registry	true	false	false
package				unicode-ident	1.0.24	registry	true	true	false
package				unicode-segmentation	1.12.0	registry	false	true	false
package				unicode-width	0.2.2	registry	true	false	false
package				unicode-xid	0.2.6	registry	false	true	false
package				unsafe-libyaml	0.2.11	registry	true	false	false
package				untrusted	0.9.0	registry	true	false	false
package				unty	0.0.4	registry	true	false	false
package				unzip-n	0.1.4	registry	false	true	false
package				url	2.5.8	registry	true	false	false
package				utf-8	0.7.6	registry	true	false	false
package				utf8_iter	1.0.4	registry	true	false	false
package				utf8parse	0.2.2	registry	true	false	false
package				uuid	1.22.0	registry	true	false	false
package				validated_struct	2.2.0	registry	true	false	false
package				validated_struct_macros	2.2.0	registry	false	true	false
package				variadics_please	1.1.0	registry	false	true	false
package				vcpkg	0.2.15	registry	true	false	false
package				vec_map	0.8.2	registry	true	false	false
package				version_check	0.9.5	registry	true	true	false
package				virtue	0.0.18	registry	false	true	false
package				want	0.3.1	registry	true	false	false
package				wasm-compose	0.248.0	registry	true	false	false
package				wasm-encoder	0.248.0	registry	true	false	false
package				wasm-encoder	0.250.0	registry	true	false	false
package				wasmparser	0.248.0	registry	true	true	false
package				wasmprinter	0.248.0	registry	true	false	false
package				wasmtime	45.0.3	registry	true	false	false
package				wasmtime-environ	45.0.3	registry	true	true	false
package				wasmtime-internal-cache	45.0.3	registry	true	false	false
package				wasmtime-internal-component-macro	45.0.3	registry	false	true	false
package				wasmtime-internal-component-util	45.0.3	registry	true	true	false
package				wasmtime-internal-core	45.0.3	registry	true	true	false
package				wasmtime-internal-cranelift	45.0.3	registry	true	false	false
package				wasmtime-internal-fiber	45.0.3	registry	true	false	false
package				wasmtime-internal-jit-debug	45.0.3	registry	true	false	false
package				wasmtime-internal-jit-icache-coherence	45.0.3	registry	true	false	false
package				wasmtime-internal-unwinder	45.0.3	registry	true	false	false
package				wasmtime-internal-versioned-export-macros	45.0.3	registry	false	true	false
package				wasmtime-internal-wit-bindgen	45.0.3	registry	false	true	false
package				wasmtime-wasi	45.0.3	registry	true	false	false
package				wasmtime-wasi-io	45.0.3	registry	true	false	false
package				wast	250.0.0	registry	true	false	false
package				wast	35.0.2	registry	false	true	false
package				wat	1.250.0	registry	true	false	false
package				webpki-roots	0.26.11	registry	true	false	false
package				webpki-roots	1.0.6	registry	true	false	false
package				wiggle	45.0.3	registry	true	false	false
package				wiggle-generate	45.0.3	registry	false	true	false
package				wiggle-macro	45.0.3	registry	false	true	false
package				winnow	0.5.40	registry	false	true	false
package				winnow	0.7.14	registry	true	true	false
package				wit-parser	0.248.0	registry	false	true	false
package				witx	0.9.1	registry	false	true	false
package				writeable	0.6.2	registry	true	false	false
package				x509-parser	0.18.1	registry	true	false	false
package				yasna	0.5.2	registry	true	false	false
package				yoke	0.8.1	registry	true	false	false
package				yoke-derive	0.8.1	registry	false	true	false
package				zenoh	1.7.2	registry	true	false	false
package				zenoh-buffers	1.7.2	registry	true	false	false
package				zenoh-codec	1.7.2	registry	true	false	false
package				zenoh-collections	1.7.2	registry	true	false	false
package				zenoh-config	1.7.2	registry	true	false	false
package				zenoh-core	1.7.2	registry	true	false	false
package				zenoh-crypto	1.7.2	registry	true	false	false
package				zenoh-keyexpr	1.7.2	registry	true	true	false
package				zenoh-link	1.7.2	registry	true	false	false
package				zenoh-link-commons	1.7.2	registry	true	false	false
package				zenoh-link-quic	1.7.2	registry	true	false	false
package				zenoh-link-quic_datagram	1.7.2	registry	true	false	false
package				zenoh-link-tcp	1.7.2	registry	true	false	false
package				zenoh-link-tls	1.7.2	registry	true	false	false
package				zenoh-link-udp	1.7.2	registry	true	false	false
package				zenoh-link-unixsock_stream	1.7.2	registry	true	false	false
package				zenoh-link-ws	1.7.2	registry	true	false	false
package				zenoh-macros	1.7.2	registry	false	true	false
package				zenoh-plugin-trait	1.7.2	registry	true	false	false
package				zenoh-protocol	1.7.2	registry	true	false	false
package				zenoh-result	1.7.2	registry	true	true	false
package				zenoh-runtime	1.7.2	registry	true	false	false
package				zenoh-sync	1.7.2	registry	true	false	false
package				zenoh-task	1.7.2	registry	true	false	false
package				zenoh-transport	1.7.2	registry	true	false	false
package				zenoh-util	1.7.2	registry	true	false	false
package				zerocopy	0.8.40	registry	true	true	false
package				zerocopy-derive	0.8.40	registry	false	true	false
package				zerofrom	0.1.6	registry	true	false	false
package				zerofrom-derive	0.1.6	registry	false	true	false
package				zeroize	1.8.2	registry	true	false	false
package				zerotrie	0.2.3	registry	true	false	false
package				zerovec	0.11.5	registry	true	false	false
package				zerovec-derive	0.11.2	registry	false	true	false
package				zmij	1.0.21	registry	true	true	false
package				zstd	0.13.3	registry	true	false	false
package				zstd-safe	7.2.4	registry	true	false	false
package				zstd-sys	2.0.16+zstd.1.5.7	registry	true	false	false
edge	addr2line	0.26.0	registry	gimli	0.33.0	registry	false	false	false
edge	aes	0.8.4	registry	cfg-if	1.0.4	registry	false	false	false
edge	aes	0.8.4	registry	cipher	0.4.4	registry	false	false	false
edge	aes	0.8.4	registry	cpufeatures	0.2.17	registry	false	false	false
edge	ahash	0.8.12	registry	cfg-if	1.0.4	registry	false	false	false
edge	ahash	0.8.12	registry	getrandom	0.3.4	registry	false	false	false
edge	ahash	0.8.12	registry	once_cell	1.21.3	registry	false	false	false
edge	ahash	0.8.12	registry	version_check	0.9.5	registry	false	false	false
edge	ahash	0.8.12	registry	zerocopy	0.8.40	registry	false	false	false
edge	aho-corasick	1.1.4	registry	memchr	2.8.0	registry	false	false	false
edge	anstream	0.6.21	registry	anstyle	1.0.13	registry	false	false	false
edge	anstream	0.6.21	registry	anstyle-parse	0.2.7	registry	false	false	false
edge	anstream	0.6.21	registry	anstyle-query	1.1.5	registry	false	false	false
edge	anstream	0.6.21	registry	colorchoice	1.0.4	registry	false	false	false
edge	anstream	0.6.21	registry	is_terminal_polyfill	1.70.2	registry	false	false	false
edge	anstream	0.6.21	registry	utf8parse	0.2.2	registry	false	false	false
edge	anstyle-parse	0.2.7	registry	utf8parse	0.2.2	registry	false	false	false
edge	arc-swap	1.8.2	registry	rustversion	1.0.22	registry	false	false	false
edge	asn1-rs	0.7.1	registry	asn1-rs-derive	0.6.0	registry	false	false	false
edge	asn1-rs	0.7.1	registry	asn1-rs-impl	0.2.0	registry	false	false	false
edge	asn1-rs	0.7.1	registry	displaydoc	0.2.5	registry	false	false	false
edge	asn1-rs	0.7.1	registry	nom	7.1.3	registry	false	false	false
edge	asn1-rs	0.7.1	registry	num-traits	0.2.19	registry	false	false	false
edge	asn1-rs	0.7.1	registry	rusticata-macros	4.1.0	registry	false	false	false
edge	asn1-rs	0.7.1	registry	thiserror	2.0.18	registry	false	false	false
edge	asn1-rs	0.7.1	registry	time	0.3.47	registry	false	false	false
edge	asn1-rs-derive	0.6.0	registry	proc-macro2	1.0.106	registry	false	false	false
edge	asn1-rs-derive	0.6.0	registry	quote	1.0.44	registry	false	false	false
edge	asn1-rs-derive	0.6.0	registry	syn	2.0.117	registry	false	false	false
edge	asn1-rs-derive	0.6.0	registry	synstructure	0.13.2	registry	false	false	false
edge	asn1-rs-impl	0.2.0	registry	proc-macro2	1.0.106	registry	false	false	false
edge	asn1-rs-impl	0.2.0	registry	quote	1.0.44	registry	false	false	false
edge	asn1-rs-impl	0.2.0	registry	syn	2.0.117	registry	false	false	false
edge	assert_type_match	0.1.1	registry	proc-macro2	1.0.106	registry	false	false	false
edge	assert_type_match	0.1.1	registry	quote	1.0.44	registry	false	false	false
edge	assert_type_match	0.1.1	registry	syn	2.0.117	registry	false	false	false
edge	async-executor	1.14.0	registry	async-task	4.7.1	registry	false	false	false
edge	async-executor	1.14.0	registry	concurrent-queue	2.5.0	registry	false	false	false
edge	async-executor	1.14.0	registry	fastrand	2.3.0	registry	false	false	false
edge	async-executor	1.14.0	registry	futures-lite	2.6.1	registry	false	false	false
edge	async-executor	1.14.0	registry	pin-project-lite	0.2.16	registry	false	false	false
edge	async-executor	1.14.0	registry	slab	0.4.12	registry	false	false	false
edge	async-nats	0.47.0	registry	base64	0.22.1	registry	false	false	false
edge	async-nats	0.47.0	registry	bytes	1.11.1	registry	false	false	false
edge	async-nats	0.47.0	registry	futures-util	0.3.32	registry	false	false	false
edge	async-nats	0.47.0	registry	memchr	2.8.0	registry	false	false	false
edge	async-nats	0.47.0	registry	nkeys	0.4.5	registry	false	false	false
edge	async-nats	0.47.0	registry	nuid	0.5.0	registry	false	false	false
edge	async-nats	0.47.0	registry	pin-project	1.1.10	registry	false	false	false
edge	async-nats	0.47.0	registry	portable-atomic	1.13.1	registry	false	false	false
edge	async-nats	0.47.0	registry	rand	0.8.6	registry	false	false	false
edge	async-nats	0.47.0	registry	regex	1.12.3	registry	false	false	false
edge	async-nats	0.47.0	registry	ring	0.17.14	registry	false	false	false
edge	async-nats	0.47.0	registry	rustls-native-certs	0.8.3	registry	false	false	false
edge	async-nats	0.47.0	registry	rustls-pki-types	1.14.0	registry	false	false	false
edge	async-nats	0.47.0	registry	rustls-webpki	0.103.13	registry	false	false	false
edge	async-nats	0.47.0	registry	serde	1.0.228	registry	false	false	false
edge	async-nats	0.47.0	registry	serde_json	1.0.149	registry	false	false	false
edge	async-nats	0.47.0	registry	serde_nanos	0.1.4	registry	false	false	false
edge	async-nats	0.47.0	registry	serde_repr	0.1.20	registry	false	false	false
edge	async-nats	0.47.0	registry	thiserror	1.0.69	registry	false	false	false
edge	async-nats	0.47.0	registry	time	0.3.47	registry	false	false	false
edge	async-nats	0.47.0	registry	tokio	1.52.3	registry	false	false	false
edge	async-nats	0.47.0	registry	tokio-rustls	0.26.4	registry	false	false	false
edge	async-nats	0.47.0	registry	tokio-stream	0.1.18	registry	false	false	false
edge	async-nats	0.47.0	registry	tokio-util	0.7.18	registry	false	false	false
edge	async-nats	0.47.0	registry	tokio-websockets	0.10.1	registry	false	false	false
edge	async-nats	0.47.0	registry	tracing	0.1.44	registry	false	false	false
edge	async-nats	0.47.0	registry	tryhard	0.5.2	registry	false	false	false
edge	async-nats	0.47.0	registry	url	2.5.8	registry	false	false	false
edge	async-trait	0.1.89	registry	proc-macro2	1.0.106	registry	false	false	false
edge	async-trait	0.1.89	registry	quote	1.0.44	registry	false	false	false
edge	async-trait	0.1.89	registry	syn	2.0.117	registry	false	false	false
edge	aya	0.13.2	git	assert_matches	1.5.0	registry	false	false	false
edge	aya	0.13.2	git	aya-obj	0.2.2	git	false	false	false
edge	aya	0.13.2	git	bitflags	2.11.0	registry	false	false	false
edge	aya	0.13.2	git	bytes	1.11.1	registry	false	false	false
edge	aya	0.13.2	git	hashbrown	0.16.1	registry	false	false	false
edge	aya	0.13.2	git	libc	0.2.186	registry	false	false	false
edge	aya	0.13.2	git	log	0.4.29	registry	false	false	false
edge	aya	0.13.2	git	object	0.38.1	registry	false	false	false
edge	aya	0.13.2	git	once_cell	1.21.3	registry	false	false	false
edge	aya	0.13.2	git	thiserror	2.0.18	registry	false	false	false
edge	aya-log	0.2.2	git	aya	0.13.2	git	false	false	false
edge	aya-log	0.2.2	git	aya-log-common	0.1.16	git	false	false	false
edge	aya-log	0.2.2	git	log	0.4.29	registry	false	false	false
edge	aya-log	0.2.2	git	thiserror	2.0.18	registry	false	false	false
edge	aya-log-common	0.1.16	git	num_enum	0.7.5	registry	false	false	false
edge	aya-obj	0.2.2	git	bytes	1.11.1	registry	false	false	false
edge	aya-obj	0.2.2	git	hashbrown	0.16.1	registry	false	false	false
edge	aya-obj	0.2.2	git	log	0.4.29	registry	false	false	false
edge	aya-obj	0.2.2	git	object	0.38.1	registry	false	false	false
edge	aya-obj	0.2.2	git	thiserror	2.0.18	registry	false	false	false
edge	bevy_ecs	0.18.1	registry	bevy_ecs_macros	0.18.0	registry	false	false	false
edge	bevy_ecs	0.18.1	registry	bevy_platform	0.18.0	registry	false	false	false
edge	bevy_ecs	0.18.1	registry	bevy_ptr	0.18.0	registry	false	false	false
edge	bevy_ecs	0.18.1	registry	bevy_reflect	0.18.0	registry	false	false	false
edge	bevy_ecs	0.18.1	registry	bevy_tasks	0.18.0	registry	false	false	false
edge	bevy_ecs	0.18.1	registry	bevy_utils	0.18.0	registry	false	false	false
edge	bevy_ecs	0.18.1	registry	bitflags	2.11.0	registry	false	false	false
edge	bevy_ecs	0.18.1	registry	bumpalo	3.20.2	registry	false	false	false
edge	bevy_ecs	0.18.1	registry	concurrent-queue	2.5.0	registry	false	false	false
edge	bevy_ecs	0.18.1	registry	derive_more	2.1.1	registry	false	false	false
edge	bevy_ecs	0.18.1	registry	fixedbitset	0.5.7	registry	false	false	false
edge	bevy_ecs	0.18.1	registry	indexmap	2.14.0	registry	false	false	false
edge	bevy_ecs	0.18.1	registry	log	0.4.29	registry	false	false	false
edge	bevy_ecs	0.18.1	registry	nonmax	0.5.5	registry	false	false	false
edge	bevy_ecs	0.18.1	registry	slotmap	1.1.1	registry	false	false	false
edge	bevy_ecs	0.18.1	registry	smallvec	1.15.1	registry	false	false	false
edge	bevy_ecs	0.18.1	registry	thiserror	2.0.18	registry	false	false	false
edge	bevy_ecs	0.18.1	registry	variadics_please	1.1.0	registry	false	false	false
edge	bevy_ecs_macros	0.18.0	registry	bevy_macro_utils	0.18.0	registry	false	false	false
edge	bevy_ecs_macros	0.18.0	registry	proc-macro2	1.0.106	registry	false	false	false
edge	bevy_ecs_macros	0.18.0	registry	quote	1.0.44	registry	false	false	false
edge	bevy_ecs_macros	0.18.0	registry	syn	2.0.117	registry	false	false	false
edge	bevy_macro_utils	0.18.0	registry	proc-macro2	1.0.106	registry	false	false	false
edge	bevy_macro_utils	0.18.0	registry	quote	1.0.44	registry	false	false	false
edge	bevy_macro_utils	0.18.0	registry	syn	2.0.117	registry	false	false	false
edge	bevy_macro_utils	0.18.0	registry	toml_edit	0.23.10+spec-1.0.0	registry	false	false	false
edge	bevy_platform	0.18.0	registry	foldhash	0.2.0	registry	false	false	false
edge	bevy_platform	0.18.0	registry	hashbrown	0.16.1	registry	false	false	false
edge	bevy_platform	0.18.0	registry	serde	1.0.228	registry	false	false	false
edge	bevy_platform	0.18.0	registry	spin	0.10.1	registry	false	false	false
edge	bevy_reflect	0.18.0	registry	assert_type_match	0.1.1	registry	false	false	false
edge	bevy_reflect	0.18.0	registry	bevy_platform	0.18.0	registry	false	false	false
edge	bevy_reflect	0.18.0	registry	bevy_ptr	0.18.0	registry	false	false	false
edge	bevy_reflect	0.18.0	registry	bevy_reflect_derive	0.18.0	registry	false	false	false
edge	bevy_reflect	0.18.0	registry	bevy_utils	0.18.0	registry	false	false	false
edge	bevy_reflect	0.18.0	registry	derive_more	2.1.1	registry	false	false	false
edge	bevy_reflect	0.18.0	registry	disqualified	1.0.0	registry	false	false	false
edge	bevy_reflect	0.18.0	registry	downcast-rs	2.0.2	registry	false	false	false
edge	bevy_reflect	0.18.0	registry	erased-serde	0.4.9	registry	false	false	false
edge	bevy_reflect	0.18.0	registry	foldhash	0.2.0	registry	false	false	false
edge	bevy_reflect	0.18.0	registry	indexmap	2.14.0	registry	false	false	false
edge	bevy_reflect	0.18.0	registry	serde	1.0.228	registry	false	false	false
edge	bevy_reflect	0.18.0	registry	smallvec	1.15.1	registry	false	false	false
edge	bevy_reflect	0.18.0	registry	thiserror	2.0.18	registry	false	false	false
edge	bevy_reflect	0.18.0	registry	variadics_please	1.1.0	registry	false	false	false
edge	bevy_reflect_derive	0.18.0	registry	bevy_macro_utils	0.18.0	registry	false	false	false
edge	bevy_reflect_derive	0.18.0	registry	indexmap	2.14.0	registry	false	false	false
edge	bevy_reflect_derive	0.18.0	registry	proc-macro2	1.0.106	registry	false	false	false
edge	bevy_reflect_derive	0.18.0	registry	quote	1.0.44	registry	false	false	false
edge	bevy_reflect_derive	0.18.0	registry	syn	2.0.117	registry	false	false	false
edge	bevy_tasks	0.18.0	registry	async-executor	1.14.0	registry	false	false	false
edge	bevy_tasks	0.18.0	registry	async-task	4.7.1	registry	false	false	false
edge	bevy_tasks	0.18.0	registry	atomic-waker	1.1.2	registry	false	false	false
edge	bevy_tasks	0.18.0	registry	bevy_platform	0.18.0	registry	false	false	false
edge	bevy_tasks	0.18.0	registry	crossbeam-queue	0.3.12	registry	false	false	false
edge	bevy_tasks	0.18.0	registry	derive_more	2.1.1	registry	false	false	false
edge	bevy_tasks	0.18.0	registry	futures-lite	2.6.1	registry	false	false	false
edge	bevy_utils	0.18.0	registry	bevy_platform	0.18.0	registry	false	false	false
edge	bevy_utils	0.18.0	registry	disqualified	1.0.0	registry	false	false	false
edge	bevy_utils	0.18.0	registry	thread_local	1.1.9	registry	false	false	false
edge	bincode	2.0.1	registry	bincode_derive	2.0.1	registry	false	false	false
edge	bincode	2.0.1	registry	serde	1.0.228	registry	false	false	false
edge	bincode	2.0.1	registry	unty	0.0.4	registry	false	false	false
edge	bincode_derive	2.0.1	registry	virtue	0.0.18	registry	false	false	false
edge	bitflags	2.11.0	registry	serde_core	1.0.228	registry	false	false	false
edge	blake3	1.8.3	registry	arrayref	0.3.9	registry	false	false	false
edge	blake3	1.8.3	registry	arrayvec	0.7.6	registry	false	false	false
edge	blake3	1.8.3	registry	cc	1.2.56	registry	false	false	false
edge	blake3	1.8.3	registry	cfg-if	1.0.4	registry	false	false	false
edge	blake3	1.8.3	registry	constant_time_eq	0.4.2	registry	false	false	false
edge	blake3	1.8.3	registry	cpufeatures	0.2.17	registry	false	false	false
edge	block-buffer	0.10.4	registry	generic-array	0.14.7	registry	false	false	false
edge	bumpalo	3.20.2	registry	allocator-api2	0.2.21	registry	false	false	false
edge	bytes	1.11.1	registry	serde	1.0.228	registry	false	false	false
edge	cap-fs-ext	3.4.5	registry	cap-primitives	3.4.5	registry	false	false	false
edge	cap-fs-ext	3.4.5	registry	cap-std	3.4.5	registry	false	false	false
edge	cap-fs-ext	3.4.5	registry	io-lifetimes	2.0.4	registry	false	false	false
edge	cap-net-ext	3.4.5	registry	cap-primitives	3.4.5	registry	false	false	false
edge	cap-net-ext	3.4.5	registry	cap-std	3.4.5	registry	false	false	false
edge	cap-net-ext	3.4.5	registry	rustix	1.1.4	registry	false	false	false
edge	cap-net-ext	3.4.5	registry	smallvec	1.15.1	registry	false	false	false
edge	cap-primitives	3.4.5	registry	ambient-authority	0.0.2	registry	false	false	false
edge	cap-primitives	3.4.5	registry	fs-set-times	0.20.3	registry	false	false	false
edge	cap-primitives	3.4.5	registry	io-extras	0.18.4	registry	false	false	false
edge	cap-primitives	3.4.5	registry	io-lifetimes	2.0.4	registry	false	false	false
edge	cap-primitives	3.4.5	registry	ipnet	2.11.0	registry	false	false	false
edge	cap-primitives	3.4.5	registry	maybe-owned	0.3.4	registry	false	false	false
edge	cap-primitives	3.4.5	registry	rustix	1.1.4	registry	false	false	false
edge	cap-primitives	3.4.5	registry	rustix-linux-procfs	0.1.1	registry	false	false	false
edge	cap-std	3.4.5	registry	cap-primitives	3.4.5	registry	false	false	false
edge	cap-std	3.4.5	registry	io-extras	0.18.4	registry	false	false	false
edge	cap-std	3.4.5	registry	io-lifetimes	2.0.4	registry	false	false	false
edge	cap-std	3.4.5	registry	rustix	1.1.4	registry	false	false	false
edge	cap-time-ext	3.4.5	registry	ambient-authority	0.0.2	registry	false	false	false
edge	cap-time-ext	3.4.5	registry	cap-primitives	3.4.5	registry	false	false	false
edge	cap-time-ext	3.4.5	registry	iana-time-zone	0.1.65	registry	false	false	false
edge	cap-time-ext	3.4.5	registry	rustix	1.1.4	registry	false	false	false
edge	cc	1.2.56	registry	find-msvc-tools	0.1.9	registry	false	false	false
edge	cc	1.2.56	registry	jobserver	0.1.34	registry	false	false	false
edge	cc	1.2.56	registry	libc	0.2.186	registry	false	false	false
edge	cc	1.2.56	registry	shlex	1.3.0	registry	false	false	false
edge	chacha20	0.10.0	registry	cfg-if	1.0.4	registry	false	false	false
edge	chacha20	0.10.0	registry	cpufeatures	0.3.0	registry	false	false	false
edge	chacha20	0.10.0	registry	rand_core	0.10.1	registry	false	false	false
edge	chrono	0.4.44	registry	iana-time-zone	0.1.65	registry	false	false	false
edge	chrono	0.4.44	registry	num-traits	0.2.19	registry	false	false	false
edge	cipher	0.4.4	registry	crypto-common	0.1.7	registry	false	false	false
edge	cipher	0.4.4	registry	inout	0.1.4	registry	false	false	false
edge	clap	4.5.60	registry	clap_builder	4.5.60	registry	false	false	false
edge	clap	4.5.60	registry	clap_derive	4.5.55	registry	false	false	false
edge	clap_builder	4.5.60	registry	anstream	0.6.21	registry	false	false	false
edge	clap_builder	4.5.60	registry	anstyle	1.0.13	registry	false	false	false
edge	clap_builder	4.5.60	registry	clap_lex	1.0.0	registry	false	false	false
edge	clap_builder	4.5.60	registry	strsim	0.11.1	registry	false	false	false
edge	clap_derive	4.5.55	registry	heck	0.5.0	registry	false	false	false
edge	clap_derive	4.5.55	registry	proc-macro2	1.0.106	registry	false	false	false
edge	clap_derive	4.5.55	registry	quote	1.0.44	registry	false	false	false
edge	clap_derive	4.5.55	registry	syn	2.0.117	registry	false	false	false
edge	cobs	0.3.0	registry	thiserror	2.0.18	registry	false	false	false
edge	concurrent-queue	2.5.0	registry	crossbeam-utils	0.8.21	registry	false	false	false
edge	const_format	0.2.35	registry	const_format_proc_macros	0.2.34	registry	false	false	false
edge	const_format_proc_macros	0.2.34	registry	proc-macro2	1.0.106	registry	false	false	false
edge	const_format_proc_macros	0.2.34	registry	quote	1.0.44	registry	false	false	false
edge	const_format_proc_macros	0.2.34	registry	unicode-xid	0.2.6	registry	false	false	false
edge	convert_case	0.10.0	registry	unicode-segmentation	1.12.0	registry	false	false	false
edge	cpp_demangle	0.4.5	registry	cfg-if	1.0.4	registry	false	false	false
edge	cranelift-assembler-x64	0.132.3	registry	cranelift-assembler-x64-meta	0.132.3	registry	false	false	false
edge	cranelift-assembler-x64-meta	0.132.3	registry	cranelift-srcgen	0.132.3	registry	false	false	false
edge	cranelift-bforest	0.132.3	registry	cranelift-entity	0.132.3	registry	false	false	false
edge	cranelift-bforest	0.132.3	registry	wasmtime-internal-core	45.0.3	registry	false	false	false
edge	cranelift-bitset	0.132.3	registry	serde	1.0.228	registry	false	false	false
edge	cranelift-bitset	0.132.3	registry	serde_derive	1.0.228	registry	false	false	false
edge	cranelift-bitset	0.132.3	registry	wasmtime-internal-core	45.0.3	registry	false	false	false
edge	cranelift-codegen	0.132.3	registry	bumpalo	3.20.2	registry	false	false	false
edge	cranelift-codegen	0.132.3	registry	cranelift-assembler-x64	0.132.3	registry	false	false	false
edge	cranelift-codegen	0.132.3	registry	cranelift-bforest	0.132.3	registry	false	false	false
edge	cranelift-codegen	0.132.3	registry	cranelift-bitset	0.132.3	registry	false	false	false
edge	cranelift-codegen	0.132.3	registry	cranelift-codegen-meta	0.132.3	registry	false	false	false
edge	cranelift-codegen	0.132.3	registry	cranelift-codegen-shared	0.132.3	registry	false	false	false
edge	cranelift-codegen	0.132.3	registry	cranelift-control	0.132.3	registry	false	false	false
edge	cranelift-codegen	0.132.3	registry	cranelift-entity	0.132.3	registry	false	false	false
edge	cranelift-codegen	0.132.3	registry	cranelift-isle	0.132.3	registry	false	false	false
edge	cranelift-codegen	0.132.3	registry	gimli	0.33.0	registry	false	false	false
edge	cranelift-codegen	0.132.3	registry	hashbrown	0.17.1	registry	false	false	false
edge	cranelift-codegen	0.132.3	registry	libm	0.2.16	registry	false	false	false
edge	cranelift-codegen	0.132.3	registry	log	0.4.29	registry	false	false	false
edge	cranelift-codegen	0.132.3	registry	pulley-interpreter	45.0.3	registry	false	false	false
edge	cranelift-codegen	0.132.3	registry	regalloc2	0.15.1	registry	false	false	false
edge	cranelift-codegen	0.132.3	registry	rustc-hash	2.1.1	registry	false	false	false
edge	cranelift-codegen	0.132.3	registry	smallvec	1.15.1	registry	false	false	false
edge	cranelift-codegen	0.132.3	registry	target-lexicon	0.13.5	registry	false	false	false
edge	cranelift-codegen	0.132.3	registry	wasmtime-internal-core	45.0.3	registry	false	false	false
edge	cranelift-codegen-meta	0.132.3	registry	cranelift-assembler-x64-meta	0.132.3	registry	false	false	false
edge	cranelift-codegen-meta	0.132.3	registry	cranelift-codegen-shared	0.132.3	registry	false	false	false
edge	cranelift-codegen-meta	0.132.3	registry	cranelift-srcgen	0.132.3	registry	false	false	false
edge	cranelift-codegen-meta	0.132.3	registry	heck	0.5.0	registry	false	false	false
edge	cranelift-codegen-meta	0.132.3	registry	pulley-interpreter	45.0.3	registry	false	false	false
edge	cranelift-control	0.132.3	registry	arbitrary	1.4.2	registry	false	false	false
edge	cranelift-entity	0.132.3	registry	cranelift-bitset	0.132.3	registry	false	false	false
edge	cranelift-entity	0.132.3	registry	serde	1.0.228	registry	false	false	false
edge	cranelift-entity	0.132.3	registry	serde_derive	1.0.228	registry	false	false	false
edge	cranelift-entity	0.132.3	registry	wasmtime-internal-core	45.0.3	registry	false	false	false
edge	cranelift-frontend	0.132.3	registry	cranelift-codegen	0.132.3	registry	false	false	false
edge	cranelift-frontend	0.132.3	registry	log	0.4.29	registry	false	false	false
edge	cranelift-frontend	0.132.3	registry	smallvec	1.15.1	registry	false	false	false
edge	cranelift-frontend	0.132.3	registry	target-lexicon	0.13.5	registry	false	false	false
edge	cranelift-native	0.132.3	registry	cranelift-codegen	0.132.3	registry	false	false	false
edge	cranelift-native	0.132.3	registry	target-lexicon	0.13.5	registry	false	false	false
edge	crc32fast	1.5.0	registry	cfg-if	1.0.4	registry	false	false	false
edge	crossbeam	0.8.4	registry	crossbeam-channel	0.5.15	registry	false	false	false
edge	crossbeam	0.8.4	registry	crossbeam-deque	0.8.6	registry	false	false	false
edge	crossbeam	0.8.4	registry	crossbeam-epoch	0.9.20	registry	false	false	false
edge	crossbeam	0.8.4	registry	crossbeam-queue	0.3.12	registry	false	false	false
edge	crossbeam	0.8.4	registry	crossbeam-utils	0.8.21	registry	false	false	false
edge	crossbeam-channel	0.5.15	registry	crossbeam-utils	0.8.21	registry	false	false	false
edge	crossbeam-deque	0.8.6	registry	crossbeam-epoch	0.9.20	registry	false	false	false
edge	crossbeam-deque	0.8.6	registry	crossbeam-utils	0.8.21	registry	false	false	false
edge	crossbeam-epoch	0.9.20	registry	crossbeam-utils	0.8.21	registry	false	false	false
edge	crossbeam-queue	0.3.12	registry	crossbeam-utils	0.8.21	registry	false	false	false
edge	crypto-common	0.1.7	registry	generic-array	0.14.7	registry	false	false	false
edge	crypto-common	0.1.7	registry	typenum	1.19.0	registry	false	false	false
edge	curve25519-dalek	4.1.3	registry	cfg-if	1.0.4	registry	false	false	false
edge	curve25519-dalek	4.1.3	registry	cpufeatures	0.2.17	registry	false	false	false
edge	curve25519-dalek	4.1.3	registry	curve25519-dalek-derive	0.1.1	registry	false	false	false
edge	curve25519-dalek	4.1.3	registry	digest	0.10.7	registry	false	false	false
edge	curve25519-dalek	4.1.3	registry	rustc_version	0.4.1	registry	false	false	false
edge	curve25519-dalek	4.1.3	registry	subtle	2.6.1	registry	false	false	false
edge	curve25519-dalek-derive	0.1.1	registry	proc-macro2	1.0.106	registry	false	false	false
edge	curve25519-dalek-derive	0.1.1	registry	quote	1.0.44	registry	false	false	false
edge	curve25519-dalek-derive	0.1.1	registry	syn	2.0.117	registry	false	false	false
edge	darling	0.21.3	registry	darling_core	0.21.3	registry	false	false	false
edge	darling	0.21.3	registry	darling_macro	0.21.3	registry	false	false	false
edge	darling_core	0.21.3	registry	fnv	1.0.7	registry	false	false	false
edge	darling_core	0.21.3	registry	ident_case	1.0.1	registry	false	false	false
edge	darling_core	0.21.3	registry	proc-macro2	1.0.106	registry	false	false	false
edge	darling_core	0.21.3	registry	quote	1.0.44	registry	false	false	false
edge	darling_core	0.21.3	registry	strsim	0.11.1	registry	false	false	false
edge	darling_core	0.21.3	registry	syn	2.0.117	registry	false	false	false
edge	darling_macro	0.21.3	registry	darling_core	0.21.3	registry	false	false	false
edge	darling_macro	0.21.3	registry	quote	1.0.44	registry	false	false	false
edge	darling_macro	0.21.3	registry	syn	2.0.117	registry	false	false	false
edge	debugid	0.8.0	registry	uuid	1.22.0	registry	false	false	false
edge	der	0.7.10	registry	const-oid	0.9.6	registry	false	false	false
edge	der	0.7.10	registry	pem-rfc7468	0.7.0	registry	false	false	false
edge	der	0.7.10	registry	zeroize	1.8.2	registry	false	false	false
edge	der-parser	10.0.0	registry	asn1-rs	0.7.1	registry	false	false	false
edge	der-parser	10.0.0	registry	displaydoc	0.2.5	registry	false	false	false
edge	der-parser	10.0.0	registry	nom	7.1.3	registry	false	false	false
edge	der-parser	10.0.0	registry	num-bigint	0.4.6	registry	false	false	false
edge	der-parser	10.0.0	registry	num-traits	0.2.19	registry	false	false	false
edge	der-parser	10.0.0	registry	rusticata-macros	4.1.0	registry	false	false	false
edge	deranged	0.5.8	registry	powerfmt	0.2.0	registry	false	false	false
edge	deranged	0.5.8	registry	serde_core	1.0.228	registry	false	false	false
edge	derive_more	2.1.1	registry	derive_more-impl	2.1.1	registry	false	false	false
edge	derive_more-impl	2.1.1	registry	convert_case	0.10.0	registry	false	false	false
edge	derive_more-impl	2.1.1	registry	proc-macro2	1.0.106	registry	false	false	false
edge	derive_more-impl	2.1.1	registry	quote	1.0.44	registry	false	false	false
edge	derive_more-impl	2.1.1	registry	rustc_version	0.4.1	registry	false	false	false
edge	derive_more-impl	2.1.1	registry	syn	2.0.117	registry	false	false	false
edge	derive_more-impl	2.1.1	registry	unicode-xid	0.2.6	registry	false	false	false
edge	digest	0.10.7	registry	block-buffer	0.10.4	registry	false	false	false
edge	digest	0.10.7	registry	const-oid	0.9.6	registry	false	false	false
edge	digest	0.10.7	registry	crypto-common	0.1.7	registry	false	false	false
edge	digest	0.10.7	registry	subtle	2.6.1	registry	false	false	false
edge	directories-next	2.0.0	registry	cfg-if	1.0.4	registry	false	false	false
edge	directories-next	2.0.0	registry	dirs-sys-next	0.1.2	registry	false	false	false
edge	dirs	6.0.0	registry	dirs-sys	0.5.0	registry	false	false	false
edge	dirs-sys	0.5.0	registry	libc	0.2.186	registry	false	false	false
edge	dirs-sys	0.5.0	registry	option-ext	0.2.0	registry	false	false	false
edge	dirs-sys-next	0.1.2	registry	libc	0.2.186	registry	false	false	false
edge	displaydoc	0.2.5	registry	proc-macro2	1.0.106	registry	false	false	false
edge	displaydoc	0.2.5	registry	quote	1.0.44	registry	false	false	false
edge	displaydoc	0.2.5	registry	syn	2.0.117	registry	false	false	false
edge	ed25519	2.2.3	registry	signature	2.2.0	registry	false	false	false
edge	ed25519-dalek	2.2.0	registry	curve25519-dalek	4.1.3	registry	false	false	false
edge	ed25519-dalek	2.2.0	registry	ed25519	2.2.3	registry	false	false	false
edge	ed25519-dalek	2.2.0	registry	sha2	0.10.9	registry	false	false	false
edge	ed25519-dalek	2.2.0	registry	signature	2.2.0	registry	false	false	false
edge	ed25519-dalek	2.2.0	registry	subtle	2.6.1	registry	false	false	false
edge	encoding_rs	0.8.35	registry	cfg-if	1.0.4	registry	false	false	false
edge	enumflags2	0.7.12	registry	enumflags2_derive	0.7.12	registry	false	false	false
edge	enumflags2_derive	0.7.12	registry	proc-macro2	1.0.106	registry	false	false	false
edge	enumflags2_derive	0.7.12	registry	quote	1.0.44	registry	false	false	false
edge	enumflags2_derive	0.7.12	registry	syn	2.0.117	registry	false	false	false
edge	erased-serde	0.4.9	registry	serde_core	1.0.228	registry	false	false	false
edge	erased-serde	0.4.9	registry	typeid	1.0.3	registry	false	false	false
edge	errno	0.3.14	registry	libc	0.2.186	registry	false	false	false
edge	event-listener	5.4.1	registry	concurrent-queue	2.5.0	registry	false	false	false
edge	event-listener	5.4.1	registry	parking	2.2.1	registry	false	false	false
edge	event-listener	5.4.1	registry	pin-project-lite	0.2.16	registry	false	false	false
edge	fastbloom	0.14.1	registry	getrandom	0.3.4	registry	false	false	false
edge	fastbloom	0.14.1	registry	libm	0.2.16	registry	false	false	false
edge	fastbloom	0.14.1	registry	rand	0.9.4	registry	false	false	false
edge	fastbloom	0.14.1	registry	siphasher	1.0.2	registry	false	false	false
edge	flatbuffers	25.12.19	registry	bitflags	2.11.0	registry	false	false	false
edge	flatbuffers	25.12.19	registry	rustc_version	0.4.1	registry	false	false	false
edge	flate2	1.1.9	registry	crc32fast	1.5.0	registry	false	false	false
edge	flate2	1.1.9	registry	miniz_oxide	0.8.9	registry	false	false	false
edge	flume	0.11.1	registry	futures-core	0.3.32	registry	false	false	false
edge	flume	0.11.1	registry	futures-sink	0.3.32	registry	false	false	false
edge	flume	0.11.1	registry	nanorand	0.7.0	registry	false	false	false
edge	flume	0.11.1	registry	spin	0.9.9	registry	false	false	false
edge	form_urlencoded	1.2.2	registry	percent-encoding	2.3.2	registry	false	false	false
edge	fs-set-times	0.20.3	registry	io-lifetimes	2.0.4	registry	false	false	false
edge	fs-set-times	0.20.3	registry	rustix	1.1.4	registry	false	false	false
edge	fuser	0.17.0	registry	bitflags	2.11.0	registry	false	false	false
edge	fuser	0.17.0	registry	libc	0.2.186	registry	false	false	false
edge	fuser	0.17.0	registry	log	0.4.29	registry	false	false	false
edge	fuser	0.17.0	registry	memchr	2.8.0	registry	false	false	false
edge	fuser	0.17.0	registry	nix	0.30.1	registry	false	false	false
edge	fuser	0.17.0	registry	num_enum	0.7.5	registry	false	false	false
edge	fuser	0.17.0	registry	page_size	0.6.0	registry	false	false	false
edge	fuser	0.17.0	registry	parking_lot	0.12.5	registry	false	false	false
edge	fuser	0.17.0	registry	pkg-config	0.3.32	registry	false	false	false
edge	fuser	0.17.0	registry	ref-cast	1.0.25	registry	false	false	false
edge	fuser	0.17.0	registry	smallvec	1.15.1	registry	false	false	false
edge	fuser	0.17.0	registry	zerocopy	0.8.40	registry	false	false	false
edge	futures	0.3.32	registry	futures-channel	0.3.32	registry	false	false	false
edge	futures	0.3.32	registry	futures-core	0.3.32	registry	false	false	false
edge	futures	0.3.32	registry	futures-executor	0.3.32	registry	false	false	false
edge	futures	0.3.32	registry	futures-io	0.3.32	registry	false	false	false
edge	futures	0.3.32	registry	futures-sink	0.3.32	registry	false	false	false
edge	futures	0.3.32	registry	futures-task	0.3.32	registry	false	false	false
edge	futures	0.3.32	registry	futures-util	0.3.32	registry	false	false	false
edge	futures-channel	0.3.32	registry	futures-core	0.3.32	registry	false	false	false
edge	futures-channel	0.3.32	registry	futures-sink	0.3.32	registry	false	false	false
edge	futures-executor	0.3.32	registry	futures-core	0.3.32	registry	false	false	false
edge	futures-executor	0.3.32	registry	futures-task	0.3.32	registry	false	false	false
edge	futures-executor	0.3.32	registry	futures-util	0.3.32	registry	false	false	false
edge	futures-lite	2.6.1	registry	fastrand	2.3.0	registry	false	false	false
edge	futures-lite	2.6.1	registry	futures-core	0.3.32	registry	false	false	false
edge	futures-lite	2.6.1	registry	futures-io	0.3.32	registry	false	false	false
edge	futures-lite	2.6.1	registry	parking	2.2.1	registry	false	false	false
edge	futures-lite	2.6.1	registry	pin-project-lite	0.2.16	registry	false	false	false
edge	futures-macro	0.3.32	registry	proc-macro2	1.0.106	registry	false	false	false
edge	futures-macro	0.3.32	registry	quote	1.0.44	registry	false	false	false
edge	futures-macro	0.3.32	registry	syn	2.0.117	registry	false	false	false
edge	futures-util	0.3.32	registry	futures-channel	0.3.32	registry	false	false	false
edge	futures-util	0.3.32	registry	futures-core	0.3.32	registry	false	false	false
edge	futures-util	0.3.32	registry	futures-io	0.3.32	registry	false	false	false
edge	futures-util	0.3.32	registry	futures-macro	0.3.32	registry	false	false	false
edge	futures-util	0.3.32	registry	futures-sink	0.3.32	registry	false	false	false
edge	futures-util	0.3.32	registry	futures-task	0.3.32	registry	false	false	false
edge	futures-util	0.3.32	registry	memchr	2.8.0	registry	false	false	false
edge	futures-util	0.3.32	registry	pin-project-lite	0.2.16	registry	false	false	false
edge	futures-util	0.3.32	registry	slab	0.4.12	registry	false	false	false
edge	fxprof-processed-profile	0.8.1	registry	bitflags	2.11.0	registry	false	false	false
edge	fxprof-processed-profile	0.8.1	registry	debugid	0.8.0	registry	false	false	false
edge	fxprof-processed-profile	0.8.1	registry	rustc-hash	2.1.1	registry	false	false	false
edge	fxprof-processed-profile	0.8.1	registry	serde	1.0.228	registry	false	false	false
edge	fxprof-processed-profile	0.8.1	registry	serde_derive	1.0.228	registry	false	false	false
edge	fxprof-processed-profile	0.8.1	registry	serde_json	1.0.149	registry	false	false	false
edge	generic-array	0.14.7	registry	typenum	1.19.0	registry	false	false	false
edge	generic-array	0.14.7	registry	version_check	0.9.5	registry	false	false	false
edge	getrandom	0.2.17	registry	cfg-if	1.0.4	registry	false	false	false
edge	getrandom	0.2.17	registry	libc	0.2.186	registry	false	false	false
edge	getrandom	0.3.4	registry	cfg-if	1.0.4	registry	false	false	false
edge	getrandom	0.3.4	registry	libc	0.2.186	registry	false	false	false
edge	getrandom	0.4.1	registry	cfg-if	1.0.4	registry	false	false	false
edge	getrandom	0.4.1	registry	libc	0.2.186	registry	false	false	false
edge	getrandom	0.4.1	registry	rand_core	0.10.1	registry	false	false	false
edge	gimli	0.33.0	registry	fnv	1.0.7	registry	false	false	false
edge	gimli	0.33.0	registry	hashbrown	0.16.1	registry	false	false	false
edge	gimli	0.33.0	registry	indexmap	2.14.0	registry	false	false	false
edge	git-version	0.3.9	registry	git-version-macro	0.3.9	registry	false	false	false
edge	git-version-macro	0.3.9	registry	proc-macro2	1.0.106	registry	false	false	false
edge	git-version-macro	0.3.9	registry	quote	1.0.44	registry	false	false	false
edge	git-version-macro	0.3.9	registry	syn	2.0.117	registry	false	false	false
edge	hashbrown	0.14.5	registry	ahash	0.8.12	registry	false	false	false
edge	hashbrown	0.14.5	registry	allocator-api2	0.2.21	registry	false	false	false
edge	hashbrown	0.15.5	registry	foldhash	0.1.5	registry	false	false	false
edge	hashbrown	0.16.1	registry	allocator-api2	0.2.21	registry	false	false	false
edge	hashbrown	0.16.1	registry	equivalent	1.0.2	registry	false	false	false
edge	hashbrown	0.16.1	registry	foldhash	0.2.0	registry	false	false	false
edge	hashbrown	0.16.1	registry	serde_core	1.0.228	registry	false	false	false
edge	hashbrown	0.17.1	registry	foldhash	0.2.0	registry	false	false	false
edge	hashlink	0.11.0	registry	hashbrown	0.16.1	registry	false	false	false
edge	hmac	0.12.1	registry	digest	0.10.7	registry	false	false	false
edge	http	1.4.0	registry	bytes	1.11.1	registry	false	false	false
edge	http	1.4.0	registry	itoa	1.0.17	registry	false	false	false
edge	http-body	1.0.1	registry	bytes	1.11.1	registry	false	false	false
edge	http-body	1.0.1	registry	http	1.4.0	registry	false	false	false
edge	http-body-util	0.1.3	registry	bytes	1.11.1	registry	false	false	false
edge	http-body-util	0.1.3	registry	futures-core	0.3.32	registry	false	false	false
edge	http-body-util	0.1.3	registry	http	1.4.0	registry	false	false	false
edge	http-body-util	0.1.3	registry	http-body	1.0.1	registry	false	false	false
edge	http-body-util	0.1.3	registry	pin-project-lite	0.2.16	registry	false	false	false
edge	hyper	1.8.1	registry	atomic-waker	1.1.2	registry	false	false	false
edge	hyper	1.8.1	registry	bytes	1.11.1	registry	false	false	false
edge	hyper	1.8.1	registry	futures-channel	0.3.32	registry	false	false	false
edge	hyper	1.8.1	registry	futures-core	0.3.32	registry	false	false	false
edge	hyper	1.8.1	registry	http	1.4.0	registry	false	false	false
edge	hyper	1.8.1	registry	http-body	1.0.1	registry	false	false	false
edge	hyper	1.8.1	registry	httparse	1.10.1	registry	false	false	false
edge	hyper	1.8.1	registry	itoa	1.0.17	registry	false	false	false
edge	hyper	1.8.1	registry	pin-project-lite	0.2.16	registry	false	false	false
edge	hyper	1.8.1	registry	pin-utils	0.1.0	registry	false	false	false
edge	hyper	1.8.1	registry	smallvec	1.15.1	registry	false	false	false
edge	hyper	1.8.1	registry	tokio	1.52.3	registry	false	false	false
edge	hyper	1.8.1	registry	want	0.3.1	registry	false	false	false
edge	hyper-rustls	0.27.7	registry	http	1.4.0	registry	false	false	false
edge	hyper-rustls	0.27.7	registry	hyper	1.8.1	registry	false	false	false
edge	hyper-rustls	0.27.7	registry	hyper-util	0.1.20	registry	false	false	false
edge	hyper-rustls	0.27.7	registry	rustls	0.23.37	registry	false	false	false
edge	hyper-rustls	0.27.7	registry	rustls-pki-types	1.14.0	registry	false	false	false
edge	hyper-rustls	0.27.7	registry	tokio	1.52.3	registry	false	false	false
edge	hyper-rustls	0.27.7	registry	tokio-rustls	0.26.4	registry	false	false	false
edge	hyper-rustls	0.27.7	registry	tower-service	0.3.3	registry	false	false	false
edge	hyper-rustls	0.27.7	registry	webpki-roots	1.0.6	registry	false	false	false
edge	hyper-util	0.1.20	registry	base64	0.22.1	registry	false	false	false
edge	hyper-util	0.1.20	registry	bytes	1.11.1	registry	false	false	false
edge	hyper-util	0.1.20	registry	futures-channel	0.3.32	registry	false	false	false
edge	hyper-util	0.1.20	registry	futures-util	0.3.32	registry	false	false	false
edge	hyper-util	0.1.20	registry	http	1.4.0	registry	false	false	false
edge	hyper-util	0.1.20	registry	http-body	1.0.1	registry	false	false	false
edge	hyper-util	0.1.20	registry	hyper	1.8.1	registry	false	false	false
edge	hyper-util	0.1.20	registry	ipnet	2.11.0	registry	false	false	false
edge	hyper-util	0.1.20	registry	libc	0.2.186	registry	false	false	false
edge	hyper-util	0.1.20	registry	percent-encoding	2.3.2	registry	false	false	false
edge	hyper-util	0.1.20	registry	pin-project-lite	0.2.16	registry	false	false	false
edge	hyper-util	0.1.20	registry	socket2	0.6.4	registry	false	false	false
edge	hyper-util	0.1.20	registry	tokio	1.52.3	registry	false	false	false
edge	hyper-util	0.1.20	registry	tower-service	0.3.3	registry	false	false	false
edge	hyper-util	0.1.20	registry	tracing	0.1.44	registry	false	false	false
edge	icu_collections	2.1.1	registry	displaydoc	0.2.5	registry	false	false	false
edge	icu_collections	2.1.1	registry	potential_utf	0.1.4	registry	false	false	false
edge	icu_collections	2.1.1	registry	yoke	0.8.1	registry	false	false	false
edge	icu_collections	2.1.1	registry	zerofrom	0.1.6	registry	false	false	false
edge	icu_collections	2.1.1	registry	zerovec	0.11.5	registry	false	false	false
edge	icu_locale_core	2.1.1	registry	displaydoc	0.2.5	registry	false	false	false
edge	icu_locale_core	2.1.1	registry	litemap	0.8.1	registry	false	false	false
edge	icu_locale_core	2.1.1	registry	tinystr	0.8.2	registry	false	false	false
edge	icu_locale_core	2.1.1	registry	writeable	0.6.2	registry	false	false	false
edge	icu_locale_core	2.1.1	registry	zerovec	0.11.5	registry	false	false	false
edge	icu_normalizer	2.1.1	registry	icu_collections	2.1.1	registry	false	false	false
edge	icu_normalizer	2.1.1	registry	icu_normalizer_data	2.1.1	registry	false	false	false
edge	icu_normalizer	2.1.1	registry	icu_provider	2.1.1	registry	false	false	false
edge	icu_normalizer	2.1.1	registry	smallvec	1.15.1	registry	false	false	false
edge	icu_normalizer	2.1.1	registry	zerovec	0.11.5	registry	false	false	false
edge	icu_properties	2.1.2	registry	icu_collections	2.1.1	registry	false	false	false
edge	icu_properties	2.1.2	registry	icu_locale_core	2.1.1	registry	false	false	false
edge	icu_properties	2.1.2	registry	icu_properties_data	2.1.2	registry	false	false	false
edge	icu_properties	2.1.2	registry	icu_provider	2.1.1	registry	false	false	false
edge	icu_properties	2.1.2	registry	zerotrie	0.2.3	registry	false	false	false
edge	icu_properties	2.1.2	registry	zerovec	0.11.5	registry	false	false	false
edge	icu_provider	2.1.1	registry	displaydoc	0.2.5	registry	false	false	false
edge	icu_provider	2.1.1	registry	icu_locale_core	2.1.1	registry	false	false	false
edge	icu_provider	2.1.1	registry	writeable	0.6.2	registry	false	false	false
edge	icu_provider	2.1.1	registry	yoke	0.8.1	registry	false	false	false
edge	icu_provider	2.1.1	registry	zerofrom	0.1.6	registry	false	false	false
edge	icu_provider	2.1.1	registry	zerotrie	0.2.3	registry	false	false	false
edge	icu_provider	2.1.1	registry	zerovec	0.11.5	registry	false	false	false
edge	idna	1.1.0	registry	idna_adapter	1.2.1	registry	false	false	false
edge	idna	1.1.0	registry	smallvec	1.15.1	registry	false	false	false
edge	idna	1.1.0	registry	utf8_iter	1.0.4	registry	false	false	false
edge	idna_adapter	1.2.1	registry	icu_normalizer	2.1.1	registry	false	false	false
edge	idna_adapter	1.2.1	registry	icu_properties	2.1.2	registry	false	false	false
edge	indexmap	2.14.0	registry	equivalent	1.0.2	registry	false	false	false
edge	indexmap	2.14.0	registry	hashbrown	0.17.1	registry	false	false	false
edge	indexmap	2.14.0	registry	serde_core	1.0.228	registry	false	false	false
edge	inout	0.1.4	registry	generic-array	0.14.7	registry	false	false	false
edge	io-extras	0.18.4	registry	io-lifetimes	2.0.4	registry	false	false	false
edge	ipnetwork	0.20.0	registry	serde	1.0.228	registry	false	false	false
edge	itertools	0.14.0	registry	either	1.15.0	registry	false	false	false
edge	ittapi	0.4.0	registry	anyhow	1.0.103	registry	false	false	false
edge	ittapi	0.4.0	registry	ittapi-sys	0.4.0	registry	false	false	false
edge	ittapi	0.4.0	registry	log	0.4.29	registry	false	false	false
edge	ittapi-sys	0.4.0	registry	cc	1.2.56	registry	false	false	false
edge	jobserver	0.1.34	registry	libc	0.2.186	registry	false	false	false
edge	json5	0.4.1	registry	pest	2.8.6	registry	false	false	false
edge	json5	0.4.1	registry	pest_derive	2.8.6	registry	false	false	false
edge	json5	0.4.1	registry	serde	1.0.228	registry	false	false	false
edge	keyed-set	1.1.0	registry	hashbrown	0.14.5	registry	false	false	false
edge	landlock	0.4.4	registry	enumflags2	0.7.12	registry	false	false	false
edge	landlock	0.4.4	registry	libc	0.2.186	registry	false	false	false
edge	landlock	0.4.4	registry	thiserror	2.0.18	registry	false	false	false
edge	lazy_static	1.5.0	registry	spin	0.9.9	registry	false	false	false
edge	libloading	0.8.9	registry	cfg-if	1.0.4	registry	false	false	false
edge	libsqlite3-sys	0.36.0	registry	cc	1.2.56	registry	false	false	false
edge	libsqlite3-sys	0.36.0	registry	pkg-config	0.3.32	registry	false	false	false
edge	libsqlite3-sys	0.36.0	registry	vcpkg	0.2.15	registry	false	false	false
edge	lock_api	0.4.14	registry	scopeguard	1.2.0	registry	false	false	false
edge	lz4_flex	0.11.6	registry	twox-hash	2.1.2	registry	false	false	false
edge	matchers	0.2.0	registry	regex-automata	0.4.14	registry	false	false	false
edge	memfd	0.6.5	registry	rustix	1.1.4	registry	false	false	false
edge	memoffset	0.9.1	registry	autocfg	1.5.0	registry	false	false	false
edge	miniz_oxide	0.8.9	registry	adler2	2.0.1	registry	false	false	false
edge	miniz_oxide	0.8.9	registry	simd-adler32	0.3.8	registry	false	false	false
edge	mio	1.2.1	registry	libc	0.2.186	registry	false	false	false
edge	nanorand	0.7.0	registry	getrandom	0.2.17	registry	false	false	false
edge	nix	0.29.0	registry	bitflags	2.11.0	registry	false	false	false
edge	nix	0.29.0	registry	cfg-if	1.0.4	registry	false	false	false
edge	nix	0.29.0	registry	cfg_aliases	0.2.1	registry	false	false	false
edge	nix	0.29.0	registry	libc	0.2.186	registry	false	false	false
edge	nix	0.30.1	registry	bitflags	2.11.0	registry	false	false	false
edge	nix	0.30.1	registry	cfg-if	1.0.4	registry	false	false	false
edge	nix	0.30.1	registry	cfg_aliases	0.2.1	registry	false	false	false
edge	nix	0.30.1	registry	libc	0.2.186	registry	false	false	false
edge	nix	0.30.1	registry	memoffset	0.9.1	registry	false	false	false
edge	nkeys	0.4.5	registry	data-encoding	2.10.0	registry	false	false	false
edge	nkeys	0.4.5	registry	ed25519	2.2.3	registry	false	false	false
edge	nkeys	0.4.5	registry	ed25519-dalek	2.2.0	registry	false	false	false
edge	nkeys	0.4.5	registry	log	0.4.29	registry	false	false	false
edge	nkeys	0.4.5	registry	rand	0.8.6	registry	false	false	false
edge	nkeys	0.4.5	registry	signatory	0.27.1	registry	false	false	false
edge	nom	7.1.3	registry	memchr	2.8.0	registry	false	false	false
edge	nom	7.1.3	registry	minimal-lexical	0.2.1	registry	false	false	false
edge	nonempty-collections	0.3.1	registry	serde	1.0.228	registry	false	false	false
edge	nuid	0.5.0	registry	rand	0.8.6	registry	false	false	false
edge	num-bigint	0.4.6	registry	num-integer	0.1.46	registry	false	false	false
edge	num-bigint	0.4.6	registry	num-traits	0.2.19	registry	false	false	false
edge	num-bigint-dig	0.8.6	registry	lazy_static	1.5.0	registry	false	false	false
edge	num-bigint-dig	0.8.6	registry	libm	0.2.16	registry	false	false	false
edge	num-bigint-dig	0.8.6	registry	num-integer	0.1.46	registry	false	false	false
edge	num-bigint-dig	0.8.6	registry	num-iter	0.1.45	registry	false	false	false
edge	num-bigint-dig	0.8.6	registry	num-traits	0.2.19	registry	false	false	false
edge	num-bigint-dig	0.8.6	registry	rand	0.8.6	registry	false	false	false
edge	num-bigint-dig	0.8.6	registry	smallvec	1.15.1	registry	false	false	false
edge	num-bigint-dig	0.8.6	registry	zeroize	1.8.2	registry	false	false	false
edge	num-integer	0.1.46	registry	num-traits	0.2.19	registry	false	false	false
edge	num-iter	0.1.45	registry	autocfg	1.5.0	registry	false	false	false
edge	num-iter	0.1.45	registry	num-integer	0.1.46	registry	false	false	false
edge	num-iter	0.1.45	registry	num-traits	0.2.19	registry	false	false	false
edge	num-traits	0.2.19	registry	autocfg	1.5.0	registry	false	false	false
edge	num-traits	0.2.19	registry	libm	0.2.16	registry	false	false	false
edge	num_cpus	1.17.0	registry	libc	0.2.186	registry	false	false	false
edge	num_enum	0.7.5	registry	num_enum_derive	0.7.5	registry	false	false	false
edge	num_enum	0.7.5	registry	rustversion	1.0.22	registry	false	false	false
edge	num_enum_derive	0.7.5	registry	proc-macro-crate	2.0.2	registry	false	false	false
edge	num_enum_derive	0.7.5	registry	proc-macro2	1.0.106	registry	false	false	false
edge	num_enum_derive	0.7.5	registry	quote	1.0.44	registry	false	false	false
edge	num_enum_derive	0.7.5	registry	syn	2.0.117	registry	false	false	false
edge	object	0.38.1	registry	crc32fast	1.5.0	registry	false	false	false
edge	object	0.38.1	registry	hashbrown	0.16.1	registry	false	false	false
edge	object	0.38.1	registry	indexmap	2.14.0	registry	false	false	false
edge	object	0.38.1	registry	memchr	2.8.0	registry	false	false	false
edge	object	0.39.1	registry	crc32fast	1.5.0	registry	false	false	false
edge	object	0.39.1	registry	hashbrown	0.17.1	registry	false	false	false
edge	object	0.39.1	registry	indexmap	2.14.0	registry	false	false	false
edge	object	0.39.1	registry	memchr	2.8.0	registry	false	false	false
edge	oid-registry	0.8.1	registry	asn1-rs	0.7.1	registry	false	false	false
edge	page_size	0.6.0	registry	libc	0.2.186	registry	false	false	false
edge	parking_lot	0.12.5	registry	lock_api	0.4.14	registry	false	false	false
edge	parking_lot	0.12.5	registry	parking_lot_core	0.9.12	registry	false	false	false
edge	parking_lot_core	0.9.12	registry	cfg-if	1.0.4	registry	false	false	false
edge	parking_lot_core	0.9.12	registry	libc	0.2.186	registry	false	false	false
edge	parking_lot_core	0.9.12	registry	smallvec	1.15.1	registry	false	false	false
edge	pem	3.0.6	registry	base64	0.22.1	registry	false	false	false
edge	pem-rfc7468	0.7.0	registry	base64ct	1.8.3	registry	false	false	false
edge	pest	2.8.6	registry	memchr	2.8.0	registry	false	false	false
edge	pest	2.8.6	registry	ucd-trie	0.1.7	registry	false	false	false
edge	pest_derive	2.8.6	registry	pest	2.8.6	registry	false	false	false
edge	pest_derive	2.8.6	registry	pest_generator	2.8.6	registry	false	false	false
edge	pest_generator	2.8.6	registry	pest	2.8.6	registry	false	false	false
edge	pest_generator	2.8.6	registry	pest_meta	2.8.6	registry	false	false	false
edge	pest_generator	2.8.6	registry	proc-macro2	1.0.106	registry	false	false	false
edge	pest_generator	2.8.6	registry	quote	1.0.44	registry	false	false	false
edge	pest_generator	2.8.6	registry	syn	2.0.117	registry	false	false	false
edge	pest_meta	2.8.6	registry	pest	2.8.6	registry	false	false	false
edge	pest_meta	2.8.6	registry	sha2	0.10.9	registry	false	false	false
edge	petgraph	0.6.5	registry	fixedbitset	0.4.2	registry	false	false	false
edge	petgraph	0.6.5	registry	indexmap	2.14.0	registry	false	false	false
edge	petgraph	0.8.3	registry	fixedbitset	0.5.7	registry	false	false	false
edge	petgraph	0.8.3	registry	hashbrown	0.15.5	registry	false	false	false
edge	petgraph	0.8.3	registry	indexmap	2.14.0	registry	false	false	false
edge	phf	0.13.1	registry	phf_macros	0.13.1	registry	false	false	false
edge	phf	0.13.1	registry	phf_shared	0.13.1	registry	false	false	false
edge	phf_generator	0.13.1	registry	fastrand	2.3.0	registry	false	false	false
edge	phf_generator	0.13.1	registry	phf_shared	0.13.1	registry	false	false	false
edge	phf_macros	0.13.1	registry	phf_generator	0.13.1	registry	false	false	false
edge	phf_macros	0.13.1	registry	phf_shared	0.13.1	registry	false	false	false
edge	phf_macros	0.13.1	registry	proc-macro2	1.0.106	registry	false	false	false
edge	phf_macros	0.13.1	registry	quote	1.0.44	registry	false	false	false
edge	phf_macros	0.13.1	registry	syn	2.0.117	registry	false	false	false
edge	phf_shared	0.13.1	registry	siphasher	1.0.2	registry	false	false	false
edge	pin-project	1.1.10	registry	pin-project-internal	1.1.10	registry	false	false	false
edge	pin-project-internal	1.1.10	registry	proc-macro2	1.0.106	registry	false	false	false
edge	pin-project-internal	1.1.10	registry	quote	1.0.44	registry	false	false	false
edge	pin-project-internal	1.1.10	registry	syn	2.0.117	registry	false	false	false
edge	pkcs1	0.7.5	registry	der	0.7.10	registry	false	false	false
edge	pkcs1	0.7.5	registry	pkcs8	0.10.2	registry	false	false	false
edge	pkcs1	0.7.5	registry	spki	0.7.3	registry	false	false	false
edge	pkcs8	0.10.2	registry	der	0.7.10	registry	false	false	false
edge	pkcs8	0.10.2	registry	spki	0.7.3	registry	false	false	false
edge	pnet_base	0.35.0	registry	no-std-net	0.6.0	registry	false	false	false
edge	pnet_datalink	0.35.0	registry	ipnetwork	0.20.0	registry	false	false	false
edge	pnet_datalink	0.35.0	registry	libc	0.2.186	registry	false	false	false
edge	pnet_datalink	0.35.0	registry	pnet_base	0.35.0	registry	false	false	false
edge	pnet_datalink	0.35.0	registry	pnet_sys	0.35.0	registry	false	false	false
edge	pnet_sys	0.35.0	registry	libc	0.2.186	registry	false	false	false
edge	postcard	1.1.3	registry	cobs	0.3.0	registry	false	false	false
edge	postcard	1.1.3	registry	serde	1.0.228	registry	false	false	false
edge	potential_utf	0.1.4	registry	zerovec	0.11.5	registry	false	false	false
edge	ppv-lite86	0.2.21	registry	zerocopy	0.8.40	registry	false	false	false
edge	proc-macro-crate	2.0.2	registry	toml_datetime	0.6.3	registry	false	false	false
edge	proc-macro-crate	2.0.2	registry	toml_edit	0.20.2	registry	false	false	false
edge	proc-macro2	1.0.106	registry	unicode-ident	1.0.24	registry	false	false	false
edge	pulley-interpreter	45.0.3	registry	cranelift-bitset	0.132.3	registry	false	false	false
edge	pulley-interpreter	45.0.3	registry	log	0.4.29	registry	false	false	false
edge	pulley-interpreter	45.0.3	registry	pulley-macros	45.0.3	registry	false	false	false
edge	pulley-interpreter	45.0.3	registry	wasmtime-internal-core	45.0.3	registry	false	false	false
edge	pulley-macros	45.0.3	registry	proc-macro2	1.0.106	registry	false	false	false
edge	pulley-macros	45.0.3	registry	quote	1.0.44	registry	false	false	false
edge	pulley-macros	45.0.3	registry	syn	2.0.117	registry	false	false	false
edge	quinn	0.11.9	registry	bytes	1.11.1	registry	false	false	false
edge	quinn	0.11.9	registry	cfg_aliases	0.2.1	registry	false	false	false
edge	quinn	0.11.9	registry	pin-project-lite	0.2.16	registry	false	false	false
edge	quinn	0.11.9	registry	quinn-proto	0.11.15	registry	false	false	false
edge	quinn	0.11.9	registry	quinn-udp	0.5.14	registry	false	false	false
edge	quinn	0.11.9	registry	rustc-hash	2.1.1	registry	false	false	false
edge	quinn	0.11.9	registry	rustls	0.23.37	registry	false	false	false
edge	quinn	0.11.9	registry	socket2	0.6.4	registry	false	false	false
edge	quinn	0.11.9	registry	thiserror	2.0.18	registry	false	false	false
edge	quinn	0.11.9	registry	tokio	1.52.3	registry	false	false	false
edge	quinn	0.11.9	registry	tracing	0.1.44	registry	false	false	false
edge	quinn-proto	0.11.15	registry	bytes	1.11.1	registry	false	false	false
edge	quinn-proto	0.11.15	registry	fastbloom	0.14.1	registry	false	false	false
edge	quinn-proto	0.11.15	registry	lru-slab	0.1.2	registry	false	false	false
edge	quinn-proto	0.11.15	registry	rand	0.9.4	registry	false	false	false
edge	quinn-proto	0.11.15	registry	ring	0.17.14	registry	false	false	false
edge	quinn-proto	0.11.15	registry	rustc-hash	2.1.1	registry	false	false	false
edge	quinn-proto	0.11.15	registry	rustls	0.23.37	registry	false	false	false
edge	quinn-proto	0.11.15	registry	rustls-platform-verifier	0.6.2	registry	false	false	false
edge	quinn-proto	0.11.15	registry	slab	0.4.12	registry	false	false	false
edge	quinn-proto	0.11.15	registry	thiserror	2.0.18	registry	false	false	false
edge	quinn-proto	0.11.15	registry	tinyvec	1.10.0	registry	false	false	false
edge	quinn-proto	0.11.15	registry	tracing	0.1.44	registry	false	false	false
edge	quinn-udp	0.5.14	registry	cfg_aliases	0.2.1	registry	false	false	false
edge	quinn-udp	0.5.14	registry	libc	0.2.186	registry	false	false	false
edge	quinn-udp	0.5.14	registry	socket2	0.6.4	registry	false	false	false
edge	quinn-udp	0.5.14	registry	tracing	0.1.44	registry	false	false	false
edge	quote	1.0.44	registry	proc-macro2	1.0.106	registry	false	false	false
edge	rand	0.10.1	registry	chacha20	0.10.0	registry	false	false	false
edge	rand	0.10.1	registry	getrandom	0.4.1	registry	false	false	false
edge	rand	0.10.1	registry	rand_core	0.10.1	registry	false	false	false
edge	rand	0.8.6	registry	libc	0.2.186	registry	false	false	false
edge	rand	0.8.6	registry	rand_chacha	0.3.1	registry	false	false	false
edge	rand	0.8.6	registry	rand_core	0.6.4	registry	false	false	false
edge	rand	0.9.4	registry	rand_chacha	0.9.0	registry	false	false	false
edge	rand	0.9.4	registry	rand_core	0.9.5	registry	false	false	false
edge	rand_chacha	0.3.1	registry	ppv-lite86	0.2.21	registry	false	false	false
edge	rand_chacha	0.3.1	registry	rand_core	0.6.4	registry	false	false	false
edge	rand_chacha	0.9.0	registry	ppv-lite86	0.2.21	registry	false	false	false
edge	rand_chacha	0.9.0	registry	rand_core	0.9.5	registry	false	false	false
edge	rand_core	0.6.4	registry	getrandom	0.2.17	registry	false	false	false
edge	rand_core	0.9.5	registry	getrandom	0.3.4	registry	false	false	false
edge	rayon	1.11.0	registry	either	1.15.0	registry	false	false	false
edge	rayon	1.11.0	registry	rayon-core	1.13.0	registry	false	false	false
edge	rayon-core	1.13.0	registry	crossbeam-deque	0.8.6	registry	false	false	false
edge	rayon-core	1.13.0	registry	crossbeam-utils	0.8.21	registry	false	false	false
edge	rcgen	0.13.2	registry	pem	3.0.6	registry	false	false	false
edge	rcgen	0.13.2	registry	ring	0.17.14	registry	false	false	false
edge	rcgen	0.13.2	registry	rustls-pki-types	1.14.0	registry	false	false	false
edge	rcgen	0.13.2	registry	time	0.3.47	registry	false	false	false
edge	rcgen	0.13.2	registry	yasna	0.5.2	registry	false	false	false
edge	ref-cast	1.0.25	registry	ref-cast-impl	1.0.25	registry	false	false	false
edge	ref-cast-impl	1.0.25	registry	proc-macro2	1.0.106	registry	false	false	false
edge	ref-cast-impl	1.0.25	registry	quote	1.0.44	registry	false	false	false
edge	ref-cast-impl	1.0.25	registry	syn	2.0.117	registry	false	false	false
edge	regalloc2	0.15.1	registry	allocator-api2	0.2.21	registry	false	false	false
edge	regalloc2	0.15.1	registry	bumpalo	3.20.2	registry	false	false	false
edge	regalloc2	0.15.1	registry	hashbrown	0.17.1	registry	false	false	false
edge	regalloc2	0.15.1	registry	log	0.4.29	registry	false	false	false
edge	regalloc2	0.15.1	registry	rustc-hash	2.1.1	registry	false	false	false
edge	regalloc2	0.15.1	registry	smallvec	1.15.1	registry	false	false	false
edge	regex	1.12.3	registry	aho-corasick	1.1.4	registry	false	false	false
edge	regex	1.12.3	registry	memchr	2.8.0	registry	false	false	false
edge	regex	1.12.3	registry	regex-automata	0.4.14	registry	false	false	false
edge	regex	1.12.3	registry	regex-syntax	0.8.10	registry	false	false	false
edge	regex-automata	0.4.14	registry	aho-corasick	1.1.4	registry	false	false	false
edge	regex-automata	0.4.14	registry	memchr	2.8.0	registry	false	false	false
edge	regex-automata	0.4.14	registry	regex-syntax	0.8.10	registry	false	false	false
edge	reqwest	0.12.28	registry	base64	0.22.1	registry	false	false	false
edge	reqwest	0.12.28	registry	bytes	1.11.1	registry	false	false	false
edge	reqwest	0.12.28	registry	futures-channel	0.3.32	registry	false	false	false
edge	reqwest	0.12.28	registry	futures-core	0.3.32	registry	false	false	false
edge	reqwest	0.12.28	registry	futures-util	0.3.32	registry	false	false	false
edge	reqwest	0.12.28	registry	http	1.4.0	registry	false	false	false
edge	reqwest	0.12.28	registry	http-body	1.0.1	registry	false	false	false
edge	reqwest	0.12.28	registry	http-body-util	0.1.3	registry	false	false	false
edge	reqwest	0.12.28	registry	hyper	1.8.1	registry	false	false	false
edge	reqwest	0.12.28	registry	hyper-rustls	0.27.7	registry	false	false	false
edge	reqwest	0.12.28	registry	hyper-util	0.1.20	registry	false	false	false
edge	reqwest	0.12.28	registry	log	0.4.29	registry	false	false	false
edge	reqwest	0.12.28	registry	percent-encoding	2.3.2	registry	false	false	false
edge	reqwest	0.12.28	registry	pin-project-lite	0.2.16	registry	false	false	false
edge	reqwest	0.12.28	registry	rustls	0.23.37	registry	false	false	false
edge	reqwest	0.12.28	registry	rustls-pki-types	1.14.0	registry	false	false	false
edge	reqwest	0.12.28	registry	serde	1.0.228	registry	false	false	false
edge	reqwest	0.12.28	registry	serde_json	1.0.149	registry	false	false	false
edge	reqwest	0.12.28	registry	serde_urlencoded	0.7.1	registry	false	false	false
edge	reqwest	0.12.28	registry	sync_wrapper	1.0.2	registry	false	false	false
edge	reqwest	0.12.28	registry	tokio	1.52.3	registry	false	false	false
edge	reqwest	0.12.28	registry	tokio-rustls	0.26.4	registry	false	false	false
edge	reqwest	0.12.28	registry	tower	0.5.3	registry	false	false	false
edge	reqwest	0.12.28	registry	tower-http	0.6.8	registry	false	false	false
edge	reqwest	0.12.28	registry	tower-service	0.3.3	registry	false	false	false
edge	reqwest	0.12.28	registry	url	2.5.8	registry	false	false	false
edge	reqwest	0.12.28	registry	webpki-roots	1.0.6	registry	false	false	false
edge	ring	0.17.14	registry	cc	1.2.56	registry	false	false	false
edge	ring	0.17.14	registry	cfg-if	1.0.4	registry	false	false	false
edge	ring	0.17.14	registry	getrandom	0.2.17	registry	false	false	false
edge	ring	0.17.14	registry	untrusted	0.9.0	registry	false	false	false
edge	ringbuffer-spsc	0.1.15	registry	array-init	2.1.0	registry	false	false	false
edge	ringbuffer-spsc	0.1.15	registry	crossbeam	0.8.4	registry	false	false	false
edge	ron	0.12.0	registry	bitflags	2.11.0	registry	false	false	false
edge	ron	0.12.0	registry	once_cell	1.21.3	registry	false	false	false
edge	ron	0.12.0	registry	serde	1.0.228	registry	false	false	false
edge	ron	0.12.0	registry	serde_derive	1.0.228	registry	false	false	false
edge	ron	0.12.0	registry	typeid	1.0.3	registry	false	false	false
edge	ron	0.12.0	registry	unicode-ident	1.0.24	registry	false	false	false
edge	rsa	0.9.10	registry	const-oid	0.9.6	registry	false	false	false
edge	rsa	0.9.10	registry	digest	0.10.7	registry	false	false	false
edge	rsa	0.9.10	registry	num-bigint-dig	0.8.6	registry	false	false	false
edge	rsa	0.9.10	registry	num-integer	0.1.46	registry	false	false	false
edge	rsa	0.9.10	registry	num-traits	0.2.19	registry	false	false	false
edge	rsa	0.9.10	registry	pkcs1	0.7.5	registry	false	false	false
edge	rsa	0.9.10	registry	pkcs8	0.10.2	registry	false	false	false
edge	rsa	0.9.10	registry	rand_core	0.6.4	registry	false	false	false
edge	rsa	0.9.10	registry	signature	2.2.0	registry	false	false	false
edge	rsa	0.9.10	registry	spki	0.7.3	registry	false	false	false
edge	rsa	0.9.10	registry	subtle	2.6.1	registry	false	false	false
edge	rsa	0.9.10	registry	zeroize	1.8.2	registry	false	false	false
edge	rusqlite	0.38.0	registry	bitflags	2.11.0	registry	false	false	false
edge	rusqlite	0.38.0	registry	fallible-iterator	0.3.0	registry	false	false	false
edge	rusqlite	0.38.0	registry	fallible-streaming-iterator	0.1.9	registry	false	false	false
edge	rusqlite	0.38.0	registry	hashlink	0.11.0	registry	false	false	false
edge	rusqlite	0.38.0	registry	libsqlite3-sys	0.36.0	registry	false	false	false
edge	rusqlite	0.38.0	registry	smallvec	1.15.1	registry	false	false	false
edge	rustc_version	0.4.1	registry	semver	1.0.27	registry	false	false	false
edge	rusticata-macros	4.1.0	registry	nom	7.1.3	registry	false	false	false
edge	rustix	1.1.4	registry	bitflags	2.11.0	registry	false	false	false
edge	rustix	1.1.4	registry	linux-raw-sys	0.12.1	registry	false	false	false
edge	rustix-linux-procfs	0.1.1	registry	once_cell	1.21.3	registry	false	false	false
edge	rustix-linux-procfs	0.1.1	registry	rustix	1.1.4	registry	false	false	false
edge	rustls	0.23.37	registry	log	0.4.29	registry	false	false	false
edge	rustls	0.23.37	registry	once_cell	1.21.3	registry	false	false	false
edge	rustls	0.23.37	registry	ring	0.17.14	registry	false	false	false
edge	rustls	0.23.37	registry	rustls-pki-types	1.14.0	registry	false	false	false
edge	rustls	0.23.37	registry	rustls-webpki	0.103.13	registry	false	false	false
edge	rustls	0.23.37	registry	subtle	2.6.1	registry	false	false	false
edge	rustls	0.23.37	registry	zeroize	1.8.2	registry	false	false	false
edge	rustls-native-certs	0.8.3	registry	openssl-probe	0.2.1	registry	false	false	false
edge	rustls-native-certs	0.8.3	registry	rustls-pki-types	1.14.0	registry	false	false	false
edge	rustls-pemfile	2.2.0	registry	rustls-pki-types	1.14.0	registry	false	false	false
edge	rustls-pki-types	1.14.0	registry	zeroize	1.8.2	registry	false	false	false
edge	rustls-platform-verifier	0.6.2	registry	log	0.4.29	registry	false	false	false
edge	rustls-platform-verifier	0.6.2	registry	rustls	0.23.37	registry	false	false	false
edge	rustls-platform-verifier	0.6.2	registry	rustls-native-certs	0.8.3	registry	false	false	false
edge	rustls-platform-verifier	0.6.2	registry	rustls-webpki	0.103.13	registry	false	false	false
edge	rustls-webpki	0.103.13	registry	ring	0.17.14	registry	false	false	false
edge	rustls-webpki	0.103.13	registry	rustls-pki-types	1.14.0	registry	false	false	false
edge	rustls-webpki	0.103.13	registry	untrusted	0.9.0	registry	false	false	false
edge	schemars	1.2.1	registry	dyn-clone	1.0.20	registry	false	false	false
edge	schemars	1.2.1	registry	either	1.15.0	registry	false	false	false
edge	schemars	1.2.1	registry	ref-cast	1.0.25	registry	false	false	false
edge	schemars	1.2.1	registry	schemars_derive	1.2.1	registry	false	false	false
edge	schemars	1.2.1	registry	serde	1.0.228	registry	false	false	false
edge	schemars	1.2.1	registry	serde_json	1.0.149	registry	false	false	false
edge	schemars_derive	1.2.1	registry	proc-macro2	1.0.106	registry	false	false	false
edge	schemars_derive	1.2.1	registry	quote	1.0.44	registry	false	false	false
edge	schemars_derive	1.2.1	registry	serde_derive_internals	0.29.1	registry	false	false	false
edge	schemars_derive	1.2.1	registry	syn	2.0.117	registry	false	false	false
edge	secrecy	0.8.0	registry	serde	1.0.228	registry	false	false	false
edge	secrecy	0.8.0	registry	zeroize	1.8.2	registry	false	false	false
edge	semver	1.0.27	registry	serde_core	1.0.228	registry	false	false	false
edge	sentinel-bio	0.1.0	workspace	sentinel-common	0.1.0	workspace	false	false	false
edge	sentinel-cluster-control	0.1.0	workspace	anyhow	1.0.103	registry	false	false	false
edge	sentinel-cluster-control	0.1.0	workspace	quinn	0.11.9	registry	false	false	false
edge	sentinel-cluster-control	0.1.0	workspace	rcgen	0.13.2	registry	false	false	false
edge	sentinel-cluster-control	0.1.0	workspace	rustls	0.23.37	registry	false	false	false
edge	sentinel-cluster-control	0.1.0	workspace	sentinel-common	0.1.0	workspace	false	false	false
edge	sentinel-cluster-control	0.1.0	workspace	serde	1.0.228	registry	false	false	false
edge	sentinel-cluster-control	0.1.0	workspace	serde_json	1.0.149	registry	false	false	false
edge	sentinel-cluster-control	0.1.0	workspace	sha2	0.10.9	registry	false	false	false
edge	sentinel-cluster-control	0.1.0	workspace	thiserror	2.0.18	registry	false	false	false
edge	sentinel-cluster-control	0.1.0	workspace	tokio	1.52.3	registry	false	false	false
edge	sentinel-cluster-control	0.1.0	workspace	tracing	0.1.44	registry	false	false	false
edge	sentinel-cluster-control	0.1.0	workspace	uuid	1.22.0	registry	false	false	false
edge	sentinel-common	0.1.0	workspace	anyhow	1.0.103	registry	false	false	false
edge	sentinel-common	0.1.0	workspace	bevy_ecs	0.18.1	registry	false	false	false
edge	sentinel-common	0.1.0	workspace	bincode	2.0.1	registry	false	false	false
edge	sentinel-common	0.1.0	workspace	flatbuffers	25.12.19	registry	false	false	false
edge	sentinel-common	0.1.0	workspace	serde	1.0.228	registry	false	false	false
edge	sentinel-common	0.1.0	workspace	serde_json	1.0.149	registry	false	false	false
edge	sentinel-common	0.1.0	workspace	sha2	0.10.9	registry	false	false	false
edge	sentinel-common	0.1.0	workspace	thiserror	2.0.18	registry	false	false	false
edge	sentinel-common	0.1.0	workspace	toml	1.0.6+spec-1.1.0	registry	false	false	false
edge	sentinel-common	0.1.0	workspace	tracing	0.1.44	registry	false	false	false
edge	sentinel-common	0.1.0	workspace	uuid	1.22.0	registry	false	false	false
edge	sentinel-daemon	0.1.0	workspace	anyhow	1.0.103	registry	false	false	false
edge	sentinel-daemon	0.1.0	workspace	async-nats	0.47.0	registry	false	false	false
edge	sentinel-daemon	0.1.0	workspace	bevy_ecs	0.18.1	registry	false	false	false
edge	sentinel-daemon	0.1.0	workspace	bincode	2.0.1	registry	false	false	false
edge	sentinel-daemon	0.1.0	workspace	chrono	0.4.44	registry	false	false	false
edge	sentinel-daemon	0.1.0	workspace	clap	4.5.60	registry	false	false	false
edge	sentinel-daemon	0.1.0	workspace	futures	0.3.32	registry	false	false	false
edge	sentinel-daemon	0.1.0	workspace	redb	3.1.1	registry	false	false	false
edge	sentinel-daemon	0.1.0	workspace	reqwest	0.12.28	registry	false	false	false
edge	sentinel-daemon	0.1.0	workspace	sentinel-cluster-control	0.1.0	workspace	false	false	false
edge	sentinel-daemon	0.1.0	workspace	sentinel-common	0.1.0	workspace	false	false	false
edge	sentinel-daemon	0.1.0	workspace	sentinel-ebpf	0.1.0	workspace	false	false	false
edge	sentinel-daemon	0.1.0	workspace	sentinel-ecs	0.1.0	workspace	false	false	false
edge	sentinel-daemon	0.1.0	workspace	sentinel-fs	0.1.0	workspace	false	false	false
edge	sentinel-daemon	0.1.0	workspace	sentinel-hippocampus	0.1.0	workspace	false	false	false
edge	sentinel-daemon	0.1.0	workspace	sentinel-limbo	0.1.0	workspace	false	false	false
edge	sentinel-daemon	0.1.0	workspace	sentinel-projection	0.1.0	workspace	false	false	false
edge	sentinel-daemon	0.1.0	workspace	sentinel-redb	0.1.0	workspace	false	false	false
edge	sentinel-daemon	0.1.0	workspace	sentinel-runtime	0.1.0	workspace	false	false	false
edge	sentinel-daemon	0.1.0	workspace	sentinel-sandbox	0.1.0	workspace	false	false	false
edge	sentinel-daemon	0.1.0	workspace	sentinel-telemetry	0.1.0	workspace	false	false	false
edge	sentinel-daemon	0.1.0	workspace	sentinel-wasm	0.1.0	workspace	false	false	false
edge	sentinel-daemon	0.1.0	workspace	sentinel-zenoh	0.1.0	workspace	false	false	false
edge	sentinel-daemon	0.1.0	workspace	serde	1.0.228	registry	false	false	false
edge	sentinel-daemon	0.1.0	workspace	serde_json	1.0.149	registry	false	false	false
edge	sentinel-daemon	0.1.0	workspace	sha2	0.10.9	registry	false	false	false
edge	sentinel-daemon	0.1.0	workspace	tokio	1.52.3	registry	false	false	false
edge	sentinel-daemon	0.1.0	workspace	toml	1.0.6+spec-1.1.0	registry	false	false	false
edge	sentinel-daemon	0.1.0	workspace	tracing	0.1.44	registry	false	false	false
edge	sentinel-daemon	0.1.0	workspace	tracing-subscriber	0.3.22	registry	false	false	false
edge	sentinel-daemon	0.1.0	workspace	uuid	1.22.0	registry	false	false	false
edge	sentinel-ebpf	0.1.0	workspace	anyhow	1.0.103	registry	false	false	false
edge	sentinel-ebpf	0.1.0	workspace	aya	0.13.2	git	false	false	false
edge	sentinel-ebpf	0.1.0	workspace	aya-log	0.2.2	git	false	false	false
edge	sentinel-ebpf	0.1.0	workspace	libc	0.2.186	registry	false	false	false
edge	sentinel-ebpf	0.1.0	workspace	object	0.38.1	registry	false	false	false
edge	sentinel-ebpf	0.1.0	workspace	sentinel-common	0.1.0	workspace	false	false	false
edge	sentinel-ebpf	0.1.0	workspace	serde	1.0.228	registry	false	false	false
edge	sentinel-ebpf	0.1.0	workspace	serde_json	1.0.149	registry	false	false	false
edge	sentinel-ebpf	0.1.0	workspace	thiserror	2.0.18	registry	false	false	false
edge	sentinel-ebpf	0.1.0	workspace	tokio	1.52.3	registry	false	false	false
edge	sentinel-ebpf	0.1.0	workspace	tracing	0.1.44	registry	false	false	false
edge	sentinel-ebpf	0.1.0	workspace	tracing-subscriber	0.3.22	registry	false	false	false
edge	sentinel-ecs	0.1.0	workspace	bevy_ecs	0.18.1	registry	false	false	false
edge	sentinel-ecs	0.1.0	workspace	bincode	2.0.1	registry	false	false	false
edge	sentinel-ecs	0.1.0	workspace	sentinel-bio	0.1.0	workspace	false	false	false
edge	sentinel-ecs	0.1.0	workspace	sentinel-common	0.1.0	workspace	false	false	false
edge	sentinel-ecs	0.1.0	workspace	sentinel-limbo	0.1.0	workspace	false	false	false
edge	sentinel-ecs	0.1.0	workspace	sentinel-physics	0.1.0	workspace	false	false	false
edge	sentinel-ecs	0.1.0	workspace	sentinel-redb	0.1.0	workspace	false	false	false
edge	sentinel-ecs	0.1.0	workspace	sentinel-wasm	0.1.0	workspace	false	false	false
edge	sentinel-ecs	0.1.0	workspace	serde	1.0.228	registry	false	false	false
edge	sentinel-ecs	0.1.0	workspace	serde_json	1.0.149	registry	false	false	false
edge	sentinel-ecs	0.1.0	workspace	sha2	0.10.9	registry	false	false	false
edge	sentinel-ecs	0.1.0	workspace	tokio	1.52.3	registry	false	false	false
edge	sentinel-ecs	0.1.0	workspace	tracing	0.1.44	registry	false	false	false
edge	sentinel-ecs	0.1.0	workspace	uuid	1.22.0	registry	false	false	false
edge	sentinel-fs	0.1.0	workspace	anyhow	1.0.103	registry	false	false	false
edge	sentinel-fs	0.1.0	workspace	bincode	2.0.1	registry	false	false	false
edge	sentinel-fs	0.1.0	workspace	blake3	1.8.3	registry	false	false	false
edge	sentinel-fs	0.1.0	workspace	fuser	0.17.0	registry	false	false	false
edge	sentinel-fs	0.1.0	workspace	libc	0.2.186	registry	false	false	false
edge	sentinel-fs	0.1.0	workspace	rayon	1.11.0	registry	false	false	false
edge	sentinel-fs	0.1.0	workspace	redb	3.1.1	registry	false	false	false
edge	sentinel-fs	0.1.0	workspace	rustix	1.1.4	registry	false	false	false
edge	sentinel-fs	0.1.0	workspace	sentinel-common	0.1.0	workspace	false	false	false
edge	sentinel-fs	0.1.0	workspace	sentinel-telemetry	0.1.0	workspace	false	false	false
edge	sentinel-fs	0.1.0	workspace	serde	1.0.228	registry	false	false	false
edge	sentinel-fs	0.1.0	workspace	serde_json	1.0.149	registry	false	false	false
edge	sentinel-fs	0.1.0	workspace	sha2	0.10.9	registry	false	false	false
edge	sentinel-fs	0.1.0	workspace	tracing	0.1.44	registry	false	false	false
edge	sentinel-fs	0.1.0	workspace	uuid	1.22.0	registry	false	false	false
edge	sentinel-fs	0.1.0	workspace	zstd	0.13.3	registry	false	false	false
edge	sentinel-hippocampus	0.1.0	workspace	anyhow	1.0.103	registry	false	false	false
edge	sentinel-hippocampus	0.1.0	workspace	redb	3.1.1	registry	false	false	false
edge	sentinel-hippocampus	0.1.0	workspace	sentinel-common	0.1.0	workspace	false	false	false
edge	sentinel-hippocampus	0.1.0	workspace	serde	1.0.228	registry	false	false	false
edge	sentinel-hippocampus	0.1.0	workspace	serde_json	1.0.149	registry	false	false	false
edge	sentinel-hippocampus	0.1.0	workspace	thiserror	2.0.18	registry	false	false	false
edge	sentinel-limbo	0.1.0	workspace	anyhow	1.0.103	registry	false	false	false
edge	sentinel-limbo	0.1.0	workspace	rusqlite	0.38.0	registry	false	false	false
edge	sentinel-limbo	0.1.0	workspace	sentinel-common	0.1.0	workspace	false	false	false
edge	sentinel-limbo	0.1.0	workspace	sentinel-telemetry	0.1.0	workspace	false	false	false
edge	sentinel-limbo	0.1.0	workspace	serde	1.0.228	registry	false	false	false
edge	sentinel-limbo	0.1.0	workspace	serde_json	1.0.149	registry	false	false	false
edge	sentinel-limbo	0.1.0	workspace	tokio	1.52.3	registry	false	false	false
edge	sentinel-limbo	0.1.0	workspace	tracing	0.1.44	registry	false	false	false
edge	sentinel-limbo	0.1.0	workspace	uuid	1.22.0	registry	false	false	false
edge	sentinel-physics	0.1.0	workspace	sentinel-common	0.1.0	workspace	false	false	false
edge	sentinel-projection	0.1.0	workspace	anyhow	1.0.103	registry	false	false	false
edge	sentinel-projection	0.1.0	workspace	rusqlite	0.38.0	registry	false	false	false
edge	sentinel-projection	0.1.0	workspace	sentinel-common	0.1.0	workspace	false	false	false
edge	sentinel-projection	0.1.0	workspace	sentinel-limbo	0.1.0	workspace	false	false	false
edge	sentinel-projection	0.1.0	workspace	sentinel-physics	0.1.0	workspace	false	false	false
edge	sentinel-projection	0.1.0	workspace	sentinel-telemetry	0.1.0	workspace	false	false	false
edge	sentinel-projection	0.1.0	workspace	serde	1.0.228	registry	false	false	false
edge	sentinel-projection	0.1.0	workspace	serde_json	1.0.149	registry	false	false	false
edge	sentinel-projection	0.1.0	workspace	tracing	0.1.44	registry	false	false	false
edge	sentinel-projection	0.1.0	workspace	uuid	1.22.0	registry	false	false	false
edge	sentinel-redb	0.1.0	workspace	anyhow	1.0.103	registry	false	false	false
edge	sentinel-redb	0.1.0	workspace	redb	3.1.1	registry	false	false	false
edge	sentinel-redb	0.1.0	workspace	sentinel-common	0.1.0	workspace	false	false	false
edge	sentinel-redb	0.1.0	workspace	sentinel-telemetry	0.1.0	workspace	false	false	false
edge	sentinel-redb	0.1.0	workspace	serde	1.0.228	registry	false	false	false
edge	sentinel-redb	0.1.0	workspace	serde_json	1.0.149	registry	false	false	false
edge	sentinel-redb	0.1.0	workspace	tracing	0.1.44	registry	false	false	false
edge	sentinel-runtime	0.1.0	workspace	anyhow	1.0.103	registry	false	false	false
edge	sentinel-runtime	0.1.0	workspace	bevy_ecs	0.18.1	registry	false	false	false
edge	sentinel-runtime	0.1.0	workspace	sentinel-common	0.1.0	workspace	false	false	false
edge	sentinel-runtime	0.1.0	workspace	sentinel-ecs	0.1.0	workspace	false	false	false
edge	sentinel-runtime	0.1.0	workspace	sentinel-limbo	0.1.0	workspace	false	false	false
edge	sentinel-runtime	0.1.0	workspace	serde	1.0.228	registry	false	false	false
edge	sentinel-runtime	0.1.0	workspace	serde_json	1.0.149	registry	false	false	false
edge	sentinel-runtime	0.1.0	workspace	tracing	0.1.44	registry	false	false	false
edge	sentinel-runtime	0.1.0	workspace	uuid	1.22.0	registry	false	false	false
edge	sentinel-sandbox	0.1.0	workspace	anyhow	1.0.103	registry	false	false	false
edge	sentinel-sandbox	0.1.0	workspace	landlock	0.4.4	registry	false	false	false
edge	sentinel-sandbox	0.1.0	workspace	libc	0.2.186	registry	false	false	false
edge	sentinel-sandbox	0.1.0	workspace	sentinel-common	0.1.0	workspace	false	false	false
edge	sentinel-sandbox	0.1.0	workspace	sentinel-fs	0.1.0	workspace	false	false	false
edge	sentinel-sandbox	0.1.0	workspace	sentinel-zenoh	0.1.0	workspace	false	false	false
edge	sentinel-sandbox	0.1.0	workspace	serde	1.0.228	registry	false	false	false
edge	sentinel-sandbox	0.1.0	workspace	serde_json	1.0.149	registry	false	false	false
edge	sentinel-sandbox	0.1.0	workspace	tokio	1.52.3	registry	false	false	false
edge	sentinel-sandbox	0.1.0	workspace	tracing	0.1.44	registry	false	false	false
edge	sentinel-telemetry	0.1.0	workspace	sentinel-common	0.1.0	workspace	false	false	false
edge	sentinel-telemetry	0.1.0	workspace	serde	1.0.228	registry	false	false	false
edge	sentinel-telemetry	0.1.0	workspace	serde_json	1.0.149	registry	false	false	false
edge	sentinel-telemetry	0.1.0	workspace	tracing	0.1.44	registry	false	false	false
edge	sentinel-telemetry	0.1.0	workspace	tracing-subscriber	0.3.22	registry	false	false	false
edge	sentinel-telemetry	0.1.0	workspace	uuid	1.22.0	registry	false	false	false
edge	sentinel-wasm	0.1.0	workspace	anyhow	1.0.103	registry	false	false	false
edge	sentinel-wasm	0.1.0	workspace	sentinel-common	0.1.0	workspace	false	false	false
edge	sentinel-wasm	0.1.0	workspace	serde	1.0.228	registry	false	false	false
edge	sentinel-wasm	0.1.0	workspace	serde_json	1.0.149	registry	false	false	false
edge	sentinel-wasm	0.1.0	workspace	tracing	0.1.44	registry	false	false	false
edge	sentinel-wasm	0.1.0	workspace	wasmtime	45.0.3	registry	false	false	false
edge	sentinel-wasm	0.1.0	workspace	wasmtime-wasi	45.0.3	registry	false	false	false
edge	sentinel-zenoh	0.1.0	workspace	anyhow	1.0.103	registry	false	false	false
edge	sentinel-zenoh	0.1.0	workspace	flatbuffers	25.12.19	registry	false	false	false
edge	sentinel-zenoh	0.1.0	workspace	sentinel-common	0.1.0	workspace	false	false	false
edge	sentinel-zenoh	0.1.0	workspace	sentinel-telemetry	0.1.0	workspace	false	false	false
edge	sentinel-zenoh	0.1.0	workspace	serde	1.0.228	registry	false	false	false
edge	sentinel-zenoh	0.1.0	workspace	serde_json	1.0.149	registry	false	false	false
edge	sentinel-zenoh	0.1.0	workspace	tokio	1.52.3	registry	false	false	false
edge	sentinel-zenoh	0.1.0	workspace	tracing	0.1.44	registry	false	false	false
edge	sentinel-zenoh	0.1.0	workspace	uuid	1.22.0	registry	false	false	false
edge	sentinel-zenoh	0.1.0	workspace	zenoh	1.7.2	registry	false	false	false
edge	serde	1.0.228	registry	serde_core	1.0.228	registry	false	false	false
edge	serde	1.0.228	registry	serde_derive	1.0.228	registry	false	false	false
edge	serde_derive	1.0.228	registry	proc-macro2	1.0.106	registry	false	false	false
edge	serde_derive	1.0.228	registry	quote	1.0.44	registry	false	false	false
edge	serde_derive	1.0.228	registry	syn	2.0.117	registry	false	false	false
edge	serde_derive_internals	0.29.1	registry	proc-macro2	1.0.106	registry	false	false	false
edge	serde_derive_internals	0.29.1	registry	quote	1.0.44	registry	false	false	false
edge	serde_derive_internals	0.29.1	registry	syn	2.0.117	registry	false	false	false
edge	serde_json	1.0.149	registry	itoa	1.0.17	registry	false	false	false
edge	serde_json	1.0.149	registry	memchr	2.8.0	registry	false	false	false
edge	serde_json	1.0.149	registry	serde_core	1.0.228	registry	false	false	false
edge	serde_json	1.0.149	registry	zmij	1.0.21	registry	false	false	false
edge	serde_nanos	0.1.4	registry	serde	1.0.228	registry	false	false	false
edge	serde_repr	0.1.20	registry	proc-macro2	1.0.106	registry	false	false	false
edge	serde_repr	0.1.20	registry	quote	1.0.44	registry	false	false	false
edge	serde_repr	0.1.20	registry	syn	2.0.117	registry	false	false	false
edge	serde_spanned	1.0.4	registry	serde_core	1.0.228	registry	false	false	false
edge	serde_urlencoded	0.7.1	registry	form_urlencoded	1.2.2	registry	false	false	false
edge	serde_urlencoded	0.7.1	registry	itoa	1.0.17	registry	false	false	false
edge	serde_urlencoded	0.7.1	registry	ryu	1.0.23	registry	false	false	false
edge	serde_urlencoded	0.7.1	registry	serde	1.0.228	registry	false	false	false
edge	serde_with	3.17.0	registry	serde_core	1.0.228	registry	false	false	false
edge	serde_with	3.17.0	registry	serde_with_macros	3.17.0	registry	false	false	false
edge	serde_with_macros	3.17.0	registry	darling	0.21.3	registry	false	false	false
edge	serde_with_macros	3.17.0	registry	proc-macro2	1.0.106	registry	false	false	false
edge	serde_with_macros	3.17.0	registry	quote	1.0.44	registry	false	false	false
edge	serde_with_macros	3.17.0	registry	syn	2.0.117	registry	false	false	false
edge	serde_yaml	0.9.34+deprecated	registry	indexmap	2.14.0	registry	false	false	false
edge	serde_yaml	0.9.34+deprecated	registry	itoa	1.0.17	registry	false	false	false
edge	serde_yaml	0.9.34+deprecated	registry	ryu	1.0.23	registry	false	false	false
edge	serde_yaml	0.9.34+deprecated	registry	serde	1.0.228	registry	false	false	false
edge	serde_yaml	0.9.34+deprecated	registry	unsafe-libyaml	0.2.11	registry	false	false	false
edge	sha1	0.10.6	registry	cfg-if	1.0.4	registry	false	false	false
edge	sha1	0.10.6	registry	cpufeatures	0.2.17	registry	false	false	false
edge	sha1	0.10.6	registry	digest	0.10.7	registry	false	false	false
edge	sha2	0.10.9	registry	cfg-if	1.0.4	registry	false	false	false
edge	sha2	0.10.9	registry	cpufeatures	0.2.17	registry	false	false	false
edge	sha2	0.10.9	registry	digest	0.10.7	registry	false	false	false
edge	sha3	0.10.8	registry	digest	0.10.7	registry	false	false	false
edge	sha3	0.10.8	registry	keccak	0.1.6	registry	false	false	false
edge	sharded-slab	0.1.7	registry	lazy_static	1.5.0	registry	false	false	false
edge	shellexpand	3.1.2	registry	dirs	6.0.0	registry	false	false	false
edge	signal-hook-registry	1.4.8	registry	errno	0.3.14	registry	false	false	false
edge	signal-hook-registry	1.4.8	registry	libc	0.2.186	registry	false	false	false
edge	signatory	0.27.1	registry	pkcs8	0.10.2	registry	false	false	false
edge	signatory	0.27.1	registry	rand_core	0.6.4	registry	false	false	false
edge	signatory	0.27.1	registry	signature	2.2.0	registry	false	false	false
edge	signatory	0.27.1	registry	zeroize	1.8.2	registry	false	false	false
edge	signature	2.2.0	registry	digest	0.10.7	registry	false	false	false
edge	signature	2.2.0	registry	rand_core	0.6.4	registry	false	false	false
edge	slotmap	1.1.1	registry	version_check	0.9.5	registry	false	false	false
edge	smallvec	1.15.1	registry	serde	1.0.228	registry	false	false	false
edge	socket2	0.5.10	registry	libc	0.2.186	registry	false	false	false
edge	socket2	0.6.4	registry	libc	0.2.186	registry	false	false	false
edge	spin	0.9.9	registry	lock_api	0.4.14	registry	false	false	false
edge	spki	0.7.3	registry	der	0.7.10	registry	false	false	false
edge	stabby	72.1.4	registry	rustversion	1.0.22	registry	false	false	false
edge	stabby	72.1.4	registry	stabby-abi	72.1.4	registry	false	false	false
edge	stabby-abi	72.1.4	registry	rustc_version	0.4.1	registry	false	false	false
edge	stabby-abi	72.1.4	registry	rustversion	1.0.22	registry	false	false	false
edge	stabby-abi	72.1.4	registry	sha2-const-stable	0.1.0	registry	false	false	false
edge	stabby-abi	72.1.4	registry	stabby-macros	72.1.4	registry	false	false	false
edge	stabby-macros	72.1.4	registry	proc-macro-crate	2.0.2	registry	false	false	false
edge	stabby-macros	72.1.4	registry	proc-macro2	1.0.106	registry	false	false	false
edge	stabby-macros	72.1.4	registry	quote	1.0.44	registry	false	false	false
edge	stabby-macros	72.1.4	registry	rand	0.8.6	registry	false	false	false
edge	stabby-macros	72.1.4	registry	syn	2.0.117	registry	false	false	false
edge	syn	2.0.117	registry	proc-macro2	1.0.106	registry	false	false	false
edge	syn	2.0.117	registry	quote	1.0.44	registry	false	false	false
edge	syn	2.0.117	registry	unicode-ident	1.0.24	registry	false	false	false
edge	sync_wrapper	1.0.2	registry	futures-core	0.3.32	registry	false	false	false
edge	synstructure	0.13.2	registry	proc-macro2	1.0.106	registry	false	false	false
edge	synstructure	0.13.2	registry	quote	1.0.44	registry	false	false	false
edge	synstructure	0.13.2	registry	syn	2.0.117	registry	false	false	false
edge	tempfile	3.27.0	registry	fastrand	2.3.0	registry	false	false	false
edge	tempfile	3.27.0	registry	getrandom	0.4.1	registry	false	false	false
edge	tempfile	3.27.0	registry	once_cell	1.21.3	registry	false	false	false
edge	tempfile	3.27.0	registry	rustix	1.1.4	registry	false	false	false
edge	thiserror	1.0.69	registry	thiserror-impl	1.0.69	registry	false	false	false
edge	thiserror	2.0.18	registry	thiserror-impl	2.0.18	registry	false	false	false
edge	thiserror-impl	1.0.69	registry	proc-macro2	1.0.106	registry	false	false	false
edge	thiserror-impl	1.0.69	registry	quote	1.0.44	registry	false	false	false
edge	thiserror-impl	1.0.69	registry	syn	2.0.117	registry	false	false	false
edge	thiserror-impl	2.0.18	registry	proc-macro2	1.0.106	registry	false	false	false
edge	thiserror-impl	2.0.18	registry	quote	1.0.44	registry	false	false	false
edge	thiserror-impl	2.0.18	registry	syn	2.0.117	registry	false	false	false
edge	thread_local	1.1.9	registry	cfg-if	1.0.4	registry	false	false	false
edge	time	0.3.47	registry	deranged	0.5.8	registry	false	false	false
edge	time	0.3.47	registry	itoa	1.0.17	registry	false	false	false
edge	time	0.3.47	registry	num-conv	0.2.0	registry	false	false	false
edge	time	0.3.47	registry	powerfmt	0.2.0	registry	false	false	false
edge	time	0.3.47	registry	serde_core	1.0.228	registry	false	false	false
edge	time	0.3.47	registry	time-core	0.1.8	registry	false	false	false
edge	time	0.3.47	registry	time-macros	0.2.27	registry	false	false	false
edge	time-macros	0.2.27	registry	num-conv	0.2.0	registry	false	false	false
edge	time-macros	0.2.27	registry	time-core	0.1.8	registry	false	false	false
edge	tinystr	0.8.2	registry	displaydoc	0.2.5	registry	false	false	false
edge	tinystr	0.8.2	registry	zerovec	0.11.5	registry	false	false	false
edge	tinyvec	1.10.0	registry	tinyvec_macros	0.1.1	registry	false	false	false
edge	tls-listener	0.11.2	registry	futures-util	0.3.32	registry	false	false	false
edge	tls-listener	0.11.2	registry	pin-project-lite	0.2.16	registry	false	false	false
edge	tls-listener	0.11.2	registry	thiserror	2.0.18	registry	false	false	false
edge	tls-listener	0.11.2	registry	tokio	1.52.3	registry	false	false	false
edge	tls-listener	0.11.2	registry	tokio-rustls	0.26.4	registry	false	false	false
edge	token-cell	2.1.1	registry	paste	1.0.15	registry	false	false	false
edge	token-cell	2.1.1	registry	portable-atomic	1.13.1	registry	false	false	false
edge	token-cell	2.1.1	registry	rustversion	1.0.22	registry	false	false	false
edge	tokio	1.52.3	registry	bytes	1.11.1	registry	false	false	false
edge	tokio	1.52.3	registry	libc	0.2.186	registry	false	false	false
edge	tokio	1.52.3	registry	mio	1.2.1	registry	false	false	false
edge	tokio	1.52.3	registry	parking_lot	0.12.5	registry	false	false	false
edge	tokio	1.52.3	registry	pin-project-lite	0.2.16	registry	false	false	false
edge	tokio	1.52.3	registry	signal-hook-registry	1.4.8	registry	false	false	false
edge	tokio	1.52.3	registry	socket2	0.6.4	registry	false	false	false
edge	tokio	1.52.3	registry	tokio-macros	2.7.0	registry	false	false	false
edge	tokio-macros	2.7.0	registry	proc-macro2	1.0.106	registry	false	false	false
edge	tokio-macros	2.7.0	registry	quote	1.0.44	registry	false	false	false
edge	tokio-macros	2.7.0	registry	syn	2.0.117	registry	false	false	false
edge	tokio-rustls	0.26.4	registry	rustls	0.23.37	registry	false	false	false
edge	tokio-rustls	0.26.4	registry	tokio	1.52.3	registry	false	false	false
edge	tokio-stream	0.1.18	registry	futures-core	0.3.32	registry	false	false	false
edge	tokio-stream	0.1.18	registry	pin-project-lite	0.2.16	registry	false	false	false
edge	tokio-stream	0.1.18	registry	tokio	1.52.3	registry	false	false	false
edge	tokio-tungstenite	0.24.0	registry	futures-util	0.3.32	registry	false	false	false
edge	tokio-tungstenite	0.24.0	registry	log	0.4.29	registry	false	false	false
edge	tokio-tungstenite	0.24.0	registry	tokio	1.52.3	registry	false	false	false
edge	tokio-tungstenite	0.24.0	registry	tungstenite	0.24.0	registry	false	false	false
edge	tokio-util	0.7.18	registry	bytes	1.11.1	registry	false	false	false
edge	tokio-util	0.7.18	registry	futures-core	0.3.32	registry	false	false	false
edge	tokio-util	0.7.18	registry	futures-sink	0.3.32	registry	false	false	false
edge	tokio-util	0.7.18	registry	futures-util	0.3.32	registry	false	false	false
edge	tokio-util	0.7.18	registry	pin-project-lite	0.2.16	registry	false	false	false
edge	tokio-util	0.7.18	registry	tokio	1.52.3	registry	false	false	false
edge	tokio-websockets	0.10.1	registry	base64	0.22.1	registry	false	false	false
edge	tokio-websockets	0.10.1	registry	bytes	1.11.1	registry	false	false	false
edge	tokio-websockets	0.10.1	registry	futures-core	0.3.32	registry	false	false	false
edge	tokio-websockets	0.10.1	registry	futures-sink	0.3.32	registry	false	false	false
edge	tokio-websockets	0.10.1	registry	http	1.4.0	registry	false	false	false
edge	tokio-websockets	0.10.1	registry	httparse	1.10.1	registry	false	false	false
edge	tokio-websockets	0.10.1	registry	rand	0.8.6	registry	false	false	false
edge	tokio-websockets	0.10.1	registry	ring	0.17.14	registry	false	false	false
edge	tokio-websockets	0.10.1	registry	rustls-pki-types	1.14.0	registry	false	false	false
edge	tokio-websockets	0.10.1	registry	tokio	1.52.3	registry	false	false	false
edge	tokio-websockets	0.10.1	registry	tokio-rustls	0.26.4	registry	false	false	false
edge	tokio-websockets	0.10.1	registry	tokio-util	0.7.18	registry	false	false	false
edge	tokio-websockets	0.10.1	registry	webpki-roots	0.26.11	registry	false	false	false
edge	toml	0.9.12+spec-1.1.0	registry	serde_core	1.0.228	registry	false	false	false
edge	toml	0.9.12+spec-1.1.0	registry	serde_spanned	1.0.4	registry	false	false	false
edge	toml	0.9.12+spec-1.1.0	registry	toml_datetime	0.7.5+spec-1.1.0	registry	false	false	false
edge	toml	0.9.12+spec-1.1.0	registry	toml_parser	1.0.9+spec-1.1.0	registry	false	false	false
edge	toml	0.9.12+spec-1.1.0	registry	toml_writer	1.0.6+spec-1.1.0	registry	false	false	false
edge	toml	0.9.12+spec-1.1.0	registry	winnow	0.7.14	registry	false	false	false
edge	toml	1.0.6+spec-1.1.0	registry	serde_core	1.0.228	registry	false	false	false
edge	toml	1.0.6+spec-1.1.0	registry	serde_spanned	1.0.4	registry	false	false	false
edge	toml	1.0.6+spec-1.1.0	registry	toml_datetime	1.0.0+spec-1.1.0	registry	false	false	false
edge	toml	1.0.6+spec-1.1.0	registry	toml_parser	1.0.9+spec-1.1.0	registry	false	false	false
edge	toml	1.0.6+spec-1.1.0	registry	toml_writer	1.0.6+spec-1.1.0	registry	false	false	false
edge	toml	1.0.6+spec-1.1.0	registry	winnow	0.7.14	registry	false	false	false
edge	toml_datetime	0.7.5+spec-1.1.0	registry	serde_core	1.0.228	registry	false	false	false
edge	toml_datetime	1.0.0+spec-1.1.0	registry	serde_core	1.0.228	registry	false	false	false
edge	toml_edit	0.20.2	registry	indexmap	2.14.0	registry	false	false	false
edge	toml_edit	0.20.2	registry	toml_datetime	0.6.3	registry	false	false	false
edge	toml_edit	0.20.2	registry	winnow	0.5.40	registry	false	false	false
edge	toml_edit	0.23.10+spec-1.0.0	registry	indexmap	2.14.0	registry	false	false	false
edge	toml_edit	0.23.10+spec-1.0.0	registry	toml_datetime	0.7.5+spec-1.1.0	registry	false	false	false
edge	toml_edit	0.23.10+spec-1.0.0	registry	toml_parser	1.0.9+spec-1.1.0	registry	false	false	false
edge	toml_edit	0.23.10+spec-1.0.0	registry	winnow	0.7.14	registry	false	false	false
edge	toml_parser	1.0.9+spec-1.1.0	registry	winnow	0.7.14	registry	false	false	false
edge	tower	0.5.3	registry	futures-core	0.3.32	registry	false	false	false
edge	tower	0.5.3	registry	futures-util	0.3.32	registry	false	false	false
edge	tower	0.5.3	registry	pin-project-lite	0.2.16	registry	false	false	false
edge	tower	0.5.3	registry	sync_wrapper	1.0.2	registry	false	false	false
edge	tower	0.5.3	registry	tokio	1.52.3	registry	false	false	false
edge	tower	0.5.3	registry	tower-layer	0.3.3	registry	false	false	false
edge	tower	0.5.3	registry	tower-service	0.3.3	registry	false	false	false
edge	tower-http	0.6.8	registry	bitflags	2.11.0	registry	false	false	false
edge	tower-http	0.6.8	registry	bytes	1.11.1	registry	false	false	false
edge	tower-http	0.6.8	registry	futures-util	0.3.32	registry	false	false	false
edge	tower-http	0.6.8	registry	http	1.4.0	registry	false	false	false
edge	tower-http	0.6.8	registry	http-body	1.0.1	registry	false	false	false
edge	tower-http	0.6.8	registry	iri-string	0.7.10	registry	false	false	false
edge	tower-http	0.6.8	registry	pin-project-lite	0.2.16	registry	false	false	false
edge	tower-http	0.6.8	registry	tower	0.5.3	registry	false	false	false
edge	tower-http	0.6.8	registry	tower-layer	0.3.3	registry	false	false	false
edge	tower-http	0.6.8	registry	tower-service	0.3.3	registry	false	false	false
edge	tracing	0.1.44	registry	log	0.4.29	registry	false	false	false
edge	tracing	0.1.44	registry	pin-project-lite	0.2.16	registry	false	false	false
edge	tracing	0.1.44	registry	tracing-attributes	0.1.31	registry	false	false	false
edge	tracing	0.1.44	registry	tracing-core	0.1.36	registry	false	false	false
edge	tracing-attributes	0.1.31	registry	proc-macro2	1.0.106	registry	false	false	false
edge	tracing-attributes	0.1.31	registry	quote	1.0.44	registry	false	false	false
edge	tracing-attributes	0.1.31	registry	syn	2.0.117	registry	false	false	false
edge	tracing-core	0.1.36	registry	once_cell	1.21.3	registry	false	false	false
edge	tracing-log	0.2.0	registry	log	0.4.29	registry	false	false	false
edge	tracing-log	0.2.0	registry	once_cell	1.21.3	registry	false	false	false
edge	tracing-log	0.2.0	registry	tracing-core	0.1.36	registry	false	false	false
edge	tracing-serde	0.2.0	registry	serde	1.0.228	registry	false	false	false
edge	tracing-serde	0.2.0	registry	tracing-core	0.1.36	registry	false	false	false
edge	tracing-subscriber	0.3.22	registry	matchers	0.2.0	registry	false	false	false
edge	tracing-subscriber	0.3.22	registry	nu-ansi-term	0.50.3	registry	false	false	false
edge	tracing-subscriber	0.3.22	registry	once_cell	1.21.3	registry	false	false	false
edge	tracing-subscriber	0.3.22	registry	regex-automata	0.4.14	registry	false	false	false
edge	tracing-subscriber	0.3.22	registry	serde	1.0.228	registry	false	false	false
edge	tracing-subscriber	0.3.22	registry	serde_json	1.0.149	registry	false	false	false
edge	tracing-subscriber	0.3.22	registry	sharded-slab	0.1.7	registry	false	false	false
edge	tracing-subscriber	0.3.22	registry	smallvec	1.15.1	registry	false	false	false
edge	tracing-subscriber	0.3.22	registry	thread_local	1.1.9	registry	false	false	false
edge	tracing-subscriber	0.3.22	registry	tracing	0.1.44	registry	false	false	false
edge	tracing-subscriber	0.3.22	registry	tracing-core	0.1.36	registry	false	false	false
edge	tracing-subscriber	0.3.22	registry	tracing-log	0.2.0	registry	false	false	false
edge	tracing-subscriber	0.3.22	registry	tracing-serde	0.2.0	registry	false	false	false
edge	tryhard	0.5.2	registry	pin-project-lite	0.2.16	registry	false	false	false
edge	tryhard	0.5.2	registry	tokio	1.52.3	registry	false	false	false
edge	tungstenite	0.24.0	registry	byteorder	1.5.0	registry	false	false	false
edge	tungstenite	0.24.0	registry	bytes	1.11.1	registry	false	false	false
edge	tungstenite	0.24.0	registry	data-encoding	2.10.0	registry	false	false	false
edge	tungstenite	0.24.0	registry	http	1.4.0	registry	false	false	false
edge	tungstenite	0.24.0	registry	httparse	1.10.1	registry	false	false	false
edge	tungstenite	0.24.0	registry	log	0.4.29	registry	false	false	false
edge	tungstenite	0.24.0	registry	rand	0.8.6	registry	false	false	false
edge	tungstenite	0.24.0	registry	sha1	0.10.6	registry	false	false	false
edge	tungstenite	0.24.0	registry	thiserror	1.0.69	registry	false	false	false
edge	tungstenite	0.24.0	registry	utf-8	0.7.6	registry	false	false	false
edge	uhlc	0.8.2	registry	humantime	2.3.0	registry	false	false	false
edge	uhlc	0.8.2	registry	lazy_static	1.5.0	registry	false	false	false
edge	uhlc	0.8.2	registry	log	0.4.29	registry	false	false	false
edge	uhlc	0.8.2	registry	rand	0.8.6	registry	false	false	false
edge	uhlc	0.8.2	registry	serde	1.0.228	registry	false	false	false
edge	uhlc	0.8.2	registry	spin	0.10.1	registry	false	false	false
edge	unzip-n	0.1.4	registry	proc-macro2	1.0.106	registry	false	false	false
edge	unzip-n	0.1.4	registry	quote	1.0.44	registry	false	false	false
edge	unzip-n	0.1.4	registry	syn	2.0.117	registry	false	false	false
edge	url	2.5.8	registry	form_urlencoded	1.2.2	registry	false	false	false
edge	url	2.5.8	registry	idna	1.1.0	registry	false	false	false
edge	url	2.5.8	registry	percent-encoding	2.3.2	registry	false	false	false
edge	uuid	1.22.0	registry	getrandom	0.4.1	registry	false	false	false
edge	uuid	1.22.0	registry	serde_core	1.0.228	registry	false	false	false
edge	validated_struct	2.2.0	registry	json5	0.4.1	registry	false	false	false
edge	validated_struct	2.2.0	registry	serde	1.0.228	registry	false	false	false
edge	validated_struct	2.2.0	registry	serde_json	1.0.149	registry	false	false	false
edge	validated_struct	2.2.0	registry	validated_struct_macros	2.2.0	registry	false	false	false
edge	validated_struct_macros	2.2.0	registry	proc-macro2	1.0.106	registry	false	false	false
edge	validated_struct_macros	2.2.0	registry	quote	1.0.44	registry	false	false	false
edge	validated_struct_macros	2.2.0	registry	syn	2.0.117	registry	false	false	false
edge	validated_struct_macros	2.2.0	registry	unzip-n	0.1.4	registry	false	false	false
edge	variadics_please	1.1.0	registry	proc-macro2	1.0.106	registry	false	false	false
edge	variadics_please	1.1.0	registry	quote	1.0.44	registry	false	false	false
edge	variadics_please	1.1.0	registry	syn	2.0.117	registry	false	false	false
edge	want	0.3.1	registry	try-lock	0.2.5	registry	false	false	false
edge	wasm-compose	0.248.0	registry	anyhow	1.0.103	registry	false	false	false
edge	wasm-compose	0.248.0	registry	heck	0.5.0	registry	false	false	false
edge	wasm-compose	0.248.0	registry	indexmap	2.14.0	registry	false	false	false
edge	wasm-compose	0.248.0	registry	log	0.4.29	registry	false	false	false
edge	wasm-compose	0.248.0	registry	petgraph	0.6.5	registry	false	false	false
edge	wasm-compose	0.248.0	registry	smallvec	1.15.1	registry	false	false	false
edge	wasm-compose	0.248.0	registry	wasm-encoder	0.248.0	registry	false	false	false
edge	wasm-compose	0.248.0	registry	wasmparser	0.248.0	registry	false	false	false
edge	wasm-compose	0.248.0	registry	wat	1.250.0	registry	false	false	false
edge	wasm-encoder	0.248.0	registry	leb128fmt	0.1.0	registry	false	false	false
edge	wasm-encoder	0.248.0	registry	wasmparser	0.248.0	registry	false	false	false
edge	wasm-encoder	0.250.0	registry	leb128fmt	0.1.0	registry	false	false	false
edge	wasmparser	0.248.0	registry	bitflags	2.11.0	registry	false	false	false
edge	wasmparser	0.248.0	registry	semver	1.0.27	registry	false	false	false
edge	wasmparser	0.248.0	registry	serde	1.0.228	registry	false	false	false
edge	wasmprinter	0.248.0	registry	anyhow	1.0.103	registry	false	false	false
edge	wasmprinter	0.248.0	registry	termcolor	1.4.1	registry	false	false	false
edge	wasmprinter	0.248.0	registry	wasmparser	0.248.0	registry	false	false	false
edge	wasmtime	45.0.3	registry	addr2line	0.26.0	registry	false	false	false
edge	wasmtime	45.0.3	registry	async-trait	0.1.89	registry	false	false	false
edge	wasmtime	45.0.3	registry	bitflags	2.11.0	registry	false	false	false
edge	wasmtime	45.0.3	registry	bumpalo	3.20.2	registry	false	false	false
edge	wasmtime	45.0.3	registry	cc	1.2.56	registry	false	false	false
edge	wasmtime	45.0.3	registry	cfg-if	1.0.4	registry	false	false	false
edge	wasmtime	45.0.3	registry	encoding_rs	0.8.35	registry	false	false	false
edge	wasmtime	45.0.3	registry	futures	0.3.32	registry	false	false	false
edge	wasmtime	45.0.3	registry	fxprof-processed-profile	0.8.1	registry	false	false	false
edge	wasmtime	45.0.3	registry	gimli	0.33.0	registry	false	false	false
edge	wasmtime	45.0.3	registry	ittapi	0.4.0	registry	false	false	false
edge	wasmtime	45.0.3	registry	libc	0.2.186	registry	false	false	false
edge	wasmtime	45.0.3	registry	log	0.4.29	registry	false	false	false
edge	wasmtime	45.0.3	registry	memfd	0.6.5	registry	false	false	false
edge	wasmtime	45.0.3	registry	object	0.39.1	registry	false	false	false
edge	wasmtime	45.0.3	registry	once_cell	1.21.3	registry	false	false	false
edge	wasmtime	45.0.3	registry	postcard	1.1.3	registry	false	false	false
edge	wasmtime	45.0.3	registry	pulley-interpreter	45.0.3	registry	false	false	false
edge	wasmtime	45.0.3	registry	rayon	1.11.0	registry	false	false	false
edge	wasmtime	45.0.3	registry	rustix	1.1.4	registry	false	false	false
edge	wasmtime	45.0.3	registry	semver	1.0.27	registry	false	false	false
edge	wasmtime	45.0.3	registry	serde	1.0.228	registry	false	false	false
edge	wasmtime	45.0.3	registry	serde_derive	1.0.228	registry	false	false	false
edge	wasmtime	45.0.3	registry	serde_json	1.0.149	registry	false	false	false
edge	wasmtime	45.0.3	registry	smallvec	1.15.1	registry	false	false	false
edge	wasmtime	45.0.3	registry	target-lexicon	0.13.5	registry	false	false	false
edge	wasmtime	45.0.3	registry	tempfile	3.27.0	registry	false	false	false
edge	wasmtime	45.0.3	registry	wasm-compose	0.248.0	registry	false	false	false
edge	wasmtime	45.0.3	registry	wasm-encoder	0.248.0	registry	false	false	false
edge	wasmtime	45.0.3	registry	wasmparser	0.248.0	registry	false	false	false
edge	wasmtime	45.0.3	registry	wasmtime-environ	45.0.3	registry	false	false	false
edge	wasmtime	45.0.3	registry	wasmtime-internal-cache	45.0.3	registry	false	false	false
edge	wasmtime	45.0.3	registry	wasmtime-internal-component-macro	45.0.3	registry	false	false	false
edge	wasmtime	45.0.3	registry	wasmtime-internal-component-util	45.0.3	registry	false	false	false
edge	wasmtime	45.0.3	registry	wasmtime-internal-core	45.0.3	registry	false	false	false
edge	wasmtime	45.0.3	registry	wasmtime-internal-cranelift	45.0.3	registry	false	false	false
edge	wasmtime	45.0.3	registry	wasmtime-internal-fiber	45.0.3	registry	false	false	false
edge	wasmtime	45.0.3	registry	wasmtime-internal-jit-debug	45.0.3	registry	false	false	false
edge	wasmtime	45.0.3	registry	wasmtime-internal-jit-icache-coherence	45.0.3	registry	false	false	false
edge	wasmtime	45.0.3	registry	wasmtime-internal-unwinder	45.0.3	registry	false	false	false
edge	wasmtime	45.0.3	registry	wasmtime-internal-versioned-export-macros	45.0.3	registry	false	false	false
edge	wasmtime	45.0.3	registry	wat	1.250.0	registry	false	false	false
edge	wasmtime-environ	45.0.3	registry	anyhow	1.0.103	registry	false	false	false
edge	wasmtime-environ	45.0.3	registry	cpp_demangle	0.4.5	registry	false	false	false
edge	wasmtime-environ	45.0.3	registry	cranelift-bforest	0.132.3	registry	false	false	false
edge	wasmtime-environ	45.0.3	registry	cranelift-bitset	0.132.3	registry	false	false	false
edge	wasmtime-environ	45.0.3	registry	cranelift-entity	0.132.3	registry	false	false	false
edge	wasmtime-environ	45.0.3	registry	gimli	0.33.0	registry	false	false	false
edge	wasmtime-environ	45.0.3	registry	hashbrown	0.17.1	registry	false	false	false
edge	wasmtime-environ	45.0.3	registry	indexmap	2.14.0	registry	false	false	false
edge	wasmtime-environ	45.0.3	registry	log	0.4.29	registry	false	false	false
edge	wasmtime-environ	45.0.3	registry	object	0.39.1	registry	false	false	false
edge	wasmtime-environ	45.0.3	registry	postcard	1.1.3	registry	false	false	false
edge	wasmtime-environ	45.0.3	registry	rustc-demangle	0.1.27	registry	false	false	false
edge	wasmtime-environ	45.0.3	registry	semver	1.0.27	registry	false	false	false
edge	wasmtime-environ	45.0.3	registry	serde	1.0.228	registry	false	false	false
edge	wasmtime-environ	45.0.3	registry	serde_derive	1.0.228	registry	false	false	false
edge	wasmtime-environ	45.0.3	registry	sha2	0.10.9	registry	false	false	false
edge	wasmtime-environ	45.0.3	registry	smallvec	1.15.1	registry	false	false	false
edge	wasmtime-environ	45.0.3	registry	target-lexicon	0.13.5	registry	false	false	false
edge	wasmtime-environ	45.0.3	registry	wasm-encoder	0.248.0	registry	false	false	false
edge	wasmtime-environ	45.0.3	registry	wasmparser	0.248.0	registry	false	false	false
edge	wasmtime-environ	45.0.3	registry	wasmprinter	0.248.0	registry	false	false	false
edge	wasmtime-environ	45.0.3	registry	wasmtime-internal-component-util	45.0.3	registry	false	false	false
edge	wasmtime-environ	45.0.3	registry	wasmtime-internal-core	45.0.3	registry	false	false	false
edge	wasmtime-internal-cache	45.0.3	registry	base64	0.22.1	registry	false	false	false
edge	wasmtime-internal-cache	45.0.3	registry	directories-next	2.0.0	registry	false	false	false
edge	wasmtime-internal-cache	45.0.3	registry	log	0.4.29	registry	false	false	false
edge	wasmtime-internal-cache	45.0.3	registry	postcard	1.1.3	registry	false	false	false
edge	wasmtime-internal-cache	45.0.3	registry	rustix	1.1.4	registry	false	false	false
edge	wasmtime-internal-cache	45.0.3	registry	serde	1.0.228	registry	false	false	false
edge	wasmtime-internal-cache	45.0.3	registry	serde_derive	1.0.228	registry	false	false	false
edge	wasmtime-internal-cache	45.0.3	registry	sha2	0.10.9	registry	false	false	false
edge	wasmtime-internal-cache	45.0.3	registry	toml	0.9.12+spec-1.1.0	registry	false	false	false
edge	wasmtime-internal-cache	45.0.3	registry	wasmtime-environ	45.0.3	registry	false	false	false
edge	wasmtime-internal-cache	45.0.3	registry	zstd	0.13.3	registry	false	false	false
edge	wasmtime-internal-component-macro	45.0.3	registry	anyhow	1.0.103	registry	false	false	false
edge	wasmtime-internal-component-macro	45.0.3	registry	proc-macro2	1.0.106	registry	false	false	false
edge	wasmtime-internal-component-macro	45.0.3	registry	quote	1.0.44	registry	false	false	false
edge	wasmtime-internal-component-macro	45.0.3	registry	syn	2.0.117	registry	false	false	false
edge	wasmtime-internal-component-macro	45.0.3	registry	wasmtime-internal-component-util	45.0.3	registry	false	false	false
edge	wasmtime-internal-component-macro	45.0.3	registry	wasmtime-internal-wit-bindgen	45.0.3	registry	false	false	false
edge	wasmtime-internal-component-macro	45.0.3	registry	wit-parser	0.248.0	registry	false	false	false
edge	wasmtime-internal-core	45.0.3	registry	anyhow	1.0.103	registry	false	false	false
edge	wasmtime-internal-core	45.0.3	registry	hashbrown	0.17.1	registry	false	false	false
edge	wasmtime-internal-core	45.0.3	registry	libm	0.2.16	registry	false	false	false
edge	wasmtime-internal-core	45.0.3	registry	serde	1.0.228	registry	false	false	false
edge	wasmtime-internal-cranelift	45.0.3	registry	cfg-if	1.0.4	registry	false	false	false
edge	wasmtime-internal-cranelift	45.0.3	registry	cranelift-codegen	0.132.3	registry	false	false	false
edge	wasmtime-internal-cranelift	45.0.3	registry	cranelift-control	0.132.3	registry	false	false	false
edge	wasmtime-internal-cranelift	45.0.3	registry	cranelift-entity	0.132.3	registry	false	false	false
edge	wasmtime-internal-cranelift	45.0.3	registry	cranelift-frontend	0.132.3	registry	false	false	false
edge	wasmtime-internal-cranelift	45.0.3	registry	cranelift-native	0.132.3	registry	false	false	false
edge	wasmtime-internal-cranelift	45.0.3	registry	gimli	0.33.0	registry	false	false	false
edge	wasmtime-internal-cranelift	45.0.3	registry	itertools	0.14.0	registry	false	false	false
edge	wasmtime-internal-cranelift	45.0.3	registry	log	0.4.29	registry	false	false	false
edge	wasmtime-internal-cranelift	45.0.3	registry	object	0.39.1	registry	false	false	false
edge	wasmtime-internal-cranelift	45.0.3	registry	pulley-interpreter	45.0.3	registry	false	false	false
edge	wasmtime-internal-cranelift	45.0.3	registry	smallvec	1.15.1	registry	false	false	false
edge	wasmtime-internal-cranelift	45.0.3	registry	target-lexicon	0.13.5	registry	false	false	false
edge	wasmtime-internal-cranelift	45.0.3	registry	thiserror	2.0.18	registry	false	false	false
edge	wasmtime-internal-cranelift	45.0.3	registry	wasmparser	0.248.0	registry	false	false	false
edge	wasmtime-internal-cranelift	45.0.3	registry	wasmtime-environ	45.0.3	registry	false	false	false
edge	wasmtime-internal-cranelift	45.0.3	registry	wasmtime-internal-core	45.0.3	registry	false	false	false
edge	wasmtime-internal-cranelift	45.0.3	registry	wasmtime-internal-unwinder	45.0.3	registry	false	false	false
edge	wasmtime-internal-cranelift	45.0.3	registry	wasmtime-internal-versioned-export-macros	45.0.3	registry	false	false	false
edge	wasmtime-internal-fiber	45.0.3	registry	cc	1.2.56	registry	false	false	false
edge	wasmtime-internal-fiber	45.0.3	registry	cfg-if	1.0.4	registry	false	false	false
edge	wasmtime-internal-fiber	45.0.3	registry	libc	0.2.186	registry	false	false	false
edge	wasmtime-internal-fiber	45.0.3	registry	rustix	1.1.4	registry	false	false	false
edge	wasmtime-internal-fiber	45.0.3	registry	wasmtime-environ	45.0.3	registry	false	false	false
edge	wasmtime-internal-fiber	45.0.3	registry	wasmtime-internal-versioned-export-macros	45.0.3	registry	false	false	false
edge	wasmtime-internal-jit-debug	45.0.3	registry	cc	1.2.56	registry	false	false	false
edge	wasmtime-internal-jit-debug	45.0.3	registry	object	0.39.1	registry	false	false	false
edge	wasmtime-internal-jit-debug	45.0.3	registry	rustix	1.1.4	registry	false	false	false
edge	wasmtime-internal-jit-debug	45.0.3	registry	wasmtime-internal-versioned-export-macros	45.0.3	registry	false	false	false
edge	wasmtime-internal-jit-icache-coherence	45.0.3	registry	cfg-if	1.0.4	registry	false	false	false
edge	wasmtime-internal-jit-icache-coherence	45.0.3	registry	libc	0.2.186	registry	false	false	false
edge	wasmtime-internal-jit-icache-coherence	45.0.3	registry	wasmtime-internal-core	45.0.3	registry	false	false	false
edge	wasmtime-internal-unwinder	45.0.3	registry	cfg-if	1.0.4	registry	false	false	false
edge	wasmtime-internal-unwinder	45.0.3	registry	cranelift-codegen	0.132.3	registry	false	false	false
edge	wasmtime-internal-unwinder	45.0.3	registry	log	0.4.29	registry	false	false	false
edge	wasmtime-internal-unwinder	45.0.3	registry	object	0.39.1	registry	false	false	false
edge	wasmtime-internal-unwinder	45.0.3	registry	wasmtime-environ	45.0.3	registry	false	false	false
edge	wasmtime-internal-versioned-export-macros	45.0.3	registry	proc-macro2	1.0.106	registry	false	false	false
edge	wasmtime-internal-versioned-export-macros	45.0.3	registry	quote	1.0.44	registry	false	false	false
edge	wasmtime-internal-versioned-export-macros	45.0.3	registry	syn	2.0.117	registry	false	false	false
edge	wasmtime-internal-wit-bindgen	45.0.3	registry	anyhow	1.0.103	registry	false	false	false
edge	wasmtime-internal-wit-bindgen	45.0.3	registry	bitflags	2.11.0	registry	false	false	false
edge	wasmtime-internal-wit-bindgen	45.0.3	registry	heck	0.5.0	registry	false	false	false
edge	wasmtime-internal-wit-bindgen	45.0.3	registry	indexmap	2.14.0	registry	false	false	false
edge	wasmtime-internal-wit-bindgen	45.0.3	registry	wit-parser	0.248.0	registry	false	false	false
edge	wasmtime-wasi	45.0.3	registry	async-trait	0.1.89	registry	false	false	false
edge	wasmtime-wasi	45.0.3	registry	bitflags	2.11.0	registry	false	false	false
edge	wasmtime-wasi	45.0.3	registry	bytes	1.11.1	registry	false	false	false
edge	wasmtime-wasi	45.0.3	registry	cap-fs-ext	3.4.5	registry	false	false	false
edge	wasmtime-wasi	45.0.3	registry	cap-net-ext	3.4.5	registry	false	false	false
edge	wasmtime-wasi	45.0.3	registry	cap-std	3.4.5	registry	false	false	false
edge	wasmtime-wasi	45.0.3	registry	cap-time-ext	3.4.5	registry	false	false	false
edge	wasmtime-wasi	45.0.3	registry	cfg-if	1.0.4	registry	false	false	false
edge	wasmtime-wasi	45.0.3	registry	fs-set-times	0.20.3	registry	false	false	false
edge	wasmtime-wasi	45.0.3	registry	futures	0.3.32	registry	false	false	false
edge	wasmtime-wasi	45.0.3	registry	io-lifetimes	2.0.4	registry	false	false	false
edge	wasmtime-wasi	45.0.3	registry	rand	0.10.1	registry	false	false	false
edge	wasmtime-wasi	45.0.3	registry	rustix	1.1.4	registry	false	false	false
edge	wasmtime-wasi	45.0.3	registry	thiserror	2.0.18	registry	false	false	false
edge	wasmtime-wasi	45.0.3	registry	tokio	1.52.3	registry	false	false	false
edge	wasmtime-wasi	45.0.3	registry	tracing	0.1.44	registry	false	false	false
edge	wasmtime-wasi	45.0.3	registry	url	2.5.8	registry	false	false	false
edge	wasmtime-wasi	45.0.3	registry	wasmtime	45.0.3	registry	false	false	false
edge	wasmtime-wasi	45.0.3	registry	wasmtime-wasi-io	45.0.3	registry	false	false	false
edge	wasmtime-wasi	45.0.3	registry	wiggle	45.0.3	registry	false	false	false
edge	wasmtime-wasi-io	45.0.3	registry	async-trait	0.1.89	registry	false	false	false
edge	wasmtime-wasi-io	45.0.3	registry	bytes	1.11.1	registry	false	false	false
edge	wasmtime-wasi-io	45.0.3	registry	futures	0.3.32	registry	false	false	false
edge	wasmtime-wasi-io	45.0.3	registry	tracing	0.1.44	registry	false	false	false
edge	wasmtime-wasi-io	45.0.3	registry	wasmtime	45.0.3	registry	false	false	false
edge	wast	250.0.0	registry	bumpalo	3.20.2	registry	false	false	false
edge	wast	250.0.0	registry	leb128fmt	0.1.0	registry	false	false	false
edge	wast	250.0.0	registry	memchr	2.8.0	registry	false	false	false
edge	wast	250.0.0	registry	unicode-width	0.2.2	registry	false	false	false
edge	wast	250.0.0	registry	wasm-encoder	0.250.0	registry	false	false	false
edge	wast	35.0.2	registry	leb128	0.2.5	registry	false	false	false
edge	wat	1.250.0	registry	wast	250.0.0	registry	false	false	false
edge	webpki-roots	0.26.11	registry	webpki-roots	1.0.6	registry	false	false	false
edge	webpki-roots	1.0.6	registry	rustls-pki-types	1.14.0	registry	false	false	false
edge	wiggle	45.0.3	registry	bitflags	2.11.0	registry	false	false	false
edge	wiggle	45.0.3	registry	thiserror	2.0.18	registry	false	false	false
edge	wiggle	45.0.3	registry	tracing	0.1.44	registry	false	false	false
edge	wiggle	45.0.3	registry	wasmtime	45.0.3	registry	false	false	false
edge	wiggle	45.0.3	registry	wasmtime-environ	45.0.3	registry	false	false	false
edge	wiggle	45.0.3	registry	wiggle-macro	45.0.3	registry	false	false	false
edge	wiggle-generate	45.0.3	registry	heck	0.5.0	registry	false	false	false
edge	wiggle-generate	45.0.3	registry	proc-macro2	1.0.106	registry	false	false	false
edge	wiggle-generate	45.0.3	registry	quote	1.0.44	registry	false	false	false
edge	wiggle-generate	45.0.3	registry	syn	2.0.117	registry	false	false	false
edge	wiggle-generate	45.0.3	registry	wasmtime-environ	45.0.3	registry	false	false	false
edge	wiggle-generate	45.0.3	registry	witx	0.9.1	registry	false	false	false
edge	wiggle-macro	45.0.3	registry	proc-macro2	1.0.106	registry	false	false	false
edge	wiggle-macro	45.0.3	registry	quote	1.0.44	registry	false	false	false
edge	wiggle-macro	45.0.3	registry	syn	2.0.117	registry	false	false	false
edge	wiggle-macro	45.0.3	registry	wiggle-generate	45.0.3	registry	false	false	false
edge	wit-parser	0.248.0	registry	anyhow	1.0.103	registry	false	false	false
edge	wit-parser	0.248.0	registry	hashbrown	0.17.1	registry	false	false	false
edge	wit-parser	0.248.0	registry	id-arena	2.3.0	registry	false	false	false
edge	wit-parser	0.248.0	registry	indexmap	2.14.0	registry	false	false	false
edge	wit-parser	0.248.0	registry	log	0.4.29	registry	false	false	false
edge	wit-parser	0.248.0	registry	semver	1.0.27	registry	false	false	false
edge	wit-parser	0.248.0	registry	serde	1.0.228	registry	false	false	false
edge	wit-parser	0.248.0	registry	serde_derive	1.0.228	registry	false	false	false
edge	wit-parser	0.248.0	registry	serde_json	1.0.149	registry	false	false	false
edge	wit-parser	0.248.0	registry	unicode-xid	0.2.6	registry	false	false	false
edge	wit-parser	0.248.0	registry	wasmparser	0.248.0	registry	false	false	false
edge	witx	0.9.1	registry	anyhow	1.0.103	registry	false	false	false
edge	witx	0.9.1	registry	log	0.4.29	registry	false	false	false
edge	witx	0.9.1	registry	thiserror	1.0.69	registry	false	false	false
edge	witx	0.9.1	registry	wast	35.0.2	registry	false	false	false
edge	x509-parser	0.18.1	registry	asn1-rs	0.7.1	registry	false	false	false
edge	x509-parser	0.18.1	registry	data-encoding	2.10.0	registry	false	false	false
edge	x509-parser	0.18.1	registry	der-parser	10.0.0	registry	false	false	false
edge	x509-parser	0.18.1	registry	lazy_static	1.5.0	registry	false	false	false
edge	x509-parser	0.18.1	registry	nom	7.1.3	registry	false	false	false
edge	x509-parser	0.18.1	registry	oid-registry	0.8.1	registry	false	false	false
edge	x509-parser	0.18.1	registry	rusticata-macros	4.1.0	registry	false	false	false
edge	x509-parser	0.18.1	registry	thiserror	2.0.18	registry	false	false	false
edge	x509-parser	0.18.1	registry	time	0.3.47	registry	false	false	false
edge	yasna	0.5.2	registry	time	0.3.47	registry	false	false	false
edge	yoke	0.8.1	registry	stable_deref_trait	1.2.1	registry	false	false	false
edge	yoke	0.8.1	registry	yoke-derive	0.8.1	registry	false	false	false
edge	yoke	0.8.1	registry	zerofrom	0.1.6	registry	false	false	false
edge	yoke-derive	0.8.1	registry	proc-macro2	1.0.106	registry	false	false	false
edge	yoke-derive	0.8.1	registry	quote	1.0.44	registry	false	false	false
edge	yoke-derive	0.8.1	registry	syn	2.0.117	registry	false	false	false
edge	yoke-derive	0.8.1	registry	synstructure	0.13.2	registry	false	false	false
edge	zenoh	1.7.2	registry	ahash	0.8.12	registry	false	false	false
edge	zenoh	1.7.2	registry	arc-swap	1.8.2	registry	false	false	false
edge	zenoh	1.7.2	registry	async-trait	0.1.89	registry	false	false	false
edge	zenoh	1.7.2	registry	bytes	1.11.1	registry	false	false	false
edge	zenoh	1.7.2	registry	const_format	0.2.35	registry	false	false	false
edge	zenoh	1.7.2	registry	flate2	1.1.9	registry	false	false	false
edge	zenoh	1.7.2	registry	flume	0.11.1	registry	false	false	false
edge	zenoh	1.7.2	registry	futures	0.3.32	registry	false	false	false
edge	zenoh	1.7.2	registry	git-version	0.3.9	registry	false	false	false
edge	zenoh	1.7.2	registry	itertools	0.14.0	registry	false	false	false
edge	zenoh	1.7.2	registry	json5	0.4.1	registry	false	false	false
edge	zenoh	1.7.2	registry	lazy_static	1.5.0	registry	false	false	false
edge	zenoh	1.7.2	registry	nonempty-collections	0.3.1	registry	false	false	false
edge	zenoh	1.7.2	registry	once_cell	1.21.3	registry	false	false	false
edge	zenoh	1.7.2	registry	petgraph	0.8.3	registry	false	false	false
edge	zenoh	1.7.2	registry	phf	0.13.1	registry	false	false	false
edge	zenoh	1.7.2	registry	rand	0.8.6	registry	false	false	false
edge	zenoh	1.7.2	registry	ref-cast	1.0.25	registry	false	false	false
edge	zenoh	1.7.2	registry	rustc_version	0.4.1	registry	false	false	false
edge	zenoh	1.7.2	registry	serde	1.0.228	registry	false	false	false
edge	zenoh	1.7.2	registry	serde_json	1.0.149	registry	false	false	false
edge	zenoh	1.7.2	registry	socket2	0.5.10	registry	false	false	false
edge	zenoh	1.7.2	registry	tokio	1.52.3	registry	false	false	false
edge	zenoh	1.7.2	registry	tokio-util	0.7.18	registry	false	false	false
edge	zenoh	1.7.2	registry	tracing	0.1.44	registry	false	false	false
edge	zenoh	1.7.2	registry	uhlc	0.8.2	registry	false	false	false
edge	zenoh	1.7.2	registry	vec_map	0.8.2	registry	false	false	false
edge	zenoh	1.7.2	registry	zenoh-buffers	1.7.2	registry	false	false	false
edge	zenoh	1.7.2	registry	zenoh-codec	1.7.2	registry	false	false	false
edge	zenoh	1.7.2	registry	zenoh-collections	1.7.2	registry	false	false	false
edge	zenoh	1.7.2	registry	zenoh-config	1.7.2	registry	false	false	false
edge	zenoh	1.7.2	registry	zenoh-core	1.7.2	registry	false	false	false
edge	zenoh	1.7.2	registry	zenoh-keyexpr	1.7.2	registry	false	false	false
edge	zenoh	1.7.2	registry	zenoh-link	1.7.2	registry	false	false	false
edge	zenoh	1.7.2	registry	zenoh-link-commons	1.7.2	registry	false	false	false
edge	zenoh	1.7.2	registry	zenoh-macros	1.7.2	registry	false	false	false
edge	zenoh	1.7.2	registry	zenoh-plugin-trait	1.7.2	registry	false	false	false
edge	zenoh	1.7.2	registry	zenoh-protocol	1.7.2	registry	false	false	false
edge	zenoh	1.7.2	registry	zenoh-result	1.7.2	registry	false	false	false
edge	zenoh	1.7.2	registry	zenoh-runtime	1.7.2	registry	false	false	false
edge	zenoh	1.7.2	registry	zenoh-sync	1.7.2	registry	false	false	false
edge	zenoh	1.7.2	registry	zenoh-task	1.7.2	registry	false	false	false
edge	zenoh	1.7.2	registry	zenoh-transport	1.7.2	registry	false	false	false
edge	zenoh	1.7.2	registry	zenoh-util	1.7.2	registry	false	false	false
edge	zenoh-buffers	1.7.2	registry	zenoh-collections	1.7.2	registry	false	false	false
edge	zenoh-codec	1.7.2	registry	tracing	0.1.44	registry	false	false	false
edge	zenoh-codec	1.7.2	registry	uhlc	0.8.2	registry	false	false	false
edge	zenoh-codec	1.7.2	registry	zenoh-buffers	1.7.2	registry	false	false	false
edge	zenoh-codec	1.7.2	registry	zenoh-protocol	1.7.2	registry	false	false	false
edge	zenoh-collections	1.7.2	registry	ahash	0.8.12	registry	false	false	false
edge	zenoh-config	1.7.2	registry	json5	0.4.1	registry	false	false	false
edge	zenoh-config	1.7.2	registry	nonempty-collections	0.3.1	registry	false	false	false
edge	zenoh-config	1.7.2	registry	num_cpus	1.17.0	registry	false	false	false
edge	zenoh-config	1.7.2	registry	secrecy	0.8.0	registry	false	false	false
edge	zenoh-config	1.7.2	registry	serde	1.0.228	registry	false	false	false
edge	zenoh-config	1.7.2	registry	serde_json	1.0.149	registry	false	false	false
edge	zenoh-config	1.7.2	registry	serde_with	3.17.0	registry	false	false	false
edge	zenoh-config	1.7.2	registry	serde_yaml	0.9.34+deprecated	registry	false	false	false
edge	zenoh-config	1.7.2	registry	tracing	0.1.44	registry	false	false	false
edge	zenoh-config	1.7.2	registry	uhlc	0.8.2	registry	false	false	false
edge	zenoh-config	1.7.2	registry	validated_struct	2.2.0	registry	false	false	false
edge	zenoh-config	1.7.2	registry	zenoh-core	1.7.2	registry	false	false	false
edge	zenoh-config	1.7.2	registry	zenoh-keyexpr	1.7.2	registry	false	false	false
edge	zenoh-config	1.7.2	registry	zenoh-macros	1.7.2	registry	false	false	false
edge	zenoh-config	1.7.2	registry	zenoh-protocol	1.7.2	registry	false	false	false
edge	zenoh-config	1.7.2	registry	zenoh-result	1.7.2	registry	false	false	false
edge	zenoh-config	1.7.2	registry	zenoh-util	1.7.2	registry	false	false	false
edge	zenoh-core	1.7.2	registry	lazy_static	1.5.0	registry	false	false	false
edge	zenoh-core	1.7.2	registry	tokio	1.52.3	registry	false	false	false
edge	zenoh-core	1.7.2	registry	zenoh-result	1.7.2	registry	false	false	false
edge	zenoh-core	1.7.2	registry	zenoh-runtime	1.7.2	registry	false	false	false
edge	zenoh-crypto	1.7.2	registry	aes	0.8.4	registry	false	false	false
edge	zenoh-crypto	1.7.2	registry	hmac	0.12.1	registry	false	false	false
edge	zenoh-crypto	1.7.2	registry	rand	0.8.6	registry	false	false	false
edge	zenoh-crypto	1.7.2	registry	rand_chacha	0.3.1	registry	false	false	false
edge	zenoh-crypto	1.7.2	registry	sha3	0.10.8	registry	false	false	false
edge	zenoh-crypto	1.7.2	registry	zenoh-result	1.7.2	registry	false	false	false
edge	zenoh-keyexpr	1.7.2	registry	getrandom	0.2.17	registry	false	false	false
edge	zenoh-keyexpr	1.7.2	registry	hashbrown	0.16.1	registry	false	false	false
edge	zenoh-keyexpr	1.7.2	registry	keyed-set	1.1.0	registry	false	false	false
edge	zenoh-keyexpr	1.7.2	registry	rand	0.8.6	registry	false	false	false
edge	zenoh-keyexpr	1.7.2	registry	schemars	1.2.1	registry	false	false	false
edge	zenoh-keyexpr	1.7.2	registry	serde	1.0.228	registry	false	false	false
edge	zenoh-keyexpr	1.7.2	registry	token-cell	2.1.1	registry	false	false	false
edge	zenoh-keyexpr	1.7.2	registry	zenoh-result	1.7.2	registry	false	false	false
edge	zenoh-link	1.7.2	registry	zenoh-config	1.7.2	registry	false	false	false
edge	zenoh-link	1.7.2	registry	zenoh-link-commons	1.7.2	registry	false	false	false
edge	zenoh-link	1.7.2	registry	zenoh-link-quic	1.7.2	registry	false	false	false
edge	zenoh-link	1.7.2	registry	zenoh-link-quic_datagram	1.7.2	registry	false	false	false
edge	zenoh-link	1.7.2	registry	zenoh-link-tcp	1.7.2	registry	false	false	false
edge	zenoh-link	1.7.2	registry	zenoh-link-tls	1.7.2	registry	false	false	false
edge	zenoh-link	1.7.2	registry	zenoh-link-udp	1.7.2	registry	false	false	false
edge	zenoh-link	1.7.2	registry	zenoh-link-unixsock_stream	1.7.2	registry	false	false	false
edge	zenoh-link	1.7.2	registry	zenoh-link-ws	1.7.2	registry	false	false	false
edge	zenoh-link	1.7.2	registry	zenoh-protocol	1.7.2	registry	false	false	false
edge	zenoh-link	1.7.2	registry	zenoh-result	1.7.2	registry	false	false	false
edge	zenoh-link-commons	1.7.2	registry	async-trait	0.1.89	registry	false	false	false
edge	zenoh-link-commons	1.7.2	registry	base64	0.22.1	registry	false	false	false
edge	zenoh-link-commons	1.7.2	registry	flume	0.11.1	registry	false	false	false
edge	zenoh-link-commons	1.7.2	registry	futures	0.3.32	registry	false	false	false
edge	zenoh-link-commons	1.7.2	registry	quinn	0.11.9	registry	false	false	false
edge	zenoh-link-commons	1.7.2	registry	rustls	0.23.37	registry	false	false	false
edge	zenoh-link-commons	1.7.2	registry	rustls-pemfile	2.2.0	registry	false	false	false
edge	zenoh-link-commons	1.7.2	registry	rustls-pki-types	1.14.0	registry	false	false	false
edge	zenoh-link-commons	1.7.2	registry	rustls-webpki	0.103.13	registry	false	false	false
edge	zenoh-link-commons	1.7.2	registry	secrecy	0.8.0	registry	false	false	false
edge	zenoh-link-commons	1.7.2	registry	serde	1.0.228	registry	false	false	false
edge	zenoh-link-commons	1.7.2	registry	socket2	0.5.10	registry	false	false	false
edge	zenoh-link-commons	1.7.2	registry	time	0.3.47	registry	false	false	false
edge	zenoh-link-commons	1.7.2	registry	tokio	1.52.3	registry	false	false	false
edge	zenoh-link-commons	1.7.2	registry	tokio-util	0.7.18	registry	false	false	false
edge	zenoh-link-commons	1.7.2	registry	tracing	0.1.44	registry	false	false	false
edge	zenoh-link-commons	1.7.2	registry	webpki-roots	1.0.6	registry	false	false	false
edge	zenoh-link-commons	1.7.2	registry	x509-parser	0.18.1	registry	false	false	false
edge	zenoh-link-commons	1.7.2	registry	zenoh-buffers	1.7.2	registry	false	false	false
edge	zenoh-link-commons	1.7.2	registry	zenoh-codec	1.7.2	registry	false	false	false
edge	zenoh-link-commons	1.7.2	registry	zenoh-config	1.7.2	registry	false	false	false
edge	zenoh-link-commons	1.7.2	registry	zenoh-core	1.7.2	registry	false	false	false
edge	zenoh-link-commons	1.7.2	registry	zenoh-protocol	1.7.2	registry	false	false	false
edge	zenoh-link-commons	1.7.2	registry	zenoh-result	1.7.2	registry	false	false	false
edge	zenoh-link-commons	1.7.2	registry	zenoh-runtime	1.7.2	registry	false	false	false
edge	zenoh-link-commons	1.7.2	registry	zenoh-util	1.7.2	registry	false	false	false
edge	zenoh-link-quic	1.7.2	registry	async-trait	0.1.89	registry	false	false	false
edge	zenoh-link-quic	1.7.2	registry	base64	0.22.1	registry	false	false	false
edge	zenoh-link-quic	1.7.2	registry	quinn	0.11.9	registry	false	false	false
edge	zenoh-link-quic	1.7.2	registry	rustls	0.23.37	registry	false	false	false
edge	zenoh-link-quic	1.7.2	registry	rustls-pemfile	2.2.0	registry	false	false	false
edge	zenoh-link-quic	1.7.2	registry	rustls-webpki	0.103.13	registry	false	false	false
edge	zenoh-link-quic	1.7.2	registry	secrecy	0.8.0	registry	false	false	false
edge	zenoh-link-quic	1.7.2	registry	time	0.3.47	registry	false	false	false
edge	zenoh-link-quic	1.7.2	registry	tokio	1.52.3	registry	false	false	false
edge	zenoh-link-quic	1.7.2	registry	tokio-util	0.7.18	registry	false	false	false
edge	zenoh-link-quic	1.7.2	registry	tracing	0.1.44	registry	false	false	false
edge	zenoh-link-quic	1.7.2	registry	webpki-roots	1.0.6	registry	false	false	false
edge	zenoh-link-quic	1.7.2	registry	zenoh-config	1.7.2	registry	false	false	false
edge	zenoh-link-quic	1.7.2	registry	zenoh-core	1.7.2	registry	false	false	false
edge	zenoh-link-quic	1.7.2	registry	zenoh-link-commons	1.7.2	registry	false	false	false
edge	zenoh-link-quic	1.7.2	registry	zenoh-protocol	1.7.2	registry	false	false	false
edge	zenoh-link-quic	1.7.2	registry	zenoh-result	1.7.2	registry	false	false	false
edge	zenoh-link-quic	1.7.2	registry	zenoh-util	1.7.2	registry	false	false	false
edge	zenoh-link-quic_datagram	1.7.2	registry	async-trait	0.1.89	registry	false	false	false
edge	zenoh-link-quic_datagram	1.7.2	registry	quinn	0.11.9	registry	false	false	false
edge	zenoh-link-quic_datagram	1.7.2	registry	rustls	0.23.37	registry	false	false	false
edge	zenoh-link-quic_datagram	1.7.2	registry	rustls-webpki	0.103.13	registry	false	false	false
edge	zenoh-link-quic_datagram	1.7.2	registry	time	0.3.47	registry	false	false	false
edge	zenoh-link-quic_datagram	1.7.2	registry	tokio	1.52.3	registry	false	false	false
edge	zenoh-link-quic_datagram	1.7.2	registry	tokio-util	0.7.18	registry	false	false	false
edge	zenoh-link-quic_datagram	1.7.2	registry	tracing	0.1.44	registry	false	false	false
edge	zenoh-link-quic_datagram	1.7.2	registry	zenoh-core	1.7.2	registry	false	false	false
edge	zenoh-link-quic_datagram	1.7.2	registry	zenoh-link-commons	1.7.2	registry	false	false	false
edge	zenoh-link-quic_datagram	1.7.2	registry	zenoh-protocol	1.7.2	registry	false	false	false
edge	zenoh-link-quic_datagram	1.7.2	registry	zenoh-result	1.7.2	registry	false	false	false
edge	zenoh-link-quic_datagram	1.7.2	registry	zenoh-util	1.7.2	registry	false	false	false
edge	zenoh-link-tcp	1.7.2	registry	async-trait	0.1.89	registry	false	false	false
edge	zenoh-link-tcp	1.7.2	registry	socket2	0.5.10	registry	false	false	false
edge	zenoh-link-tcp	1.7.2	registry	tokio	1.52.3	registry	false	false	false
edge	zenoh-link-tcp	1.7.2	registry	tokio-util	0.7.18	registry	false	false	false
edge	zenoh-link-tcp	1.7.2	registry	tracing	0.1.44	registry	false	false	false
edge	zenoh-link-tcp	1.7.2	registry	zenoh-config	1.7.2	registry	false	false	false
edge	zenoh-link-tcp	1.7.2	registry	zenoh-core	1.7.2	registry	false	false	false
edge	zenoh-link-tcp	1.7.2	registry	zenoh-link-commons	1.7.2	registry	false	false	false
edge	zenoh-link-tcp	1.7.2	registry	zenoh-protocol	1.7.2	registry	false	false	false
edge	zenoh-link-tcp	1.7.2	registry	zenoh-result	1.7.2	registry	false	false	false
edge	zenoh-link-tls	1.7.2	registry	async-trait	0.1.89	registry	false	false	false
edge	zenoh-link-tls	1.7.2	registry	base64	0.22.1	registry	false	false	false
edge	zenoh-link-tls	1.7.2	registry	rustls	0.23.37	registry	false	false	false
edge	zenoh-link-tls	1.7.2	registry	rustls-pemfile	2.2.0	registry	false	false	false
edge	zenoh-link-tls	1.7.2	registry	rustls-pki-types	1.14.0	registry	false	false	false
edge	zenoh-link-tls	1.7.2	registry	rustls-webpki	0.103.13	registry	false	false	false
edge	zenoh-link-tls	1.7.2	registry	secrecy	0.8.0	registry	false	false	false
edge	zenoh-link-tls	1.7.2	registry	socket2	0.5.10	registry	false	false	false
edge	zenoh-link-tls	1.7.2	registry	time	0.3.47	registry	false	false	false
edge	zenoh-link-tls	1.7.2	registry	tls-listener	0.11.2	registry	false	false	false
edge	zenoh-link-tls	1.7.2	registry	tokio	1.52.3	registry	false	false	false
edge	zenoh-link-tls	1.7.2	registry	tokio-rustls	0.26.4	registry	false	false	false
edge	zenoh-link-tls	1.7.2	registry	tokio-util	0.7.18	registry	false	false	false
edge	zenoh-link-tls	1.7.2	registry	tracing	0.1.44	registry	false	false	false
edge	zenoh-link-tls	1.7.2	registry	webpki-roots	1.0.6	registry	false	false	false
edge	zenoh-link-tls	1.7.2	registry	x509-parser	0.18.1	registry	false	false	false
edge	zenoh-link-tls	1.7.2	registry	zenoh-config	1.7.2	registry	false	false	false
edge	zenoh-link-tls	1.7.2	registry	zenoh-core	1.7.2	registry	false	false	false
edge	zenoh-link-tls	1.7.2	registry	zenoh-link-commons	1.7.2	registry	false	false	false
edge	zenoh-link-tls	1.7.2	registry	zenoh-protocol	1.7.2	registry	false	false	false
edge	zenoh-link-tls	1.7.2	registry	zenoh-result	1.7.2	registry	false	false	false
edge	zenoh-link-tls	1.7.2	registry	zenoh-runtime	1.7.2	registry	false	false	false
edge	zenoh-link-udp	1.7.2	registry	async-trait	0.1.89	registry	false	false	false
edge	zenoh-link-udp	1.7.2	registry	libc	0.2.186	registry	false	false	false
edge	zenoh-link-udp	1.7.2	registry	socket2	0.5.10	registry	false	false	false
edge	zenoh-link-udp	1.7.2	registry	tokio	1.52.3	registry	false	false	false
edge	zenoh-link-udp	1.7.2	registry	tokio-util	0.7.18	registry	false	false	false
edge	zenoh-link-udp	1.7.2	registry	tracing	0.1.44	registry	false	false	false
edge	zenoh-link-udp	1.7.2	registry	zenoh-buffers	1.7.2	registry	false	false	false
edge	zenoh-link-udp	1.7.2	registry	zenoh-core	1.7.2	registry	false	false	false
edge	zenoh-link-udp	1.7.2	registry	zenoh-link-commons	1.7.2	registry	false	false	false
edge	zenoh-link-udp	1.7.2	registry	zenoh-protocol	1.7.2	registry	false	false	false
edge	zenoh-link-udp	1.7.2	registry	zenoh-result	1.7.2	registry	false	false	false
edge	zenoh-link-udp	1.7.2	registry	zenoh-sync	1.7.2	registry	false	false	false
edge	zenoh-link-udp	1.7.2	registry	zenoh-util	1.7.2	registry	false	false	false
edge	zenoh-link-unixsock_stream	1.7.2	registry	async-trait	0.1.89	registry	false	false	false
edge	zenoh-link-unixsock_stream	1.7.2	registry	nix	0.29.0	registry	false	false	false
edge	zenoh-link-unixsock_stream	1.7.2	registry	tokio	1.52.3	registry	false	false	false
edge	zenoh-link-unixsock_stream	1.7.2	registry	tokio-util	0.7.18	registry	false	false	false
edge	zenoh-link-unixsock_stream	1.7.2	registry	tracing	0.1.44	registry	false	false	false
edge	zenoh-link-unixsock_stream	1.7.2	registry	uuid	1.22.0	registry	false	false	false
edge	zenoh-link-unixsock_stream	1.7.2	registry	zenoh-core	1.7.2	registry	false	false	false
edge	zenoh-link-unixsock_stream	1.7.2	registry	zenoh-link-commons	1.7.2	registry	false	false	false
edge	zenoh-link-unixsock_stream	1.7.2	registry	zenoh-protocol	1.7.2	registry	false	false	false
edge	zenoh-link-unixsock_stream	1.7.2	registry	zenoh-result	1.7.2	registry	false	false	false
edge	zenoh-link-unixsock_stream	1.7.2	registry	zenoh-runtime	1.7.2	registry	false	false	false
edge	zenoh-link-ws	1.7.2	registry	async-trait	0.1.89	registry	false	false	false
edge	zenoh-link-ws	1.7.2	registry	futures-util	0.3.32	registry	false	false	false
edge	zenoh-link-ws	1.7.2	registry	tokio	1.52.3	registry	false	false	false
edge	zenoh-link-ws	1.7.2	registry	tokio-tungstenite	0.24.0	registry	false	false	false
edge	zenoh-link-ws	1.7.2	registry	tokio-util	0.7.18	registry	false	false	false
edge	zenoh-link-ws	1.7.2	registry	tracing	0.1.44	registry	false	false	false
edge	zenoh-link-ws	1.7.2	registry	url	2.5.8	registry	false	false	false
edge	zenoh-link-ws	1.7.2	registry	zenoh-core	1.7.2	registry	false	false	false
edge	zenoh-link-ws	1.7.2	registry	zenoh-link-commons	1.7.2	registry	false	false	false
edge	zenoh-link-ws	1.7.2	registry	zenoh-protocol	1.7.2	registry	false	false	false
edge	zenoh-link-ws	1.7.2	registry	zenoh-result	1.7.2	registry	false	false	false
edge	zenoh-link-ws	1.7.2	registry	zenoh-runtime	1.7.2	registry	false	false	false
edge	zenoh-link-ws	1.7.2	registry	zenoh-util	1.7.2	registry	false	false	false
edge	zenoh-macros	1.7.2	registry	proc-macro2	1.0.106	registry	false	false	false
edge	zenoh-macros	1.7.2	registry	quote	1.0.44	registry	false	false	false
edge	zenoh-macros	1.7.2	registry	syn	2.0.117	registry	false	false	false
edge	zenoh-macros	1.7.2	registry	zenoh-keyexpr	1.7.2	registry	false	false	false
edge	zenoh-plugin-trait	1.7.2	registry	git-version	0.3.9	registry	false	false	false
edge	zenoh-plugin-trait	1.7.2	registry	libloading	0.8.9	registry	false	false	false
edge	zenoh-plugin-trait	1.7.2	registry	serde	1.0.228	registry	false	false	false
edge	zenoh-plugin-trait	1.7.2	registry	stabby	72.1.4	registry	false	false	false
edge	zenoh-plugin-trait	1.7.2	registry	tracing	0.1.44	registry	false	false	false
edge	zenoh-plugin-trait	1.7.2	registry	zenoh-config	1.7.2	registry	false	false	false
edge	zenoh-plugin-trait	1.7.2	registry	zenoh-keyexpr	1.7.2	registry	false	false	false
edge	zenoh-plugin-trait	1.7.2	registry	zenoh-macros	1.7.2	registry	false	false	false
edge	zenoh-plugin-trait	1.7.2	registry	zenoh-result	1.7.2	registry	false	false	false
edge	zenoh-plugin-trait	1.7.2	registry	zenoh-util	1.7.2	registry	false	false	false
edge	zenoh-protocol	1.7.2	registry	const_format	0.2.35	registry	false	false	false
edge	zenoh-protocol	1.7.2	registry	serde	1.0.228	registry	false	false	false
edge	zenoh-protocol	1.7.2	registry	uhlc	0.8.2	registry	false	false	false
edge	zenoh-protocol	1.7.2	registry	zenoh-buffers	1.7.2	registry	false	false	false
edge	zenoh-protocol	1.7.2	registry	zenoh-keyexpr	1.7.2	registry	false	false	false
edge	zenoh-protocol	1.7.2	registry	zenoh-result	1.7.2	registry	false	false	false
edge	zenoh-result	1.7.2	registry	anyhow	1.0.103	registry	false	false	false
edge	zenoh-runtime	1.7.2	registry	lazy_static	1.5.0	registry	false	false	false
edge	zenoh-runtime	1.7.2	registry	ron	0.12.0	registry	false	false	false
edge	zenoh-runtime	1.7.2	registry	serde	1.0.228	registry	false	false	false
edge	zenoh-runtime	1.7.2	registry	tokio	1.52.3	registry	false	false	false
edge	zenoh-runtime	1.7.2	registry	tracing	0.1.44	registry	false	false	false
edge	zenoh-runtime	1.7.2	registry	zenoh-macros	1.7.2	registry	false	false	false
edge	zenoh-runtime	1.7.2	registry	zenoh-result	1.7.2	registry	false	false	false
edge	zenoh-sync	1.7.2	registry	arc-swap	1.8.2	registry	false	false	false
edge	zenoh-sync	1.7.2	registry	event-listener	5.4.1	registry	false	false	false
edge	zenoh-sync	1.7.2	registry	futures	0.3.32	registry	false	false	false
edge	zenoh-sync	1.7.2	registry	tokio	1.52.3	registry	false	false	false
edge	zenoh-sync	1.7.2	registry	zenoh-buffers	1.7.2	registry	false	false	false
edge	zenoh-sync	1.7.2	registry	zenoh-collections	1.7.2	registry	false	false	false
edge	zenoh-sync	1.7.2	registry	zenoh-core	1.7.2	registry	false	false	false
edge	zenoh-task	1.7.2	registry	futures	0.3.32	registry	false	false	false
edge	zenoh-task	1.7.2	registry	tokio	1.52.3	registry	false	false	false
edge	zenoh-task	1.7.2	registry	tokio-util	0.7.18	registry	false	false	false
edge	zenoh-task	1.7.2	registry	tracing	0.1.44	registry	false	false	false
edge	zenoh-task	1.7.2	registry	zenoh-core	1.7.2	registry	false	false	false
edge	zenoh-task	1.7.2	registry	zenoh-runtime	1.7.2	registry	false	false	false
edge	zenoh-transport	1.7.2	registry	async-trait	0.1.89	registry	false	false	false
edge	zenoh-transport	1.7.2	registry	crossbeam-utils	0.8.21	registry	false	false	false
edge	zenoh-transport	1.7.2	registry	flume	0.11.1	registry	false	false	false
edge	zenoh-transport	1.7.2	registry	lazy_static	1.5.0	registry	false	false	false
edge	zenoh-transport	1.7.2	registry	lz4_flex	0.11.6	registry	false	false	false
edge	zenoh-transport	1.7.2	registry	rand	0.8.6	registry	false	false	false
edge	zenoh-transport	1.7.2	registry	ringbuffer-spsc	0.1.15	registry	false	false	false
edge	zenoh-transport	1.7.2	registry	rsa	0.9.10	registry	false	false	false
edge	zenoh-transport	1.7.2	registry	serde	1.0.228	registry	false	false	false
edge	zenoh-transport	1.7.2	registry	sha3	0.10.8	registry	false	false	false
edge	zenoh-transport	1.7.2	registry	tokio	1.52.3	registry	false	false	false
edge	zenoh-transport	1.7.2	registry	tokio-util	0.7.18	registry	false	false	false
edge	zenoh-transport	1.7.2	registry	tracing	0.1.44	registry	false	false	false
edge	zenoh-transport	1.7.2	registry	zenoh-buffers	1.7.2	registry	false	false	false
edge	zenoh-transport	1.7.2	registry	zenoh-codec	1.7.2	registry	false	false	false
edge	zenoh-transport	1.7.2	registry	zenoh-config	1.7.2	registry	false	false	false
edge	zenoh-transport	1.7.2	registry	zenoh-core	1.7.2	registry	false	false	false
edge	zenoh-transport	1.7.2	registry	zenoh-crypto	1.7.2	registry	false	false	false
edge	zenoh-transport	1.7.2	registry	zenoh-link	1.7.2	registry	false	false	false
edge	zenoh-transport	1.7.2	registry	zenoh-link-commons	1.7.2	registry	false	false	false
edge	zenoh-transport	1.7.2	registry	zenoh-protocol	1.7.2	registry	false	false	false
edge	zenoh-transport	1.7.2	registry	zenoh-result	1.7.2	registry	false	false	false
edge	zenoh-transport	1.7.2	registry	zenoh-runtime	1.7.2	registry	false	false	false
edge	zenoh-transport	1.7.2	registry	zenoh-sync	1.7.2	registry	false	false	false
edge	zenoh-transport	1.7.2	registry	zenoh-task	1.7.2	registry	false	false	false
edge	zenoh-transport	1.7.2	registry	zenoh-util	1.7.2	registry	false	false	false
edge	zenoh-util	1.7.2	registry	async-trait	0.1.89	registry	false	false	false
edge	zenoh-util	1.7.2	registry	const_format	0.2.35	registry	false	false	false
edge	zenoh-util	1.7.2	registry	flume	0.11.1	registry	false	false	false
edge	zenoh-util	1.7.2	registry	home	0.5.12	registry	false	false	false
edge	zenoh-util	1.7.2	registry	humantime	2.3.0	registry	false	false	false
edge	zenoh-util	1.7.2	registry	lazy_static	1.5.0	registry	false	false	false
edge	zenoh-util	1.7.2	registry	libc	0.2.186	registry	false	false	false
edge	zenoh-util	1.7.2	registry	libloading	0.8.9	registry	false	false	false
edge	zenoh-util	1.7.2	registry	pnet_datalink	0.35.0	registry	false	false	false
edge	zenoh-util	1.7.2	registry	schemars	1.2.1	registry	false	false	false
edge	zenoh-util	1.7.2	registry	serde	1.0.228	registry	false	false	false
edge	zenoh-util	1.7.2	registry	serde_json	1.0.149	registry	false	false	false
edge	zenoh-util	1.7.2	registry	shellexpand	3.1.2	registry	false	false	false
edge	zenoh-util	1.7.2	registry	tokio	1.52.3	registry	false	false	false
edge	zenoh-util	1.7.2	registry	tracing	0.1.44	registry	false	false	false
edge	zenoh-util	1.7.2	registry	tracing-subscriber	0.3.22	registry	false	false	false
edge	zenoh-util	1.7.2	registry	zenoh-core	1.7.2	registry	false	false	false
edge	zenoh-util	1.7.2	registry	zenoh-result	1.7.2	registry	false	false	false
edge	zerocopy	0.8.40	registry	zerocopy-derive	0.8.40	registry	false	false	false
edge	zerocopy-derive	0.8.40	registry	proc-macro2	1.0.106	registry	false	false	false
edge	zerocopy-derive	0.8.40	registry	quote	1.0.44	registry	false	false	false
edge	zerocopy-derive	0.8.40	registry	syn	2.0.117	registry	false	false	false
edge	zerofrom	0.1.6	registry	zerofrom-derive	0.1.6	registry	false	false	false
edge	zerofrom-derive	0.1.6	registry	proc-macro2	1.0.106	registry	false	false	false
edge	zerofrom-derive	0.1.6	registry	quote	1.0.44	registry	false	false	false
edge	zerofrom-derive	0.1.6	registry	syn	2.0.117	registry	false	false	false
edge	zerofrom-derive	0.1.6	registry	synstructure	0.13.2	registry	false	false	false
edge	zerotrie	0.2.3	registry	displaydoc	0.2.5	registry	false	false	false
edge	zerotrie	0.2.3	registry	yoke	0.8.1	registry	false	false	false
edge	zerotrie	0.2.3	registry	zerofrom	0.1.6	registry	false	false	false
edge	zerovec	0.11.5	registry	yoke	0.8.1	registry	false	false	false
edge	zerovec	0.11.5	registry	zerofrom	0.1.6	registry	false	false	false
edge	zerovec	0.11.5	registry	zerovec-derive	0.11.2	registry	false	false	false
edge	zerovec-derive	0.11.2	registry	proc-macro2	1.0.106	registry	false	false	false
edge	zerovec-derive	0.11.2	registry	quote	1.0.44	registry	false	false	false
edge	zerovec-derive	0.11.2	registry	syn	2.0.117	registry	false	false	false
edge	zstd	0.13.3	registry	zstd-safe	7.2.4	registry	false	false	false
edge	zstd-safe	7.2.4	registry	zstd-sys	2.0.16+zstd.1.5.7	registry	false	false	false
edge	zstd-sys	2.0.16+zstd.1.5.7	registry	cc	1.2.56	registry	false	false	false
edge	zstd-sys	2.0.16+zstd.1.5.7	registry	pkg-config	0.3.32	registry	false	false	false
