duplicate_name	duplicate_version	child_name	child_version	parent_name	parent_version	edge_contexts	parent_workspace_root	parent_release_tier	cargo_all_targets_active
cpufeatures	0.2.17	aes	0.8.4	zenoh-crypto	1.7.2	normal:all	false		true
cpufeatures	0.2.17	async-nats	0.47.0	sentinel-daemon	0.1.0	normal:all	true	A	true
cpufeatures	0.2.17	async-nats	0.47.0	sentinel-dashboard-backend	0.1.0	normal:all	true	A	true
cpufeatures	0.2.17	async-nats	0.47.0	sentinel-gaia-loop	0.1.0	normal:all	true	A	true
cpufeatures	0.2.17	blake3	1.8.3	sentinel-fs	0.1.0	normal:all	true		true
cpufeatures	0.2.17	blake3	1.8.3	sentinel-gaia	0.1.0	normal:all	true	B	true
cpufeatures	0.2.17	cpufeatures	0.2.17	aes	0.8.4	"normal:cfg(any(target_arch = ""aarch64"", target_arch = ""x86_64"", target_arch = ""x86""))"	false		true
cpufeatures	0.2.17	cpufeatures	0.2.17	blake3	1.8.3	"normal:cfg(any(target_arch = ""x86"", target_arch = ""x86_64""))"	false		true
cpufeatures	0.2.17	cpufeatures	0.2.17	curve25519-dalek	4.1.3	"normal:cfg(target_arch = ""x86_64"")"	false		true
cpufeatures	0.2.17	cpufeatures	0.2.17	keccak	0.1.6	"normal:cfg(target_arch = ""aarch64"")"	false		true
cpufeatures	0.2.17	cpufeatures	0.2.17	sha1	0.10.6	"normal:cfg(any(target_arch = ""aarch64"", target_arch = ""x86"", target_arch = ""x86_64""))"	false		true
cpufeatures	0.2.17	cpufeatures	0.2.17	sha2	0.10.9	"normal:cfg(any(target_arch = ""aarch64"", target_arch = ""x86_64"", target_arch = ""x86""))"	false		true
cpufeatures	0.2.17	curve25519-dalek	4.1.3	ed25519-dalek	2.2.0	normal:all	false		true
cpufeatures	0.2.17	ed25519-dalek	2.2.0	nkeys	0.4.5	normal:all	false		true
cpufeatures	0.2.17	json5	0.4.1	validated_struct	2.2.0	normal:all	false		true
cpufeatures	0.2.17	json5	0.4.1	zenoh	1.7.2	normal:all	false		true
cpufeatures	0.2.17	json5	0.4.1	zenoh-config	1.7.2	normal:all	false		true
cpufeatures	0.2.17	keccak	0.1.6	sha3	0.10.8	normal:all	false		true
cpufeatures	0.2.17	nkeys	0.4.5	async-nats	0.47.0	normal:all	false		true
cpufeatures	0.2.17	pest_derive	2.8.6	json5	0.4.1	normal:all	false		true
cpufeatures	0.2.17	pest_generator	2.8.6	pest_derive	2.8.6	normal:all	false		true
cpufeatures	0.2.17	pest_meta	2.8.6	pest_generator	2.8.6	normal:all	false		true
cpufeatures	0.2.17	sentinel-bio	0.1.0	sentinel-ecs	0.1.0	normal:all	true		true
cpufeatures	0.2.17	sentinel-cluster-control	0.1.0	sentinel-daemon	0.1.0	normal:all	true	A	true
cpufeatures	0.2.17	sentinel-common	0.1.0	sentinel-bio	0.1.0	normal:all	true		true
cpufeatures	0.2.17	sentinel-common	0.1.0	sentinel-cluster-control	0.1.0	normal:all	true		true
cpufeatures	0.2.17	sentinel-common	0.1.0	sentinel-daemon	0.1.0	normal:all	true	A	true
cpufeatures	0.2.17	sentinel-common	0.1.0	sentinel-dashboard-backend	0.1.0	normal:all	true	A	true
cpufeatures	0.2.17	sentinel-common	0.1.0	sentinel-ebpf	0.1.0	normal:all	true		true
cpufeatures	0.2.17	sentinel-common	0.1.0	sentinel-ecs	0.1.0	dev:all;normal:all	true		true
cpufeatures	0.2.17	sentinel-common	0.1.0	sentinel-fs	0.1.0	normal:all	true		true
cpufeatures	0.2.17	sentinel-common	0.1.0	sentinel-gaia	0.1.0	normal:all	true	B	true
cpufeatures	0.2.17	sentinel-common	0.1.0	sentinel-gaia-loop	0.1.0	normal:all	true	A	true
cpufeatures	0.2.17	sentinel-common	0.1.0	sentinel-hippocampus	0.1.0	normal:all	true		true
cpufeatures	0.2.17	sentinel-common	0.1.0	sentinel-limbo	0.1.0	normal:all	true		true
cpufeatures	0.2.17	sentinel-common	0.1.0	sentinel-microvm	0.1.0	dev:all;normal:all	true		true
cpufeatures	0.2.17	sentinel-common	0.1.0	sentinel-nightrun	0.1.0	normal:all	true	C	true
cpufeatures	0.2.17	sentinel-common	0.1.0	sentinel-physics	0.1.0	normal:all	true		true
cpufeatures	0.2.17	sentinel-common	0.1.0	sentinel-projection	0.1.0	normal:all	true		true
cpufeatures	0.2.17	sentinel-common	0.1.0	sentinel-projection-service	0.1.0	normal:all	true	A	true
cpufeatures	0.2.17	sentinel-common	0.1.0	sentinel-redb	0.1.0	normal:all	true		true
cpufeatures	0.2.17	sentinel-common	0.1.0	sentinel-runtime	0.1.0	dev:all;normal:all	true		true
cpufeatures	0.2.17	sentinel-common	0.1.0	sentinel-sandbox	0.1.0	dev:all;normal:all	true		true
cpufeatures	0.2.17	sentinel-common	0.1.0	sentinel-telemetry	0.1.0	normal:all	true		true
cpufeatures	0.2.17	sentinel-common	0.1.0	sentinel-wasm	0.1.0	dev:all;normal:all	true		true
cpufeatures	0.2.17	sentinel-common	0.1.0	sentinel-zenoh	0.1.0	dev:all;normal:all	true		true
cpufeatures	0.2.17	sentinel-console-plane	0.1.0	sentinel-dashboard-backend	0.1.0	normal:all	true	A	true
cpufeatures	0.2.17	sentinel-ebpf	0.1.0	sentinel-daemon	0.1.0	normal:all	true	A	true
cpufeatures	0.2.17	sentinel-ecs	0.1.0	sentinel-daemon	0.1.0	normal:all	true	A	true
cpufeatures	0.2.17	sentinel-ecs	0.1.0	sentinel-runtime	0.1.0	normal:all	true		true
cpufeatures	0.2.17	sentinel-fs	0.1.0	sentinel-console-plane	0.1.0	normal:all	true		true
cpufeatures	0.2.17	sentinel-fs	0.1.0	sentinel-daemon	0.1.0	normal:all	true	A	true
cpufeatures	0.2.17	sentinel-fs	0.1.0	sentinel-microvm	0.1.0	normal:all	true		true
cpufeatures	0.2.17	sentinel-fs	0.1.0	sentinel-sandbox	0.1.0	normal:all	true		true
cpufeatures	0.2.17	sentinel-gaia	0.1.0	sentinel-dashboard-backend	0.1.0	normal:all	true	A	true
cpufeatures	0.2.17	sentinel-gaia-loop	0.1.0	sentinel-dashboard-backend	0.1.0	normal:all	true	A	true
cpufeatures	0.2.17	sentinel-hippocampus	0.1.0	sentinel-daemon	0.1.0	normal:all	true	A	true
cpufeatures	0.2.17	sentinel-hippocampus	0.1.0	sentinel-gaia-memory	0.1.0	normal:all	true		true
cpufeatures	0.2.17	sentinel-hippocampus	0.1.0	sentinel-nightrun	0.1.0	normal:all	true	C	true
cpufeatures	0.2.17	sentinel-limbo	0.1.0	sentinel-daemon	0.1.0	normal:all	true	A	true
cpufeatures	0.2.17	sentinel-limbo	0.1.0	sentinel-dashboard-backend	0.1.0	normal:all	true	A	true
cpufeatures	0.2.17	sentinel-limbo	0.1.0	sentinel-ecs	0.1.0	normal:all	true		true
cpufeatures	0.2.17	sentinel-limbo	0.1.0	sentinel-gaia-loop	0.1.0	normal:all	true	A	true
cpufeatures	0.2.17	sentinel-limbo	0.1.0	sentinel-gaia-memory	0.1.0	dev:all	true		true
cpufeatures	0.2.17	sentinel-limbo	0.1.0	sentinel-nightrun	0.1.0	normal:all	true	C	true
cpufeatures	0.2.17	sentinel-limbo	0.1.0	sentinel-projection	0.1.0	normal:all	true		true
cpufeatures	0.2.17	sentinel-limbo	0.1.0	sentinel-projection-service	0.1.0	normal:all	true	A	true
cpufeatures	0.2.17	sentinel-limbo	0.1.0	sentinel-runtime	0.1.0	dev:all;normal:all	true		true
cpufeatures	0.2.17	sentinel-physics	0.1.0	sentinel-ecs	0.1.0	normal:all	true		true
cpufeatures	0.2.17	sentinel-physics	0.1.0	sentinel-projection	0.1.0	normal:all	true		true
cpufeatures	0.2.17	sentinel-projection	0.1.0	sentinel-daemon	0.1.0	normal:all	true	A	true
cpufeatures	0.2.17	sentinel-projection	0.1.0	sentinel-dashboard-backend	0.1.0	normal:all	true	A	true
cpufeatures	0.2.17	sentinel-projection	0.1.0	sentinel-gaia-memory	0.1.0	dev:all	true		true
cpufeatures	0.2.17	sentinel-projection	0.1.0	sentinel-projection-service	0.1.0	normal:all	true	A	true
cpufeatures	0.2.17	sentinel-redb	0.1.0	sentinel-daemon	0.1.0	normal:all	true	A	true
cpufeatures	0.2.17	sentinel-redb	0.1.0	sentinel-ecs	0.1.0	normal:all	true		true
cpufeatures	0.2.17	sentinel-runtime	0.1.0	sentinel-daemon	0.1.0	normal:all	true	A	true
cpufeatures	0.2.17	sentinel-sandbox	0.1.0	sentinel-daemon	0.1.0	normal:all	true	A	true
cpufeatures	0.2.17	sentinel-telemetry	0.1.0	sentinel-daemon	0.1.0	normal:all	true	A	true
cpufeatures	0.2.17	sentinel-telemetry	0.1.0	sentinel-ecs	0.1.0	dev:all	true		true
cpufeatures	0.2.17	sentinel-telemetry	0.1.0	sentinel-fs	0.1.0	normal:all	true		true
cpufeatures	0.2.17	sentinel-telemetry	0.1.0	sentinel-limbo	0.1.0	normal:all	true		true
cpufeatures	0.2.17	sentinel-telemetry	0.1.0	sentinel-nightrun	0.1.0	normal:all	true	C	true
cpufeatures	0.2.17	sentinel-telemetry	0.1.0	sentinel-projection	0.1.0	normal:all	true		true
cpufeatures	0.2.17	sentinel-telemetry	0.1.0	sentinel-projection-service	0.1.0	normal:all	true	A	true
cpufeatures	0.2.17	sentinel-telemetry	0.1.0	sentinel-redb	0.1.0	normal:all	true		true
cpufeatures	0.2.17	sentinel-telemetry	0.1.0	sentinel-zenoh	0.1.0	normal:all	true		true
cpufeatures	0.2.17	sentinel-wasm	0.1.0	sentinel-daemon	0.1.0	normal:all	true	A	true
cpufeatures	0.2.17	sentinel-wasm	0.1.0	sentinel-ecs	0.1.0	normal:all	true		true
cpufeatures	0.2.17	sentinel-zenoh	0.1.0	sentinel-daemon	0.1.0	normal:all	true	A	true
cpufeatures	0.2.17	sentinel-zenoh	0.1.0	sentinel-sandbox	0.1.0	normal:all	true		true
cpufeatures	0.2.17	sha1	0.10.6	tungstenite	0.24.0	normal:all	false		true
cpufeatures	0.2.17	sha2	0.10.9	ed25519-dalek	2.2.0	normal:all	false		true
cpufeatures	0.2.17	sha2	0.10.9	pest_meta	2.8.6	build:all	false		true
cpufeatures	0.2.17	sha2	0.10.9	sentinel-cluster-control	0.1.0	normal:all	true		true
cpufeatures	0.2.17	sha2	0.10.9	sentinel-common	0.1.0	normal:all	true		true
cpufeatures	0.2.17	sha2	0.10.9	sentinel-daemon	0.1.0	normal:all	true	A	true
cpufeatures	0.2.17	sha2	0.10.9	sentinel-dashboard-backend	0.1.0	normal:all	true	A	true
cpufeatures	0.2.17	sha2	0.10.9	sentinel-ecs	0.1.0	normal:all	true		true
cpufeatures	0.2.17	sha2	0.10.9	sentinel-fs	0.1.0	normal:all	true		true
cpufeatures	0.2.17	sha2	0.10.9	sentinel-gaia-loop	0.1.0	normal:all	true	A	true
cpufeatures	0.2.17	sha2	0.10.9	sentinel-gaia-memory	0.1.0	normal:all	true		true
cpufeatures	0.2.17	sha2	0.10.9	sentinel-nightrun	0.1.0	normal:all	true	C	true
cpufeatures	0.2.17	sha2	0.10.9	sentinel-redb	0.1.0	dev:all	true		true
cpufeatures	0.2.17	sha2	0.10.9	wasmtime-environ	45.0.3	normal:all	false		true
cpufeatures	0.2.17	sha2	0.10.9	wasmtime-internal-cache	45.0.3	normal:all	false		true
cpufeatures	0.2.17	sha2	0.10.9	wtransport	0.6.1	normal:all	false		true
cpufeatures	0.2.17	sha3	0.10.8	zenoh-crypto	1.7.2	normal:all	false		true
cpufeatures	0.2.17	sha3	0.10.8	zenoh-transport	1.7.2	normal:all	false		true
cpufeatures	0.2.17	tokio-tungstenite	0.24.0	zenoh-link-ws	1.7.2	normal:all	false		true
cpufeatures	0.2.17	tungstenite	0.24.0	tokio-tungstenite	0.24.0	normal:all	false		true
cpufeatures	0.2.17	validated_struct	2.2.0	zenoh-config	1.7.2	normal:all	false		true
cpufeatures	0.2.17	wasmtime	45.0.3	sentinel-wasm	0.1.0	normal:all	true		true
cpufeatures	0.2.17	wasmtime	45.0.3	wasmtime-wasi	45.0.3	normal:all	false		true
cpufeatures	0.2.17	wasmtime	45.0.3	wasmtime-wasi-io	45.0.3	normal:all	false		true
cpufeatures	0.2.17	wasmtime	45.0.3	wiggle	45.0.3	normal:all	false		true
cpufeatures	0.2.17	wasmtime-environ	45.0.3	wasmtime	45.0.3	normal:all	false		true
cpufeatures	0.2.17	wasmtime-environ	45.0.3	wasmtime-internal-cache	45.0.3	normal:all	false		true
cpufeatures	0.2.17	wasmtime-environ	45.0.3	wasmtime-internal-cranelift	45.0.3	normal:all	false		true
cpufeatures	0.2.17	wasmtime-environ	45.0.3	wasmtime-internal-fiber	45.0.3	normal:all	false		true
cpufeatures	0.2.17	wasmtime-environ	45.0.3	wasmtime-internal-unwinder	45.0.3	normal:all	false		true
cpufeatures	0.2.17	wasmtime-environ	45.0.3	wiggle	45.0.3	normal:all	false		true
cpufeatures	0.2.17	wasmtime-environ	45.0.3	wiggle-generate	45.0.3	normal:all	false		true
cpufeatures	0.2.17	wasmtime-internal-cache	45.0.3	wasmtime	45.0.3	normal:all	false		true
cpufeatures	0.2.17	wasmtime-internal-cranelift	45.0.3	wasmtime	45.0.3	normal:all	false		true
cpufeatures	0.2.17	wasmtime-internal-fiber	45.0.3	wasmtime	45.0.3	normal:all	false		true
cpufeatures	0.2.17	wasmtime-internal-unwinder	45.0.3	wasmtime	45.0.3	normal:all	false		true
cpufeatures	0.2.17	wasmtime-internal-unwinder	45.0.3	wasmtime-internal-cranelift	45.0.3	normal:all	false		true
cpufeatures	0.2.17	wasmtime-wasi	45.0.3	sentinel-wasm	0.1.0	normal:all	true		true
cpufeatures	0.2.17	wasmtime-wasi-io	45.0.3	wasmtime-wasi	45.0.3	normal:all	false		true
cpufeatures	0.2.17	wiggle	45.0.3	wasmtime-wasi	45.0.3	normal:all	false		true
cpufeatures	0.2.17	wiggle-generate	45.0.3	wiggle-macro	45.0.3	normal:all	false		true
cpufeatures	0.2.17	wiggle-macro	45.0.3	wiggle	45.0.3	normal:all	false		true
cpufeatures	0.2.17	wtransport	0.6.1	sentinel-dashboard-backend	0.1.0	normal:all	true	A	true
cpufeatures	0.2.17	zenoh	1.7.2	sentinel-zenoh	0.1.0	normal:all	true		true
cpufeatures	0.2.17	zenoh-config	1.7.2	zenoh	1.7.2	normal:all	false		true
cpufeatures	0.2.17	zenoh-config	1.7.2	zenoh-link	1.7.2	normal:all	false		true
cpufeatures	0.2.17	zenoh-config	1.7.2	zenoh-link-commons	1.7.2	normal:all	false		true
cpufeatures	0.2.17	zenoh-config	1.7.2	zenoh-link-quic	1.7.2	normal:all	false		true
cpufeatures	0.2.17	zenoh-config	1.7.2	zenoh-link-tcp	1.7.2	normal:all	false		true
cpufeatures	0.2.17	zenoh-config	1.7.2	zenoh-link-tls	1.7.2	normal:all	false		true
cpufeatures	0.2.17	zenoh-config	1.7.2	zenoh-plugin-trait	1.7.2	normal:all	false		true
cpufeatures	0.2.17	zenoh-config	1.7.2	zenoh-transport	1.7.2	normal:all	false		true
cpufeatures	0.2.17	zenoh-crypto	1.7.2	zenoh-transport	1.7.2	normal:all	false		true
cpufeatures	0.2.17	zenoh-link	1.7.2	zenoh	1.7.2	normal:all	false		true
cpufeatures	0.2.17	zenoh-link	1.7.2	zenoh-transport	1.7.2	normal:all	false		true
cpufeatures	0.2.17	zenoh-link-commons	1.7.2	zenoh	1.7.2	normal:all	false		true
cpufeatures	0.2.17	zenoh-link-commons	1.7.2	zenoh-link	1.7.2	normal:all	false		true
cpufeatures	0.2.17	zenoh-link-commons	1.7.2	zenoh-link-quic	1.7.2	normal:all	false		true
cpufeatures	0.2.17	zenoh-link-commons	1.7.2	zenoh-link-quic_datagram	1.7.2	normal:all	false		true
cpufeatures	0.2.17	zenoh-link-commons	1.7.2	zenoh-link-tcp	1.7.2	normal:all	false		true
cpufeatures	0.2.17	zenoh-link-commons	1.7.2	zenoh-link-tls	1.7.2	normal:all	false		true
cpufeatures	0.2.17	zenoh-link-commons	1.7.2	zenoh-link-udp	1.7.2	normal:all	false		true
cpufeatures	0.2.17	zenoh-link-commons	1.7.2	zenoh-link-unixsock_stream	1.7.2	normal:all	false		true
cpufeatures	0.2.17	zenoh-link-commons	1.7.2	zenoh-link-ws	1.7.2	normal:all	false		true
cpufeatures	0.2.17	zenoh-link-commons	1.7.2	zenoh-transport	1.7.2	normal:all	false		true
cpufeatures	0.2.17	zenoh-link-quic	1.7.2	zenoh-link	1.7.2	normal:all	false		true
cpufeatures	0.2.17	zenoh-link-quic_datagram	1.7.2	zenoh-link	1.7.2	normal:all	false		true
cpufeatures	0.2.17	zenoh-link-tcp	1.7.2	zenoh-link	1.7.2	normal:all	false		true
cpufeatures	0.2.17	zenoh-link-tls	1.7.2	zenoh-link	1.7.2	normal:all	false		true
cpufeatures	0.2.17	zenoh-link-udp	1.7.2	zenoh-link	1.7.2	normal:all	false		true
cpufeatures	0.2.17	zenoh-link-unixsock_stream	1.7.2	zenoh-link	1.7.2	normal:all	false		true
cpufeatures	0.2.17	zenoh-link-ws	1.7.2	zenoh-link	1.7.2	normal:all	false		true
cpufeatures	0.2.17	zenoh-plugin-trait	1.7.2	zenoh	1.7.2	normal:all	false		true
cpufeatures	0.2.17	zenoh-transport	1.7.2	zenoh	1.7.2	normal:all	false		true
cpufeatures	0.3.0	chacha20	0.10.0	rand	0.10.1	normal:all	false		true
cpufeatures	0.3.0	cpufeatures	0.3.0	chacha20	0.10.0	"normal:cfg(any(target_arch = ""x86_64"", target_arch = ""x86""))"	false		true
cpufeatures	0.3.0	rand	0.10.1	wasmtime-wasi	45.0.3	normal:all	false		true
cpufeatures	0.3.0	sentinel-ecs	0.1.0	sentinel-daemon	0.1.0	normal:all	true	A	true
cpufeatures	0.3.0	sentinel-ecs	0.1.0	sentinel-runtime	0.1.0	normal:all	true		true
cpufeatures	0.3.0	sentinel-runtime	0.1.0	sentinel-daemon	0.1.0	normal:all	true	A	true
cpufeatures	0.3.0	sentinel-wasm	0.1.0	sentinel-daemon	0.1.0	normal:all	true	A	true
cpufeatures	0.3.0	sentinel-wasm	0.1.0	sentinel-ecs	0.1.0	normal:all	true		true
cpufeatures	0.3.0	wasmtime-wasi	45.0.3	sentinel-wasm	0.1.0	normal:all	true		true
criterion	0.5.1	criterion	0.5.1	sentinel-telemetry	0.1.0	dev:all	true		true
criterion	0.5.1	criterion	0.5.1	sentinel-zenoh	0.1.0	dev:all	true		true
criterion	0.5.1	sentinel-console-plane	0.1.0	sentinel-dashboard-backend	0.1.0	normal:all	true	A	true
criterion	0.5.1	sentinel-ecs	0.1.0	sentinel-daemon	0.1.0	normal:all	true	A	true
criterion	0.5.1	sentinel-ecs	0.1.0	sentinel-runtime	0.1.0	normal:all	true		true
criterion	0.5.1	sentinel-fs	0.1.0	sentinel-console-plane	0.1.0	normal:all	true		true
criterion	0.5.1	sentinel-fs	0.1.0	sentinel-daemon	0.1.0	normal:all	true	A	true
criterion	0.5.1	sentinel-fs	0.1.0	sentinel-microvm	0.1.0	normal:all	true		true
criterion	0.5.1	sentinel-fs	0.1.0	sentinel-sandbox	0.1.0	normal:all	true		true
criterion	0.5.1	sentinel-gaia-loop	0.1.0	sentinel-dashboard-backend	0.1.0	normal:all	true	A	true
criterion	0.5.1	sentinel-limbo	0.1.0	sentinel-daemon	0.1.0	normal:all	true	A	true
criterion	0.5.1	sentinel-limbo	0.1.0	sentinel-dashboard-backend	0.1.0	normal:all	true	A	true
criterion	0.5.1	sentinel-limbo	0.1.0	sentinel-ecs	0.1.0	normal:all	true		true
criterion	0.5.1	sentinel-limbo	0.1.0	sentinel-gaia-loop	0.1.0	normal:all	true	A	true
criterion	0.5.1	sentinel-limbo	0.1.0	sentinel-gaia-memory	0.1.0	dev:all	true		true
criterion	0.5.1	sentinel-limbo	0.1.0	sentinel-nightrun	0.1.0	normal:all	true	C	true
criterion	0.5.1	sentinel-limbo	0.1.0	sentinel-projection	0.1.0	normal:all	true		true
criterion	0.5.1	sentinel-limbo	0.1.0	sentinel-projection-service	0.1.0	normal:all	true	A	true
criterion	0.5.1	sentinel-limbo	0.1.0	sentinel-runtime	0.1.0	dev:all;normal:all	true		true
criterion	0.5.1	sentinel-projection	0.1.0	sentinel-daemon	0.1.0	normal:all	true	A	true
criterion	0.5.1	sentinel-projection	0.1.0	sentinel-dashboard-backend	0.1.0	normal:all	true	A	true
criterion	0.5.1	sentinel-projection	0.1.0	sentinel-gaia-memory	0.1.0	dev:all	true		true
criterion	0.5.1	sentinel-projection	0.1.0	sentinel-projection-service	0.1.0	normal:all	true	A	true
criterion	0.5.1	sentinel-redb	0.1.0	sentinel-daemon	0.1.0	normal:all	true	A	true
criterion	0.5.1	sentinel-redb	0.1.0	sentinel-ecs	0.1.0	normal:all	true		true
criterion	0.5.1	sentinel-runtime	0.1.0	sentinel-daemon	0.1.0	normal:all	true	A	true
criterion	0.5.1	sentinel-sandbox	0.1.0	sentinel-daemon	0.1.0	normal:all	true	A	true
criterion	0.5.1	sentinel-telemetry	0.1.0	sentinel-daemon	0.1.0	normal:all	true	A	true
criterion	0.5.1	sentinel-telemetry	0.1.0	sentinel-ecs	0.1.0	dev:all	true		true
criterion	0.5.1	sentinel-telemetry	0.1.0	sentinel-fs	0.1.0	normal:all	true		true
criterion	0.5.1	sentinel-telemetry	0.1.0	sentinel-limbo	0.1.0	normal:all	true		true
criterion	0.5.1	sentinel-telemetry	0.1.0	sentinel-nightrun	0.1.0	normal:all	true	C	true
criterion	0.5.1	sentinel-telemetry	0.1.0	sentinel-projection	0.1.0	normal:all	true		true
criterion	0.5.1	sentinel-telemetry	0.1.0	sentinel-projection-service	0.1.0	normal:all	true	A	true
criterion	0.5.1	sentinel-telemetry	0.1.0	sentinel-redb	0.1.0	normal:all	true		true
criterion	0.5.1	sentinel-telemetry	0.1.0	sentinel-zenoh	0.1.0	normal:all	true		true
criterion	0.5.1	sentinel-zenoh	0.1.0	sentinel-daemon	0.1.0	normal:all	true	A	true
criterion	0.5.1	sentinel-zenoh	0.1.0	sentinel-sandbox	0.1.0	normal:all	true		true
criterion	0.8.2	criterion	0.8.2	sentinel-daemon	0.1.0	dev:all	true	A	true
criterion	0.8.2	criterion	0.8.2	sentinel-ecs	0.1.0	dev:all	true		true
criterion	0.8.2	criterion	0.8.2	sentinel-fs	0.1.0	dev:all	true		true
criterion	0.8.2	criterion	0.8.2	sentinel-gaia-memory	0.1.0	dev:all	true		true
criterion	0.8.2	criterion	0.8.2	sentinel-hippocampus	0.1.0	dev:all	true		true
criterion	0.8.2	criterion	0.8.2	sentinel-limbo	0.1.0	dev:all	true		true
criterion	0.8.2	criterion	0.8.2	sentinel-nightrun	0.1.0	dev:all	true	C	true
criterion	0.8.2	criterion	0.8.2	sentinel-projection	0.1.0	dev:all	true		true
criterion	0.8.2	criterion	0.8.2	sentinel-runtime	0.1.0	dev:all	true		true
criterion	0.8.2	criterion	0.8.2	sentinel-sandbox	0.1.0	dev:all	true		true
criterion	0.8.2	criterion	0.8.2	sentinel-wasm	0.1.0	dev:all	true		true
criterion	0.8.2	sentinel-console-plane	0.1.0	sentinel-dashboard-backend	0.1.0	normal:all	true	A	true
criterion	0.8.2	sentinel-ecs	0.1.0	sentinel-daemon	0.1.0	normal:all	true	A	true
criterion	0.8.2	sentinel-ecs	0.1.0	sentinel-runtime	0.1.0	normal:all	true		true
criterion	0.8.2	sentinel-fs	0.1.0	sentinel-console-plane	0.1.0	normal:all	true		true
criterion	0.8.2	sentinel-fs	0.1.0	sentinel-daemon	0.1.0	normal:all	true	A	true
criterion	0.8.2	sentinel-fs	0.1.0	sentinel-microvm	0.1.0	normal:all	true		true
criterion	0.8.2	sentinel-fs	0.1.0	sentinel-sandbox	0.1.0	normal:all	true		true
criterion	0.8.2	sentinel-gaia-loop	0.1.0	sentinel-dashboard-backend	0.1.0	normal:all	true	A	true
criterion	0.8.2	sentinel-hippocampus	0.1.0	sentinel-daemon	0.1.0	normal:all	true	A	true
criterion	0.8.2	sentinel-hippocampus	0.1.0	sentinel-gaia-memory	0.1.0	normal:all	true		true
criterion	0.8.2	sentinel-hippocampus	0.1.0	sentinel-nightrun	0.1.0	normal:all	true	C	true
criterion	0.8.2	sentinel-limbo	0.1.0	sentinel-daemon	0.1.0	normal:all	true	A	true
criterion	0.8.2	sentinel-limbo	0.1.0	sentinel-dashboard-backend	0.1.0	normal:all	true	A	true
criterion	0.8.2	sentinel-limbo	0.1.0	sentinel-ecs	0.1.0	normal:all	true		true
criterion	0.8.2	sentinel-limbo	0.1.0	sentinel-gaia-loop	0.1.0	normal:all	true	A	true
criterion	0.8.2	sentinel-limbo	0.1.0	sentinel-gaia-memory	0.1.0	dev:all	true		true
criterion	0.8.2	sentinel-limbo	0.1.0	sentinel-nightrun	0.1.0	normal:all	true	C	true
criterion	0.8.2	sentinel-limbo	0.1.0	sentinel-projection	0.1.0	normal:all	true		true
criterion	0.8.2	sentinel-limbo	0.1.0	sentinel-projection-service	0.1.0	normal:all	true	A	true
criterion	0.8.2	sentinel-limbo	0.1.0	sentinel-runtime	0.1.0	dev:all;normal:all	true		true
criterion	0.8.2	sentinel-projection	0.1.0	sentinel-daemon	0.1.0	normal:all	true	A	true
criterion	0.8.2	sentinel-projection	0.1.0	sentinel-dashboard-backend	0.1.0	normal:all	true	A	true
criterion	0.8.2	sentinel-projection	0.1.0	sentinel-gaia-memory	0.1.0	dev:all	true		true
criterion	0.8.2	sentinel-projection	0.1.0	sentinel-projection-service	0.1.0	normal:all	true	A	true
criterion	0.8.2	sentinel-runtime	0.1.0	sentinel-daemon	0.1.0	normal:all	true	A	true
criterion	0.8.2	sentinel-sandbox	0.1.0	sentinel-daemon	0.1.0	normal:all	true	A	true
criterion	0.8.2	sentinel-wasm	0.1.0	sentinel-daemon	0.1.0	normal:all	true	A	true
criterion	0.8.2	sentinel-wasm	0.1.0	sentinel-ecs	0.1.0	normal:all	true		true
criterion-plot	0.5.0	criterion	0.5.1	sentinel-telemetry	0.1.0	dev:all	true		true
criterion-plot	0.5.0	criterion	0.5.1	sentinel-zenoh	0.1.0	dev:all	true		true
criterion-plot	0.5.0	criterion-plot	0.5.0	criterion	0.5.1	normal:all	false		true
criterion-plot	0.5.0	sentinel-console-plane	0.1.0	sentinel-dashboard-backend	0.1.0	normal:all	true	A	true
criterion-plot	0.5.0	sentinel-ecs	0.1.0	sentinel-daemon	0.1.0	normal:all	true	A	true
criterion-plot	0.5.0	sentinel-ecs	0.1.0	sentinel-runtime	0.1.0	normal:all	true		true
criterion-plot	0.5.0	sentinel-fs	0.1.0	sentinel-console-plane	0.1.0	normal:all	true		true
criterion-plot	0.5.0	sentinel-fs	0.1.0	sentinel-daemon	0.1.0	normal:all	true	A	true
criterion-plot	0.5.0	sentinel-fs	0.1.0	sentinel-microvm	0.1.0	normal:all	true		true
criterion-plot	0.5.0	sentinel-fs	0.1.0	sentinel-sandbox	0.1.0	normal:all	true		true
criterion-plot	0.5.0	sentinel-gaia-loop	0.1.0	sentinel-dashboard-backend	0.1.0	normal:all	true	A	true
criterion-plot	0.5.0	sentinel-limbo	0.1.0	sentinel-daemon	0.1.0	normal:all	true	A	true
criterion-plot	0.5.0	sentinel-limbo	0.1.0	sentinel-dashboard-backend	0.1.0	normal:all	true	A	true
criterion-plot	0.5.0	sentinel-limbo	0.1.0	sentinel-ecs	0.1.0	normal:all	true		true
criterion-plot	0.5.0	sentinel-limbo	0.1.0	sentinel-gaia-loop	0.1.0	normal:all	true	A	true
criterion-plot	0.5.0	sentinel-limbo	0.1.0	sentinel-gaia-memory	0.1.0	dev:all	true		true
criterion-plot	0.5.0	sentinel-limbo	0.1.0	sentinel-nightrun	0.1.0	normal:all	true	C	true
criterion-plot	0.5.0	sentinel-limbo	0.1.0	sentinel-projection	0.1.0	normal:all	true		true
criterion-plot	0.5.0	sentinel-limbo	0.1.0	sentinel-projection-service	0.1.0	normal:all	true	A	true
criterion-plot	0.5.0	sentinel-limbo	0.1.0	sentinel-runtime	0.1.0	dev:all;normal:all	true		true
criterion-plot	0.5.0	sentinel-projection	0.1.0	sentinel-daemon	0.1.0	normal:all	true	A	true
criterion-plot	0.5.0	sentinel-projection	0.1.0	sentinel-dashboard-backend	0.1.0	normal:all	true	A	true
criterion-plot	0.5.0	sentinel-projection	0.1.0	sentinel-gaia-memory	0.1.0	dev:all	true		true
criterion-plot	0.5.0	sentinel-projection	0.1.0	sentinel-projection-service	0.1.0	normal:all	true	A	true
criterion-plot	0.5.0	sentinel-redb	0.1.0	sentinel-daemon	0.1.0	normal:all	true	A	true
criterion-plot	0.5.0	sentinel-redb	0.1.0	sentinel-ecs	0.1.0	normal:all	true		true
criterion-plot	0.5.0	sentinel-runtime	0.1.0	sentinel-daemon	0.1.0	normal:all	true	A	true
criterion-plot	0.5.0	sentinel-sandbox	0.1.0	sentinel-daemon	0.1.0	normal:all	true	A	true
criterion-plot	0.5.0	sentinel-telemetry	0.1.0	sentinel-daemon	0.1.0	normal:all	true	A	true
criterion-plot	0.5.0	sentinel-telemetry	0.1.0	sentinel-ecs	0.1.0	dev:all	true		true
criterion-plot	0.5.0	sentinel-telemetry	0.1.0	sentinel-fs	0.1.0	normal:all	true		true
criterion-plot	0.5.0	sentinel-telemetry	0.1.0	sentinel-limbo	0.1.0	normal:all	true		true
criterion-plot	0.5.0	sentinel-telemetry	0.1.0	sentinel-nightrun	0.1.0	normal:all	true	C	true
criterion-plot	0.5.0	sentinel-telemetry	0.1.0	sentinel-projection	0.1.0	normal:all	true		true
criterion-plot	0.5.0	sentinel-telemetry	0.1.0	sentinel-projection-service	0.1.0	normal:all	true	A	true
criterion-plot	0.5.0	sentinel-telemetry	0.1.0	sentinel-redb	0.1.0	normal:all	true		true
criterion-plot	0.5.0	sentinel-telemetry	0.1.0	sentinel-zenoh	0.1.0	normal:all	true		true
criterion-plot	0.5.0	sentinel-zenoh	0.1.0	sentinel-daemon	0.1.0	normal:all	true	A	true
criterion-plot	0.5.0	sentinel-zenoh	0.1.0	sentinel-sandbox	0.1.0	normal:all	true		true
criterion-plot	0.8.2	criterion	0.8.2	sentinel-daemon	0.1.0	dev:all	true	A	true
criterion-plot	0.8.2	criterion	0.8.2	sentinel-ecs	0.1.0	dev:all	true		true
criterion-plot	0.8.2	criterion	0.8.2	sentinel-fs	0.1.0	dev:all	true		true
criterion-plot	0.8.2	criterion	0.8.2	sentinel-gaia-memory	0.1.0	dev:all	true		true
criterion-plot	0.8.2	criterion	0.8.2	sentinel-hippocampus	0.1.0	dev:all	true		true
criterion-plot	0.8.2	criterion	0.8.2	sentinel-limbo	0.1.0	dev:all	true		true
criterion-plot	0.8.2	criterion	0.8.2	sentinel-nightrun	0.1.0	dev:all	true	C	true
criterion-plot	0.8.2	criterion	0.8.2	sentinel-projection	0.1.0	dev:all	true		true
criterion-plot	0.8.2	criterion	0.8.2	sentinel-runtime	0.1.0	dev:all	true		true
criterion-plot	0.8.2	criterion	0.8.2	sentinel-sandbox	0.1.0	dev:all	true		true
criterion-plot	0.8.2	criterion	0.8.2	sentinel-wasm	0.1.0	dev:all	true		true
criterion-plot	0.8.2	criterion-plot	0.8.2	criterion	0.8.2	normal:all	false		true
criterion-plot	0.8.2	sentinel-console-plane	0.1.0	sentinel-dashboard-backend	0.1.0	normal:all	true	A	true
criterion-plot	0.8.2	sentinel-ecs	0.1.0	sentinel-daemon	0.1.0	normal:all	true	A	true
criterion-plot	0.8.2	sentinel-ecs	0.1.0	sentinel-runtime	0.1.0	normal:all	true		true
criterion-plot	0.8.2	sentinel-fs	0.1.0	sentinel-console-plane	0.1.0	normal:all	true		true
criterion-plot	0.8.2	sentinel-fs	0.1.0	sentinel-daemon	0.1.0	normal:all	true	A	true
criterion-plot	0.8.2	sentinel-fs	0.1.0	sentinel-microvm	0.1.0	normal:all	true		true
criterion-plot	0.8.2	sentinel-fs	0.1.0	sentinel-sandbox	0.1.0	normal:all	true		true
criterion-plot	0.8.2	sentinel-gaia-loop	0.1.0	sentinel-dashboard-backend	0.1.0	normal:all	true	A	true
criterion-plot	0.8.2	sentinel-hippocampus	0.1.0	sentinel-daemon	0.1.0	normal:all	true	A	true
criterion-plot	0.8.2	sentinel-hippocampus	0.1.0	sentinel-gaia-memory	0.1.0	normal:all	true		true
criterion-plot	0.8.2	sentinel-hippocampus	0.1.0	sentinel-nightrun	0.1.0	normal:all	true	C	true
criterion-plot	0.8.2	sentinel-limbo	0.1.0	sentinel-daemon	0.1.0	normal:all	true	A	true
criterion-plot	0.8.2	sentinel-limbo	0.1.0	sentinel-dashboard-backend	0.1.0	normal:all	true	A	true
criterion-plot	0.8.2	sentinel-limbo	0.1.0	sentinel-ecs	0.1.0	normal:all	true		true
criterion-plot	0.8.2	sentinel-limbo	0.1.0	sentinel-gaia-loop	0.1.0	normal:all	true	A	true
criterion-plot	0.8.2	sentinel-limbo	0.1.0	sentinel-gaia-memory	0.1.0	dev:all	true		true
criterion-plot	0.8.2	sentinel-limbo	0.1.0	sentinel-nightrun	0.1.0	normal:all	true	C	true
criterion-plot	0.8.2	sentinel-limbo	0.1.0	sentinel-projection	0.1.0	normal:all	true		true
criterion-plot	0.8.2	sentinel-limbo	0.1.0	sentinel-projection-service	0.1.0	normal:all	true	A	true
criterion-plot	0.8.2	sentinel-limbo	0.1.0	sentinel-runtime	0.1.0	dev:all;normal:all	true		true
criterion-plot	0.8.2	sentinel-projection	0.1.0	sentinel-daemon	0.1.0	normal:all	true	A	true
criterion-plot	0.8.2	sentinel-projection	0.1.0	sentinel-dashboard-backend	0.1.0	normal:all	true	A	true
criterion-plot	0.8.2	sentinel-projection	0.1.0	sentinel-gaia-memory	0.1.0	dev:all	true		true
criterion-plot	0.8.2	sentinel-projection	0.1.0	sentinel-projection-service	0.1.0	normal:all	true	A	true
criterion-plot	0.8.2	sentinel-runtime	0.1.0	sentinel-daemon	0.1.0	normal:all	true	A	true
criterion-plot	0.8.2	sentinel-sandbox	0.1.0	sentinel-daemon	0.1.0	normal:all	true	A	true
criterion-plot	0.8.2	sentinel-wasm	0.1.0	sentinel-daemon	0.1.0	normal:all	true	A	true
criterion-plot	0.8.2	sentinel-wasm	0.1.0	sentinel-ecs	0.1.0	normal:all	true		true
embedded-io	0.4.0	embedded-io	0.4.0	postcard	1.1.3	normal:all	false		false
embedded-io	0.4.0	postcard	1.1.3	wasmtime	45.0.3	normal:all	false		true
embedded-io	0.4.0	postcard	1.1.3	wasmtime-environ	45.0.3	normal:all	false		true
embedded-io	0.4.0	postcard	1.1.3	wasmtime-internal-cache	45.0.3	normal:all	false		true
embedded-io	0.4.0	sentinel-ecs	0.1.0	sentinel-daemon	0.1.0	normal:all	true	A	true
embedded-io	0.4.0	sentinel-ecs	0.1.0	sentinel-runtime	0.1.0	normal:all	true		true
embedded-io	0.4.0	sentinel-runtime	0.1.0	sentinel-daemon	0.1.0	normal:all	true	A	true
embedded-io	0.4.0	sentinel-wasm	0.1.0	sentinel-daemon	0.1.0	normal:all	true	A	true
embedded-io	0.4.0	sentinel-wasm	0.1.0	sentinel-ecs	0.1.0	normal:all	true		true
embedded-io	0.4.0	wasmtime	45.0.3	sentinel-wasm	0.1.0	normal:all	true		true
embedded-io	0.4.0	wasmtime	45.0.3	wasmtime-wasi	45.0.3	normal:all	false		true
embedded-io	0.4.0	wasmtime	45.0.3	wasmtime-wasi-io	45.0.3	normal:all	false		true
embedded-io	0.4.0	wasmtime	45.0.3	wiggle	45.0.3	normal:all	false		true
embedded-io	0.4.0	wasmtime-environ	45.0.3	wasmtime	45.0.3	normal:all	false		true
embedded-io	0.4.0	wasmtime-environ	45.0.3	wasmtime-internal-cache	45.0.3	normal:all	false		true
embedded-io	0.4.0	wasmtime-environ	45.0.3	wasmtime-internal-cranelift	45.0.3	normal:all	false		true
embedded-io	0.4.0	wasmtime-environ	45.0.3	wasmtime-internal-fiber	45.0.3	normal:all	false		true
embedded-io	0.4.0	wasmtime-environ	45.0.3	wasmtime-internal-unwinder	45.0.3	normal:all	false		true
embedded-io	0.4.0	wasmtime-environ	45.0.3	wasmtime-internal-winch	45.0.3	normal:all	false		false
embedded-io	0.4.0	wasmtime-environ	45.0.3	wiggle	45.0.3	normal:all	false		true
embedded-io	0.4.0	wasmtime-environ	45.0.3	wiggle-generate	45.0.3	normal:all	false		true
embedded-io	0.4.0	wasmtime-environ	45.0.3	winch-codegen	45.0.3	normal:all	false		false
embedded-io	0.4.0	wasmtime-internal-cache	45.0.3	wasmtime	45.0.3	normal:all	false		true
embedded-io	0.4.0	wasmtime-internal-cranelift	45.0.3	wasmtime	45.0.3	normal:all	false		true
embedded-io	0.4.0	wasmtime-internal-cranelift	45.0.3	wasmtime-internal-winch	45.0.3	normal:all	false		false
embedded-io	0.4.0	wasmtime-internal-cranelift	45.0.3	winch-codegen	45.0.3	normal:all	false		false
embedded-io	0.4.0	wasmtime-internal-fiber	45.0.3	wasmtime	45.0.3	normal:all	false		true
embedded-io	0.4.0	wasmtime-internal-unwinder	45.0.3	wasmtime	45.0.3	normal:all	false		true
embedded-io	0.4.0	wasmtime-internal-unwinder	45.0.3	wasmtime-internal-cranelift	45.0.3	normal:all	false		true
embedded-io	0.4.0	wasmtime-internal-winch	45.0.3	wasmtime	45.0.3	normal:all	false		false
embedded-io	0.4.0	wasmtime-wasi	45.0.3	sentinel-wasm	0.1.0	normal:all	true		true
embedded-io	0.4.0	wasmtime-wasi-io	45.0.3	wasmtime-wasi	45.0.3	normal:all	false		true
embedded-io	0.4.0	wiggle	45.0.3	wasmtime-wasi	45.0.3	normal:all	false		true
embedded-io	0.4.0	wiggle-generate	45.0.3	wiggle-macro	45.0.3	normal:all	false		true
embedded-io	0.4.0	wiggle-macro	45.0.3	wiggle	45.0.3	normal:all	false		true
embedded-io	0.4.0	winch-codegen	45.0.3	wasmtime-internal-winch	45.0.3	normal:all	false		false
embedded-io	0.6.1	embedded-io	0.6.1	postcard	1.1.3	normal:all	false		false
embedded-io	0.6.1	postcard	1.1.3	wasmtime	45.0.3	normal:all	false		true
embedded-io	0.6.1	postcard	1.1.3	wasmtime-environ	45.0.3	normal:all	false		true
embedded-io	0.6.1	postcard	1.1.3	wasmtime-internal-cache	45.0.3	normal:all	false		true
embedded-io	0.6.1	sentinel-ecs	0.1.0	sentinel-daemon	0.1.0	normal:all	true	A	true
embedded-io	0.6.1	sentinel-ecs	0.1.0	sentinel-runtime	0.1.0	normal:all	true		true
embedded-io	0.6.1	sentinel-runtime	0.1.0	sentinel-daemon	0.1.0	normal:all	true	A	true
embedded-io	0.6.1	sentinel-wasm	0.1.0	sentinel-daemon	0.1.0	normal:all	true	A	true
embedded-io	0.6.1	sentinel-wasm	0.1.0	sentinel-ecs	0.1.0	normal:all	true		true
embedded-io	0.6.1	wasmtime	45.0.3	sentinel-wasm	0.1.0	normal:all	true		true
embedded-io	0.6.1	wasmtime	45.0.3	wasmtime-wasi	45.0.3	normal:all	false		true
embedded-io	0.6.1	wasmtime	45.0.3	wasmtime-wasi-io	45.0.3	normal:all	false		true
embedded-io	0.6.1	wasmtime	45.0.3	wiggle	45.0.3	normal:all	false		true
embedded-io	0.6.1	wasmtime-environ	45.0.3	wasmtime	45.0.3	normal:all	false		true
embedded-io	0.6.1	wasmtime-environ	45.0.3	wasmtime-internal-cache	45.0.3	normal:all	false		true
embedded-io	0.6.1	wasmtime-environ	45.0.3	wasmtime-internal-cranelift	45.0.3	normal:all	false		true
embedded-io	0.6.1	wasmtime-environ	45.0.3	wasmtime-internal-fiber	45.0.3	normal:all	false		true
embedded-io	0.6.1	wasmtime-environ	45.0.3	wasmtime-internal-unwinder	45.0.3	normal:all	false		true
embedded-io	0.6.1	wasmtime-environ	45.0.3	wasmtime-internal-winch	45.0.3	normal:all	false		false
embedded-io	0.6.1	wasmtime-environ	45.0.3	wiggle	45.0.3	normal:all	false		true
embedded-io	0.6.1	wasmtime-environ	45.0.3	wiggle-generate	45.0.3	normal:all	false		true
embedded-io	0.6.1	wasmtime-environ	45.0.3	winch-codegen	45.0.3	normal:all	false		false
embedded-io	0.6.1	wasmtime-internal-cache	45.0.3	wasmtime	45.0.3	normal:all	false		true
embedded-io	0.6.1	wasmtime-internal-cranelift	45.0.3	wasmtime	45.0.3	normal:all	false		true
embedded-io	0.6.1	wasmtime-internal-cranelift	45.0.3	wasmtime-internal-winch	45.0.3	normal:all	false		false
embedded-io	0.6.1	wasmtime-internal-cranelift	45.0.3	winch-codegen	45.0.3	normal:all	false		false
embedded-io	0.6.1	wasmtime-internal-fiber	45.0.3	wasmtime	45.0.3	normal:all	false		true
embedded-io	0.6.1	wasmtime-internal-unwinder	45.0.3	wasmtime	45.0.3	normal:all	false		true
embedded-io	0.6.1	wasmtime-internal-unwinder	45.0.3	wasmtime-internal-cranelift	45.0.3	normal:all	false		true
embedded-io	0.6.1	wasmtime-internal-winch	45.0.3	wasmtime	45.0.3	normal:all	false		false
embedded-io	0.6.1	wasmtime-wasi	45.0.3	sentinel-wasm	0.1.0	normal:all	true		true
embedded-io	0.6.1	wasmtime-wasi-io	45.0.3	wasmtime-wasi	45.0.3	normal:all	false		true
embedded-io	0.6.1	wiggle	45.0.3	wasmtime-wasi	45.0.3	normal:all	false		true
embedded-io	0.6.1	wiggle-generate	45.0.3	wiggle-macro	45.0.3	normal:all	false		true
embedded-io	0.6.1	wiggle-macro	45.0.3	wiggle	45.0.3	normal:all	false		true
embedded-io	0.6.1	winch-codegen	45.0.3	wasmtime-internal-winch	45.0.3	normal:all	false		false
fixedbitset	0.4.2	fixedbitset	0.4.2	petgraph	0.6.5	normal:all	false		true
fixedbitset	0.4.2	petgraph	0.6.5	wasm-compose	0.248.0	normal:all	false		true
fixedbitset	0.4.2	sentinel-ecs	0.1.0	sentinel-daemon	0.1.0	normal:all	true	A	true
fixedbitset	0.4.2	sentinel-ecs	0.1.0	sentinel-runtime	0.1.0	normal:all	true		true
fixedbitset	0.4.2	sentinel-runtime	0.1.0	sentinel-daemon	0.1.0	normal:all	true	A	true
fixedbitset	0.4.2	sentinel-wasm	0.1.0	sentinel-daemon	0.1.0	normal:all	true	A	true
fixedbitset	0.4.2	sentinel-wasm	0.1.0	sentinel-ecs	0.1.0	normal:all	true		true
fixedbitset	0.4.2	wasm-compose	0.248.0	wasmtime	45.0.3	normal:all	false		true
fixedbitset	0.4.2	wasmtime	45.0.3	sentinel-wasm	0.1.0	normal:all	true		true
fixedbitset	0.4.2	wasmtime	45.0.3	wasmtime-wasi	45.0.3	normal:all	false		true
fixedbitset	0.4.2	wasmtime	45.0.3	wasmtime-wasi-io	45.0.3	normal:all	false		true
fixedbitset	0.4.2	wasmtime	45.0.3	wiggle	45.0.3	normal:all	false		true
fixedbitset	0.4.2	wasmtime-wasi	45.0.3	sentinel-wasm	0.1.0	normal:all	true		true
fixedbitset	0.4.2	wasmtime-wasi-io	45.0.3	wasmtime-wasi	45.0.3	normal:all	false		true
fixedbitset	0.4.2	wiggle	45.0.3	wasmtime-wasi	45.0.3	normal:all	false		true
fixedbitset	0.5.7	bevy_ecs	0.18.1	sentinel-common	0.1.0	normal:all	true		true
fixedbitset	0.5.7	bevy_ecs	0.18.1	sentinel-daemon	0.1.0	normal:all	true	A	true
fixedbitset	0.5.7	bevy_ecs	0.18.1	sentinel-ecs	0.1.0	normal:all	true		true
fixedbitset	0.5.7	bevy_ecs	0.18.1	sentinel-runtime	0.1.0	normal:all	true		true
fixedbitset	0.5.7	fixedbitset	0.5.7	bevy_ecs	0.18.1	normal:all	false		true
fixedbitset	0.5.7	fixedbitset	0.5.7	petgraph	0.8.3	normal:all	false		true
fixedbitset	0.5.7	petgraph	0.8.3	zenoh	1.7.2	normal:all	false		true
fixedbitset	0.5.7	sentinel-bio	0.1.0	sentinel-ecs	0.1.0	normal:all	true		true
fixedbitset	0.5.7	sentinel-cluster-control	0.1.0	sentinel-daemon	0.1.0	normal:all	true	A	true
fixedbitset	0.5.7	sentinel-common	0.1.0	sentinel-bio	0.1.0	normal:all	true		true
fixedbitset	0.5.7	sentinel-common	0.1.0	sentinel-cluster-control	0.1.0	normal:all	true		true
fixedbitset	0.5.7	sentinel-common	0.1.0	sentinel-daemon	0.1.0	normal:all	true	A	true
fixedbitset	0.5.7	sentinel-common	0.1.0	sentinel-dashboard-backend	0.1.0	normal:all	true	A	true
fixedbitset	0.5.7	sentinel-common	0.1.0	sentinel-ebpf	0.1.0	normal:all	true		true
fixedbitset	0.5.7	sentinel-common	0.1.0	sentinel-ecs	0.1.0	dev:all;normal:all	true		true
fixedbitset	0.5.7	sentinel-common	0.1.0	sentinel-fs	0.1.0	normal:all	true		true
fixedbitset	0.5.7	sentinel-common	0.1.0	sentinel-gaia	0.1.0	normal:all	true	B	true
fixedbitset	0.5.7	sentinel-common	0.1.0	sentinel-gaia-loop	0.1.0	normal:all	true	A	true
fixedbitset	0.5.7	sentinel-common	0.1.0	sentinel-hippocampus	0.1.0	normal:all	true		true
fixedbitset	0.5.7	sentinel-common	0.1.0	sentinel-limbo	0.1.0	normal:all	true		true
fixedbitset	0.5.7	sentinel-common	0.1.0	sentinel-microvm	0.1.0	dev:all;normal:all	true		true
fixedbitset	0.5.7	sentinel-common	0.1.0	sentinel-nightrun	0.1.0	normal:all	true	C	true
fixedbitset	0.5.7	sentinel-common	0.1.0	sentinel-physics	0.1.0	normal:all	true		true
fixedbitset	0.5.7	sentinel-common	0.1.0	sentinel-projection	0.1.0	normal:all	true		true
fixedbitset	0.5.7	sentinel-common	0.1.0	sentinel-projection-service	0.1.0	normal:all	true	A	true
fixedbitset	0.5.7	sentinel-common	0.1.0	sentinel-redb	0.1.0	normal:all	true		true
fixedbitset	0.5.7	sentinel-common	0.1.0	sentinel-runtime	0.1.0	dev:all;normal:all	true		true
fixedbitset	0.5.7	sentinel-common	0.1.0	sentinel-sandbox	0.1.0	dev:all;normal:all	true		true
fixedbitset	0.5.7	sentinel-common	0.1.0	sentinel-telemetry	0.1.0	normal:all	true		true
fixedbitset	0.5.7	sentinel-common	0.1.0	sentinel-wasm	0.1.0	dev:all;normal:all	true		true
fixedbitset	0.5.7	sentinel-common	0.1.0	sentinel-zenoh	0.1.0	dev:all;normal:all	true		true
fixedbitset	0.5.7	sentinel-console-plane	0.1.0	sentinel-dashboard-backend	0.1.0	normal:all	true	A	true
fixedbitset	0.5.7	sentinel-ebpf	0.1.0	sentinel-daemon	0.1.0	normal:all	true	A	true
fixedbitset	0.5.7	sentinel-ecs	0.1.0	sentinel-daemon	0.1.0	normal:all	true	A	true
fixedbitset	0.5.7	sentinel-ecs	0.1.0	sentinel-runtime	0.1.0	normal:all	true		true
fixedbitset	0.5.7	sentinel-fs	0.1.0	sentinel-console-plane	0.1.0	normal:all	true		true
fixedbitset	0.5.7	sentinel-fs	0.1.0	sentinel-daemon	0.1.0	normal:all	true	A	true
fixedbitset	0.5.7	sentinel-fs	0.1.0	sentinel-microvm	0.1.0	normal:all	true		true
fixedbitset	0.5.7	sentinel-fs	0.1.0	sentinel-sandbox	0.1.0	normal:all	true		true
fixedbitset	0.5.7	sentinel-gaia	0.1.0	sentinel-dashboard-backend	0.1.0	normal:all	true	A	true
fixedbitset	0.5.7	sentinel-gaia-loop	0.1.0	sentinel-dashboard-backend	0.1.0	normal:all	true	A	true
fixedbitset	0.5.7	sentinel-hippocampus	0.1.0	sentinel-daemon	0.1.0	normal:all	true	A	true
fixedbitset	0.5.7	sentinel-hippocampus	0.1.0	sentinel-gaia-memory	0.1.0	normal:all	true		true
fixedbitset	0.5.7	sentinel-hippocampus	0.1.0	sentinel-nightrun	0.1.0	normal:all	true	C	true
fixedbitset	0.5.7	sentinel-limbo	0.1.0	sentinel-daemon	0.1.0	normal:all	true	A	true
fixedbitset	0.5.7	sentinel-limbo	0.1.0	sentinel-dashboard-backend	0.1.0	normal:all	true	A	true
fixedbitset	0.5.7	sentinel-limbo	0.1.0	sentinel-ecs	0.1.0	normal:all	true		true
fixedbitset	0.5.7	sentinel-limbo	0.1.0	sentinel-gaia-loop	0.1.0	normal:all	true	A	true
fixedbitset	0.5.7	sentinel-limbo	0.1.0	sentinel-gaia-memory	0.1.0	dev:all	true		true
fixedbitset	0.5.7	sentinel-limbo	0.1.0	sentinel-nightrun	0.1.0	normal:all	true	C	true
fixedbitset	0.5.7	sentinel-limbo	0.1.0	sentinel-projection	0.1.0	normal:all	true		true
fixedbitset	0.5.7	sentinel-limbo	0.1.0	sentinel-projection-service	0.1.0	normal:all	true	A	true
fixedbitset	0.5.7	sentinel-limbo	0.1.0	sentinel-runtime	0.1.0	dev:all;normal:all	true		true
fixedbitset	0.5.7	sentinel-physics	0.1.0	sentinel-ecs	0.1.0	normal:all	true		true
fixedbitset	0.5.7	sentinel-physics	0.1.0	sentinel-projection	0.1.0	normal:all	true		true
fixedbitset	0.5.7	sentinel-projection	0.1.0	sentinel-daemon	0.1.0	normal:all	true	A	true
fixedbitset	0.5.7	sentinel-projection	0.1.0	sentinel-dashboard-backend	0.1.0	normal:all	true	A	true
fixedbitset	0.5.7	sentinel-projection	0.1.0	sentinel-gaia-memory	0.1.0	dev:all	true		true
fixedbitset	0.5.7	sentinel-projection	0.1.0	sentinel-projection-service	0.1.0	normal:all	true	A	true
fixedbitset	0.5.7	sentinel-redb	0.1.0	sentinel-daemon	0.1.0	normal:all	true	A	true
fixedbitset	0.5.7	sentinel-redb	0.1.0	sentinel-ecs	0.1.0	normal:all	true		true
fixedbitset	0.5.7	sentinel-runtime	0.1.0	sentinel-daemon	0.1.0	normal:all	true	A	true
fixedbitset	0.5.7	sentinel-sandbox	0.1.0	sentinel-daemon	0.1.0	normal:all	true	A	true
fixedbitset	0.5.7	sentinel-telemetry	0.1.0	sentinel-daemon	0.1.0	normal:all	true	A	true
fixedbitset	0.5.7	sentinel-telemetry	0.1.0	sentinel-ecs	0.1.0	dev:all	true		true
fixedbitset	0.5.7	sentinel-telemetry	0.1.0	sentinel-fs	0.1.0	normal:all	true		true
fixedbitset	0.5.7	sentinel-telemetry	0.1.0	sentinel-limbo	0.1.0	normal:all	true		true
fixedbitset	0.5.7	sentinel-telemetry	0.1.0	sentinel-nightrun	0.1.0	normal:all	true	C	true
fixedbitset	0.5.7	sentinel-telemetry	0.1.0	sentinel-projection	0.1.0	normal:all	true		true
fixedbitset	0.5.7	sentinel-telemetry	0.1.0	sentinel-projection-service	0.1.0	normal:all	true	A	true
fixedbitset	0.5.7	sentinel-telemetry	0.1.0	sentinel-redb	0.1.0	normal:all	true		true
fixedbitset	0.5.7	sentinel-telemetry	0.1.0	sentinel-zenoh	0.1.0	normal:all	true		true
fixedbitset	0.5.7	sentinel-wasm	0.1.0	sentinel-daemon	0.1.0	normal:all	true	A	true
fixedbitset	0.5.7	sentinel-wasm	0.1.0	sentinel-ecs	0.1.0	normal:all	true		true
fixedbitset	0.5.7	sentinel-zenoh	0.1.0	sentinel-daemon	0.1.0	normal:all	true	A	true
fixedbitset	0.5.7	sentinel-zenoh	0.1.0	sentinel-sandbox	0.1.0	normal:all	true		true
fixedbitset	0.5.7	zenoh	1.7.2	sentinel-zenoh	0.1.0	normal:all	true		true
foldhash	0.1.5	foldhash	0.1.5	hashbrown	0.15.5	normal:all	false		true
foldhash	0.1.5	hashbrown	0.15.5	petgraph	0.8.3	normal:all	false		true
foldhash	0.1.5	petgraph	0.8.3	zenoh	1.7.2	normal:all	false		true
foldhash	0.1.5	sentinel-sandbox	0.1.0	sentinel-daemon	0.1.0	normal:all	true	A	true
foldhash	0.1.5	sentinel-zenoh	0.1.0	sentinel-daemon	0.1.0	normal:all	true	A	true
foldhash	0.1.5	sentinel-zenoh	0.1.0	sentinel-sandbox	0.1.0	normal:all	true		true
foldhash	0.1.5	zenoh	1.7.2	sentinel-zenoh	0.1.0	normal:all	true		true
foldhash	0.2.0	addr2line	0.26.0	wasmtime	45.0.3	normal:all	false		true
foldhash	0.2.0	axum	0.8.9	sentinel-dashboard-backend	0.1.0	normal:all	true	A	true
foldhash	0.2.0	axum-server	0.7.3	sentinel-dashboard-backend	0.1.0	normal:all	true	A	true
foldhash	0.2.0	aya	0.13.2	aya-log	0.2.2	normal:all	false		true
foldhash	0.2.0	aya	0.13.2	sentinel-ebpf	0.1.0	normal:all	true		true
foldhash	0.2.0	aya-log	0.2.2	sentinel-ebpf	0.1.0	normal:all	true		true
foldhash	0.2.0	aya-log-common	0.1.16	aya-log	0.2.2	normal:all	false		true
foldhash	0.2.0	aya-obj	0.2.2	aya	0.13.2	normal:all	false		true
foldhash	0.2.0	bevy_ecs	0.18.1	sentinel-common	0.1.0	normal:all	true		true
foldhash	0.2.0	bevy_ecs	0.18.1	sentinel-daemon	0.1.0	normal:all	true	A	true
foldhash	0.2.0	bevy_ecs	0.18.1	sentinel-ecs	0.1.0	normal:all	true		true
foldhash	0.2.0	bevy_ecs	0.18.1	sentinel-runtime	0.1.0	normal:all	true		true
foldhash	0.2.0	bevy_ecs_macros	0.18.0	bevy_ecs	0.18.1	normal:all	false		true
foldhash	0.2.0	bevy_macro_utils	0.18.0	bevy_ecs_macros	0.18.0	normal:all	false		true
foldhash	0.2.0	bevy_macro_utils	0.18.0	bevy_reflect_derive	0.18.0	normal:all	false		true
foldhash	0.2.0	bevy_platform	0.18.0	bevy_ecs	0.18.1	normal:all	false		true
foldhash	0.2.0	bevy_platform	0.18.0	bevy_reflect	0.18.0	normal:all	false		true
foldhash	0.2.0	bevy_platform	0.18.0	bevy_tasks	0.18.0	normal:all	false		true
foldhash	0.2.0	bevy_platform	0.18.0	bevy_utils	0.18.0	normal:all	false		true
foldhash	0.2.0	bevy_reflect	0.18.0	bevy_ecs	0.18.1	normal:all	false		true
foldhash	0.2.0	bevy_reflect_derive	0.18.0	bevy_reflect	0.18.0	normal:all	false		true
foldhash	0.2.0	bevy_tasks	0.18.0	bevy_ecs	0.18.1	normal:all	false		true
foldhash	0.2.0	bevy_utils	0.18.0	bevy_ecs	0.18.1	normal:all	false		true
foldhash	0.2.0	bevy_utils	0.18.0	bevy_reflect	0.18.0	normal:all	false		true
foldhash	0.2.0	bolero	0.13.4	sentinel-bio	0.1.0	dev:all	true		true
foldhash	0.2.0	bolero	0.13.4	sentinel-physics	0.1.0	dev:all	true		true
foldhash	0.2.0	bolero-afl	0.13.0	bolero	0.13.4	normal:cfg(fuzzing_afl)	false		true
foldhash	0.2.0	bolero-engine	0.13.4	bolero	0.13.4	normal:all;normal:cfg(fuzzing_random);normal:cfg(not(any(fuzzing, kani)))	false		true
foldhash	0.2.0	bolero-engine	0.13.4	bolero-afl	0.13.0	normal:all	false		true
foldhash	0.2.0	bolero-engine	0.13.4	bolero-honggfuzz	0.13.0	normal:all	false		true
foldhash	0.2.0	bolero-engine	0.13.4	bolero-kani	0.13.0	normal:all	false		true
foldhash	0.2.0	bolero-engine	0.13.4	bolero-libfuzzer	0.13.0	normal:all	false		true
foldhash	0.2.0	bolero-generator	0.13.5	bolero	0.13.4	normal:all	false		true
foldhash	0.2.0	bolero-generator	0.13.5	bolero-engine	0.13.4	normal:all	false		true
foldhash	0.2.0	bolero-generator-derive	0.13.4	bolero-generator	0.13.5	normal:all	false		true
foldhash	0.2.0	bolero-honggfuzz	0.13.0	bolero	0.13.4	normal:cfg(fuzzing_honggfuzz)	false		true
foldhash	0.2.0	bolero-kani	0.13.0	bolero	0.13.4	normal:cfg(kani)	false		true
foldhash	0.2.0	bolero-libfuzzer	0.13.0	bolero	0.13.4	normal:cfg(fuzzing_libfuzzer)	false		true
foldhash	0.2.0	cranelift-bforest	0.132.3	cranelift-codegen	0.132.3	normal:all	false		true
foldhash	0.2.0	cranelift-bforest	0.132.3	wasmtime-environ	45.0.3	normal:all	false		true
foldhash	0.2.0	cranelift-bitset	0.132.3	cranelift-codegen	0.132.3	normal:all	false		true
foldhash	0.2.0	cranelift-bitset	0.132.3	cranelift-entity	0.132.3	normal:all	false		true
foldhash	0.2.0	cranelift-bitset	0.132.3	pulley-interpreter	45.0.3	normal:all	false		true
foldhash	0.2.0	cranelift-bitset	0.132.3	wasmtime-environ	45.0.3	normal:all	false		true
foldhash	0.2.0	cranelift-codegen	0.132.3	cranelift-frontend	0.132.3	normal:all	false		true
foldhash	0.2.0	cranelift-codegen	0.132.3	cranelift-native	0.132.3	normal:all	false		true
foldhash	0.2.0	cranelift-codegen	0.132.3	wasmtime-internal-cranelift	45.0.3	normal:all	false		true
foldhash	0.2.0	cranelift-codegen	0.132.3	wasmtime-internal-unwinder	45.0.3	normal:all	false		true
foldhash	0.2.0	cranelift-codegen-meta	0.132.3	cranelift-codegen	0.132.3	build:all	false		true
foldhash	0.2.0	cranelift-entity	0.132.3	cranelift-bforest	0.132.3	normal:all	false		true
foldhash	0.2.0	cranelift-entity	0.132.3	cranelift-codegen	0.132.3	normal:all	false		true
foldhash	0.2.0	cranelift-entity	0.132.3	wasmtime-environ	45.0.3	normal:all	false		true
foldhash	0.2.0	cranelift-entity	0.132.3	wasmtime-internal-cranelift	45.0.3	normal:all	false		true
foldhash	0.2.0	cranelift-frontend	0.132.3	wasmtime-internal-cranelift	45.0.3	normal:all	false		true
foldhash	0.2.0	cranelift-native	0.132.3	wasmtime-internal-cranelift	45.0.3	normal:all	false		true
foldhash	0.2.0	foldhash	0.2.0	bevy_platform	0.18.0	normal:all	false		true
foldhash	0.2.0	foldhash	0.2.0	bevy_reflect	0.18.0	normal:all	false		true
foldhash	0.2.0	foldhash	0.2.0	hashbrown	0.16.1	normal:all	false		true
foldhash	0.2.0	foldhash	0.2.0	hashbrown	0.17.1	normal:all	false		true
foldhash	0.2.0	fuser	0.17.0	sentinel-fs	0.1.0	normal:all	true		true
foldhash	0.2.0	gimli	0.33.0	addr2line	0.26.0	normal:all	false		true
foldhash	0.2.0	gimli	0.33.0	cranelift-codegen	0.132.3	normal:all	false		true
foldhash	0.2.0	gimli	0.33.0	wasmtime	45.0.3	normal:all	false		true
foldhash	0.2.0	gimli	0.33.0	wasmtime-environ	45.0.3	normal:all	false		true
foldhash	0.2.0	gimli	0.33.0	wasmtime-internal-cranelift	45.0.3	normal:all	false		true
foldhash	0.2.0	h2	0.4.14	hyper	1.8.1	normal:all	false		true
foldhash	0.2.0	hashbrown	0.16.1	aya	0.13.2	normal:all	false		true
foldhash	0.2.0	hashbrown	0.16.1	aya-obj	0.2.2	normal:all	false		true
foldhash	0.2.0	hashbrown	0.16.1	bevy_platform	0.18.0	normal:all	false		true
foldhash	0.2.0	hashbrown	0.16.1	gimli	0.33.0	normal:all	false		true
foldhash	0.2.0	hashbrown	0.16.1	hashlink	0.11.0	normal:all	false		true
foldhash	0.2.0	hashbrown	0.16.1	object	0.38.1	normal:all	false		true
foldhash	0.2.0	hashbrown	0.16.1	rsqlite-vfs	0.1.0	normal:all	false		true
foldhash	0.2.0	hashbrown	0.16.1	zenoh-keyexpr	1.7.2	"normal:cfg(not(features = ""std""))"	false		true
foldhash	0.2.0	hashbrown	0.17.1	cranelift-codegen	0.132.3	normal:all	false		true
foldhash	0.2.0	hashbrown	0.17.1	indexmap	2.14.0	normal:all	false		true
foldhash	0.2.0	hashbrown	0.17.1	object	0.39.1	normal:all	false		true
foldhash	0.2.0	hashbrown	0.17.1	regalloc2	0.15.1	normal:all	false		true
foldhash	0.2.0	hashbrown	0.17.1	wasmtime-environ	45.0.3	normal:all	false		true
foldhash	0.2.0	hashbrown	0.17.1	wasmtime-internal-core	45.0.3	normal:all	false		true
foldhash	0.2.0	hashbrown	0.17.1	wit-parser	0.248.0	normal:all	false		true
foldhash	0.2.0	hashlink	0.11.0	rusqlite	0.38.0	normal:all	false		true
foldhash	0.2.0	hyper	1.8.1	axum	0.8.9	normal:all	false		true
foldhash	0.2.0	hyper	1.8.1	axum-server	0.7.3	normal:all	false		true
foldhash	0.2.0	hyper	1.8.1	hyper-rustls	0.27.7	normal:all	false		true
foldhash	0.2.0	hyper	1.8.1	hyper-util	0.1.20	normal:all	false		true
foldhash	0.2.0	hyper	1.8.1	reqwest	0.12.28	"normal:cfg(not(target_arch = ""wasm32""))"	false		true
foldhash	0.2.0	hyper-rustls	0.27.7	reqwest	0.12.28	"normal:cfg(not(target_arch = ""wasm32""))"	false		true
foldhash	0.2.0	hyper-util	0.1.20	axum	0.8.9	normal:all	false		true
foldhash	0.2.0	hyper-util	0.1.20	axum-server	0.7.3	normal:all	false		true
foldhash	0.2.0	hyper-util	0.1.20	hyper-rustls	0.27.7	normal:all	false		true
foldhash	0.2.0	hyper-util	0.1.20	reqwest	0.12.28	"normal:cfg(not(target_arch = ""wasm32""))"	false		true
foldhash	0.2.0	indexmap	2.14.0	bevy_ecs	0.18.1	normal:all	false		true
foldhash	0.2.0	indexmap	2.14.0	bevy_reflect	0.18.0	normal:all	false		true
foldhash	0.2.0	indexmap	2.14.0	bevy_reflect_derive	0.18.0	normal:all	false		true
foldhash	0.2.0	indexmap	2.14.0	gimli	0.33.0	normal:all	false		true
foldhash	0.2.0	indexmap	2.14.0	h2	0.4.14	normal:all	false		true
foldhash	0.2.0	indexmap	2.14.0	object	0.38.1	normal:all	false		true
foldhash	0.2.0	indexmap	2.14.0	object	0.39.1	normal:all	false		true
foldhash	0.2.0	indexmap	2.14.0	petgraph	0.6.5	normal:all	false		true
foldhash	0.2.0	indexmap	2.14.0	petgraph	0.8.3	normal:all	false		true
foldhash	0.2.0	indexmap	2.14.0	serde_yaml	0.9.34+deprecated	normal:all	false		true
foldhash	0.2.0	indexmap	2.14.0	toml_edit	0.20.2	normal:all	false		true
foldhash	0.2.0	indexmap	2.14.0	toml_edit	0.23.10+spec-1.0.0	normal:all	false		true
foldhash	0.2.0	indexmap	2.14.0	wasm-compose	0.248.0	normal:all	false		true
foldhash	0.2.0	indexmap	2.14.0	wasmtime-environ	45.0.3	normal:all	false		true
foldhash	0.2.0	indexmap	2.14.0	wasmtime-internal-wit-bindgen	45.0.3	normal:all	false		true
foldhash	0.2.0	indexmap	2.14.0	wit-parser	0.248.0	normal:all	false		true
foldhash	0.2.0	num_enum	0.7.5	aya-log-common	0.1.16	normal:all	false		true
foldhash	0.2.0	num_enum	0.7.5	fuser	0.17.0	normal:all	false		true
foldhash	0.2.0	num_enum_derive	0.7.5	num_enum	0.7.5	normal:all	false		true
foldhash	0.2.0	object	0.38.1	aya	0.13.2	normal:all	false		true
foldhash	0.2.0	object	0.38.1	aya-obj	0.2.2	normal:all	false		true
foldhash	0.2.0	object	0.38.1	sentinel-ebpf	0.1.0	normal:all	true		true
foldhash	0.2.0	object	0.39.1	wasmtime	45.0.3	normal:all	false		true
foldhash	0.2.0	object	0.39.1	wasmtime-environ	45.0.3	normal:all	false		true
foldhash	0.2.0	object	0.39.1	wasmtime-internal-cranelift	45.0.3	normal:all	false		true
foldhash	0.2.0	object	0.39.1	wasmtime-internal-jit-debug	45.0.3	normal:all	false		true
foldhash	0.2.0	object	0.39.1	wasmtime-internal-unwinder	45.0.3	normal:all	false		true
foldhash	0.2.0	petgraph	0.6.5	wasm-compose	0.248.0	normal:all	false		true
foldhash	0.2.0	petgraph	0.8.3	zenoh	1.7.2	normal:all	false		true
foldhash	0.2.0	proc-macro-crate	2.0.2	bolero-generator-derive	0.13.4	normal:all	false		true
foldhash	0.2.0	proc-macro-crate	2.0.2	num_enum_derive	0.7.5	normal:all	false		true
foldhash	0.2.0	proc-macro-crate	2.0.2	stabby-macros	72.1.4	normal:all	false		true
foldhash	0.2.0	pulley-interpreter	45.0.3	cranelift-codegen	0.132.3	normal:all	false		true
foldhash	0.2.0	pulley-interpreter	45.0.3	cranelift-codegen-meta	0.132.3	normal:all	false		true
foldhash	0.2.0	pulley-interpreter	45.0.3	wasmtime	45.0.3	normal:all	false		true
foldhash	0.2.0	pulley-interpreter	45.0.3	wasmtime-internal-cranelift	45.0.3	normal:all	false		true
foldhash	0.2.0	regalloc2	0.15.1	cranelift-codegen	0.132.3	normal:all	false		true
foldhash	0.2.0	reqwest	0.12.28	sentinel-ctl	0.1.0	normal:all	true	B	true
foldhash	0.2.0	reqwest	0.12.28	sentinel-daemon	0.1.0	normal:all	true	A	true
foldhash	0.2.0	reqwest	0.12.28	sentinel-dashboard-backend	0.1.0	normal:all	true	A	true
foldhash	0.2.0	rsqlite-vfs	0.1.0	sqlite-wasm-rs	0.5.2	normal:all	false		true
foldhash	0.2.0	rusqlite	0.38.0	sentinel-dashboard-backend	0.1.0	normal:all	true	A	true
foldhash	0.2.0	rusqlite	0.38.0	sentinel-gaia-memory	0.1.0	normal:all	true		true
foldhash	0.2.0	rusqlite	0.38.0	sentinel-limbo	0.1.0	dev:all;normal:all	true		true
foldhash	0.2.0	rusqlite	0.38.0	sentinel-nightrun	0.1.0	normal:all	true	C	true
foldhash	0.2.0	rusqlite	0.38.0	sentinel-projection	0.1.0	normal:all	true		true
foldhash	0.2.0	sentinel-bio	0.1.0	sentinel-ecs	0.1.0	normal:all	true		true
foldhash	0.2.0	sentinel-cluster-control	0.1.0	sentinel-daemon	0.1.0	normal:all	true	A	true
foldhash	0.2.0	sentinel-common	0.1.0	sentinel-bio	0.1.0	normal:all	true		true
foldhash	0.2.0	sentinel-common	0.1.0	sentinel-cluster-control	0.1.0	normal:all	true		true
foldhash	0.2.0	sentinel-common	0.1.0	sentinel-daemon	0.1.0	normal:all	true	A	true
foldhash	0.2.0	sentinel-common	0.1.0	sentinel-dashboard-backend	0.1.0	normal:all	true	A	true
foldhash	0.2.0	sentinel-common	0.1.0	sentinel-ebpf	0.1.0	normal:all	true		true
foldhash	0.2.0	sentinel-common	0.1.0	sentinel-ecs	0.1.0	dev:all;normal:all	true		true
foldhash	0.2.0	sentinel-common	0.1.0	sentinel-fs	0.1.0	normal:all	true		true
foldhash	0.2.0	sentinel-common	0.1.0	sentinel-gaia	0.1.0	normal:all	true	B	true
foldhash	0.2.0	sentinel-common	0.1.0	sentinel-gaia-loop	0.1.0	normal:all	true	A	true
foldhash	0.2.0	sentinel-common	0.1.0	sentinel-hippocampus	0.1.0	normal:all	true		true
foldhash	0.2.0	sentinel-common	0.1.0	sentinel-limbo	0.1.0	normal:all	true		true
foldhash	0.2.0	sentinel-common	0.1.0	sentinel-microvm	0.1.0	dev:all;normal:all	true		true
foldhash	0.2.0	sentinel-common	0.1.0	sentinel-nightrun	0.1.0	normal:all	true	C	true
foldhash	0.2.0	sentinel-common	0.1.0	sentinel-physics	0.1.0	normal:all	true		true
foldhash	0.2.0	sentinel-common	0.1.0	sentinel-projection	0.1.0	normal:all	true		true
foldhash	0.2.0	sentinel-common	0.1.0	sentinel-projection-service	0.1.0	normal:all	true	A	true
foldhash	0.2.0	sentinel-common	0.1.0	sentinel-redb	0.1.0	normal:all	true		true
foldhash	0.2.0	sentinel-common	0.1.0	sentinel-runtime	0.1.0	dev:all;normal:all	true		true
foldhash	0.2.0	sentinel-common	0.1.0	sentinel-sandbox	0.1.0	dev:all;normal:all	true		true
foldhash	0.2.0	sentinel-common	0.1.0	sentinel-telemetry	0.1.0	normal:all	true		true
foldhash	0.2.0	sentinel-common	0.1.0	sentinel-wasm	0.1.0	dev:all;normal:all	true		true
foldhash	0.2.0	sentinel-common	0.1.0	sentinel-zenoh	0.1.0	dev:all;normal:all	true		true
foldhash	0.2.0	sentinel-console-plane	0.1.0	sentinel-dashboard-backend	0.1.0	normal:all	true	A	true
foldhash	0.2.0	sentinel-ebpf	0.1.0	sentinel-daemon	0.1.0	normal:all	true	A	true
foldhash	0.2.0	sentinel-ecs	0.1.0	sentinel-daemon	0.1.0	normal:all	true	A	true
foldhash	0.2.0	sentinel-ecs	0.1.0	sentinel-runtime	0.1.0	normal:all	true		true
foldhash	0.2.0	sentinel-fs	0.1.0	sentinel-console-plane	0.1.0	normal:all	true		true
foldhash	0.2.0	sentinel-fs	0.1.0	sentinel-daemon	0.1.0	normal:all	true	A	true
foldhash	0.2.0	sentinel-fs	0.1.0	sentinel-microvm	0.1.0	normal:all	true		true
foldhash	0.2.0	sentinel-fs	0.1.0	sentinel-sandbox	0.1.0	normal:all	true		true
foldhash	0.2.0	sentinel-gaia	0.1.0	sentinel-dashboard-backend	0.1.0	normal:all	true	A	true
foldhash	0.2.0	sentinel-gaia-loop	0.1.0	sentinel-dashboard-backend	0.1.0	normal:all	true	A	true
foldhash	0.2.0	sentinel-hippocampus	0.1.0	sentinel-daemon	0.1.0	normal:all	true	A	true
foldhash	0.2.0	sentinel-hippocampus	0.1.0	sentinel-gaia-memory	0.1.0	normal:all	true		true
foldhash	0.2.0	sentinel-hippocampus	0.1.0	sentinel-nightrun	0.1.0	normal:all	true	C	true
foldhash	0.2.0	sentinel-limbo	0.1.0	sentinel-daemon	0.1.0	normal:all	true	A	true
foldhash	0.2.0	sentinel-limbo	0.1.0	sentinel-dashboard-backend	0.1.0	normal:all	true	A	true
foldhash	0.2.0	sentinel-limbo	0.1.0	sentinel-ecs	0.1.0	normal:all	true		true
foldhash	0.2.0	sentinel-limbo	0.1.0	sentinel-gaia-loop	0.1.0	normal:all	true	A	true
foldhash	0.2.0	sentinel-limbo	0.1.0	sentinel-gaia-memory	0.1.0	dev:all	true		true
foldhash	0.2.0	sentinel-limbo	0.1.0	sentinel-nightrun	0.1.0	normal:all	true	C	true
foldhash	0.2.0	sentinel-limbo	0.1.0	sentinel-projection	0.1.0	normal:all	true		true
foldhash	0.2.0	sentinel-limbo	0.1.0	sentinel-projection-service	0.1.0	normal:all	true	A	true
foldhash	0.2.0	sentinel-limbo	0.1.0	sentinel-runtime	0.1.0	dev:all;normal:all	true		true
foldhash	0.2.0	sentinel-physics	0.1.0	sentinel-ecs	0.1.0	normal:all	true		true
foldhash	0.2.0	sentinel-physics	0.1.0	sentinel-projection	0.1.0	normal:all	true		true
foldhash	0.2.0	sentinel-projection	0.1.0	sentinel-daemon	0.1.0	normal:all	true	A	true
foldhash	0.2.0	sentinel-projection	0.1.0	sentinel-dashboard-backend	0.1.0	normal:all	true	A	true
foldhash	0.2.0	sentinel-projection	0.1.0	sentinel-gaia-memory	0.1.0	dev:all	true		true
foldhash	0.2.0	sentinel-projection	0.1.0	sentinel-projection-service	0.1.0	normal:all	true	A	true
foldhash	0.2.0	sentinel-redb	0.1.0	sentinel-daemon	0.1.0	normal:all	true	A	true
foldhash	0.2.0	sentinel-redb	0.1.0	sentinel-ecs	0.1.0	normal:all	true		true
foldhash	0.2.0	sentinel-runtime	0.1.0	sentinel-daemon	0.1.0	normal:all	true	A	true
foldhash	0.2.0	sentinel-sandbox	0.1.0	sentinel-daemon	0.1.0	normal:all	true	A	true
foldhash	0.2.0	sentinel-telemetry	0.1.0	sentinel-daemon	0.1.0	normal:all	true	A	true
foldhash	0.2.0	sentinel-telemetry	0.1.0	sentinel-ecs	0.1.0	dev:all	true		true
foldhash	0.2.0	sentinel-telemetry	0.1.0	sentinel-fs	0.1.0	normal:all	true		true
foldhash	0.2.0	sentinel-telemetry	0.1.0	sentinel-limbo	0.1.0	normal:all	true		true
foldhash	0.2.0	sentinel-telemetry	0.1.0	sentinel-nightrun	0.1.0	normal:all	true	C	true
foldhash	0.2.0	sentinel-telemetry	0.1.0	sentinel-projection	0.1.0	normal:all	true		true
foldhash	0.2.0	sentinel-telemetry	0.1.0	sentinel-projection-service	0.1.0	normal:all	true	A	true
foldhash	0.2.0	sentinel-telemetry	0.1.0	sentinel-redb	0.1.0	normal:all	true		true
foldhash	0.2.0	sentinel-telemetry	0.1.0	sentinel-zenoh	0.1.0	normal:all	true		true
foldhash	0.2.0	sentinel-wasm	0.1.0	sentinel-daemon	0.1.0	normal:all	true	A	true
foldhash	0.2.0	sentinel-wasm	0.1.0	sentinel-ecs	0.1.0	normal:all	true		true
foldhash	0.2.0	sentinel-zenoh	0.1.0	sentinel-daemon	0.1.0	normal:all	true	A	true
foldhash	0.2.0	sentinel-zenoh	0.1.0	sentinel-sandbox	0.1.0	normal:all	true		true
foldhash	0.2.0	serde_yaml	0.9.34+deprecated	zenoh-config	1.7.2	normal:all	false		true
foldhash	0.2.0	sqlite-wasm-rs	0.5.2	rusqlite	0.38.0	"normal:cfg(all(target_family = ""wasm"", target_os = ""unknown""))"	false		true
foldhash	0.2.0	stabby	72.1.4	zenoh-plugin-trait	1.7.2	normal:all	false		true
foldhash	0.2.0	stabby-abi	72.1.4	stabby	72.1.4	normal:all	false		true
foldhash	0.2.0	stabby-macros	72.1.4	stabby-abi	72.1.4	normal:all	false		true
foldhash	0.2.0	toml_edit	0.20.2	proc-macro-crate	2.0.2	normal:all	false		true
foldhash	0.2.0	toml_edit	0.23.10+spec-1.0.0	bevy_macro_utils	0.18.0	normal:all	false		true
foldhash	0.2.0	wasm-compose	0.248.0	wasmtime	45.0.3	normal:all	false		true
foldhash	0.2.0	wasmtime	45.0.3	sentinel-wasm	0.1.0	normal:all	true		true
foldhash	0.2.0	wasmtime	45.0.3	wasmtime-wasi	45.0.3	normal:all	false		true
foldhash	0.2.0	wasmtime	45.0.3	wasmtime-wasi-io	45.0.3	normal:all	false		true
foldhash	0.2.0	wasmtime	45.0.3	wiggle	45.0.3	normal:all	false		true
foldhash	0.2.0	wasmtime-environ	45.0.3	wasmtime	45.0.3	normal:all	false		true
foldhash	0.2.0	wasmtime-environ	45.0.3	wasmtime-internal-cache	45.0.3	normal:all	false		true
foldhash	0.2.0	wasmtime-environ	45.0.3	wasmtime-internal-cranelift	45.0.3	normal:all	false		true
foldhash	0.2.0	wasmtime-environ	45.0.3	wasmtime-internal-fiber	45.0.3	normal:all	false		true
foldhash	0.2.0	wasmtime-environ	45.0.3	wasmtime-internal-unwinder	45.0.3	normal:all	false		true
foldhash	0.2.0	wasmtime-environ	45.0.3	wiggle	45.0.3	normal:all	false		true
foldhash	0.2.0	wasmtime-environ	45.0.3	wiggle-generate	45.0.3	normal:all	false		true
foldhash	0.2.0	wasmtime-internal-cache	45.0.3	wasmtime	45.0.3	normal:all	false		true
foldhash	0.2.0	wasmtime-internal-component-macro	45.0.3	wasmtime	45.0.3	normal:all	false		true
foldhash	0.2.0	wasmtime-internal-core	45.0.3	cranelift-bforest	0.132.3	normal:all	false		true
foldhash	0.2.0	wasmtime-internal-core	45.0.3	cranelift-bitset	0.132.3	normal:all	false		true
foldhash	0.2.0	wasmtime-internal-core	45.0.3	cranelift-codegen	0.132.3	normal:all	false		true
foldhash	0.2.0	wasmtime-internal-core	45.0.3	cranelift-entity	0.132.3	normal:all	false		true
foldhash	0.2.0	wasmtime-internal-core	45.0.3	pulley-interpreter	45.0.3	normal:all	false		true
foldhash	0.2.0	wasmtime-internal-core	45.0.3	wasmtime	45.0.3	normal:all	false		true
foldhash	0.2.0	wasmtime-internal-core	45.0.3	wasmtime-environ	45.0.3	normal:all	false		true
foldhash	0.2.0	wasmtime-internal-core	45.0.3	wasmtime-internal-cranelift	45.0.3	normal:all	false		true
foldhash	0.2.0	wasmtime-internal-core	45.0.3	wasmtime-internal-jit-icache-coherence	45.0.3	normal:all	false		true
foldhash	0.2.0	wasmtime-internal-cranelift	45.0.3	wasmtime	45.0.3	normal:all	false		true
foldhash	0.2.0	wasmtime-internal-fiber	45.0.3	wasmtime	45.0.3	normal:all	false		true
foldhash	0.2.0	wasmtime-internal-jit-debug	45.0.3	wasmtime	45.0.3	normal:all	false		true
foldhash	0.2.0	wasmtime-internal-jit-icache-coherence	45.0.3	wasmtime	45.0.3	normal:all	false		true
foldhash	0.2.0	wasmtime-internal-unwinder	45.0.3	wasmtime	45.0.3	normal:all	false		true
foldhash	0.2.0	wasmtime-internal-unwinder	45.0.3	wasmtime-internal-cranelift	45.0.3	normal:all	false		true
foldhash	0.2.0	wasmtime-internal-wit-bindgen	45.0.3	wasmtime-internal-component-macro	45.0.3	normal:all	false		true
foldhash	0.2.0	wasmtime-wasi	45.0.3	sentinel-wasm	0.1.0	normal:all	true		true
foldhash	0.2.0	wasmtime-wasi-io	45.0.3	wasmtime-wasi	45.0.3	normal:all	false		true
foldhash	0.2.0	wiggle	45.0.3	wasmtime-wasi	45.0.3	normal:all	false		true
foldhash	0.2.0	wiggle-generate	45.0.3	wiggle-macro	45.0.3	normal:all	false		true
foldhash	0.2.0	wiggle-macro	45.0.3	wiggle	45.0.3	normal:all	false		true
foldhash	0.2.0	wit-parser	0.248.0	wasmtime-internal-component-macro	45.0.3	normal:all	false		true
foldhash	0.2.0	wit-parser	0.248.0	wasmtime-internal-wit-bindgen	45.0.3	normal:all	false		true
foldhash	0.2.0	zenoh	1.7.2	sentinel-zenoh	0.1.0	normal:all	true		true
foldhash	0.2.0	zenoh-codec	1.7.2	zenoh	1.7.2	normal:all	false		true
foldhash	0.2.0	zenoh-codec	1.7.2	zenoh-link-commons	1.7.2	normal:all	false		true
foldhash	0.2.0	zenoh-codec	1.7.2	zenoh-transport	1.7.2	normal:all	false		true
foldhash	0.2.0	zenoh-config	1.7.2	zenoh	1.7.2	normal:all	false		true
foldhash	0.2.0	zenoh-config	1.7.2	zenoh-link	1.7.2	normal:all	false		true
foldhash	0.2.0	zenoh-config	1.7.2	zenoh-link-commons	1.7.2	normal:all	false		true
foldhash	0.2.0	zenoh-config	1.7.2	zenoh-link-quic	1.7.2	normal:all	false		true
foldhash	0.2.0	zenoh-config	1.7.2	zenoh-link-tcp	1.7.2	normal:all	false		true
foldhash	0.2.0	zenoh-config	1.7.2	zenoh-link-tls	1.7.2	normal:all	false		true
foldhash	0.2.0	zenoh-config	1.7.2	zenoh-plugin-trait	1.7.2	normal:all	false		true
foldhash	0.2.0	zenoh-config	1.7.2	zenoh-transport	1.7.2	normal:all	false		true
foldhash	0.2.0	zenoh-core	1.7.2	zenoh	1.7.2	normal:all	false		true
foldhash	0.2.0	zenoh-core	1.7.2	zenoh-config	1.7.2	normal:all	false		true
foldhash	0.2.0	zenoh-core	1.7.2	zenoh-link-commons	1.7.2	normal:all	false		true
foldhash	0.2.0	zenoh-core	1.7.2	zenoh-link-quic	1.7.2	normal:all	false		true
foldhash	0.2.0	zenoh-core	1.7.2	zenoh-link-quic_datagram	1.7.2	normal:all	false		true
foldhash	0.2.0	zenoh-core	1.7.2	zenoh-link-tcp	1.7.2	normal:all	false		true
foldhash	0.2.0	zenoh-core	1.7.2	zenoh-link-tls	1.7.2	normal:all	false		true
foldhash	0.2.0	zenoh-core	1.7.2	zenoh-link-udp	1.7.2	normal:all	false		true
foldhash	0.2.0	zenoh-core	1.7.2	zenoh-link-unixsock_stream	1.7.2	normal:all	false		true
foldhash	0.2.0	zenoh-core	1.7.2	zenoh-link-ws	1.7.2	normal:all	false		true
foldhash	0.2.0	zenoh-core	1.7.2	zenoh-sync	1.7.2	normal:all	false		true
foldhash	0.2.0	zenoh-core	1.7.2	zenoh-task	1.7.2	normal:all	false		true
foldhash	0.2.0	zenoh-core	1.7.2	zenoh-transport	1.7.2	normal:all	false		true
foldhash	0.2.0	zenoh-core	1.7.2	zenoh-util	1.7.2	normal:all	false		true
foldhash	0.2.0	zenoh-keyexpr	1.7.2	zenoh	1.7.2	normal:all	false		true
foldhash	0.2.0	zenoh-keyexpr	1.7.2	zenoh-config	1.7.2	normal:all	false		true
foldhash	0.2.0	zenoh-keyexpr	1.7.2	zenoh-macros	1.7.2	normal:all	false		true
foldhash	0.2.0	zenoh-keyexpr	1.7.2	zenoh-plugin-trait	1.7.2	normal:all	false		true
foldhash	0.2.0	zenoh-keyexpr	1.7.2	zenoh-protocol	1.7.2	normal:all	false		true
foldhash	0.2.0	zenoh-link	1.7.2	zenoh	1.7.2	normal:all	false		true
foldhash	0.2.0	zenoh-link	1.7.2	zenoh-transport	1.7.2	normal:all	false		true
foldhash	0.2.0	zenoh-link-commons	1.7.2	zenoh	1.7.2	normal:all	false		true
foldhash	0.2.0	zenoh-link-commons	1.7.2	zenoh-link	1.7.2	normal:all	false		true
foldhash	0.2.0	zenoh-link-commons	1.7.2	zenoh-link-quic	1.7.2	normal:all	false		true
foldhash	0.2.0	zenoh-link-commons	1.7.2	zenoh-link-quic_datagram	1.7.2	normal:all	false		true
foldhash	0.2.0	zenoh-link-commons	1.7.2	zenoh-link-tcp	1.7.2	normal:all	false		true
foldhash	0.2.0	zenoh-link-commons	1.7.2	zenoh-link-tls	1.7.2	normal:all	false		true
foldhash	0.2.0	zenoh-link-commons	1.7.2	zenoh-link-udp	1.7.2	normal:all	false		true
foldhash	0.2.0	zenoh-link-commons	1.7.2	zenoh-link-unixsock_stream	1.7.2	normal:all	false		true
foldhash	0.2.0	zenoh-link-commons	1.7.2	zenoh-link-ws	1.7.2	normal:all	false		true
foldhash	0.2.0	zenoh-link-commons	1.7.2	zenoh-transport	1.7.2	normal:all	false		true
foldhash	0.2.0	zenoh-link-quic	1.7.2	zenoh-link	1.7.2	normal:all	false		true
foldhash	0.2.0	zenoh-link-quic_datagram	1.7.2	zenoh-link	1.7.2	normal:all	false		true
foldhash	0.2.0	zenoh-link-tcp	1.7.2	zenoh-link	1.7.2	normal:all	false		true
foldhash	0.2.0	zenoh-link-tls	1.7.2	zenoh-link	1.7.2	normal:all	false		true
foldhash	0.2.0	zenoh-link-udp	1.7.2	zenoh-link	1.7.2	normal:all	false		true
foldhash	0.2.0	zenoh-link-unixsock_stream	1.7.2	zenoh-link	1.7.2	normal:all	false		true
foldhash	0.2.0	zenoh-link-ws	1.7.2	zenoh-link	1.7.2	normal:all	false		true
foldhash	0.2.0	zenoh-macros	1.7.2	zenoh	1.7.2	normal:all	false		true
foldhash	0.2.0	zenoh-macros	1.7.2	zenoh-config	1.7.2	normal:all	false		true
foldhash	0.2.0	zenoh-macros	1.7.2	zenoh-plugin-trait	1.7.2	normal:all	false		true
foldhash	0.2.0	zenoh-macros	1.7.2	zenoh-runtime	1.7.2	normal:all	false		true
foldhash	0.2.0	zenoh-plugin-trait	1.7.2	zenoh	1.7.2	normal:all	false		true
foldhash	0.2.0	zenoh-protocol	1.7.2	zenoh	1.7.2	normal:all	false		true
foldhash	0.2.0	zenoh-protocol	1.7.2	zenoh-codec	1.7.2	normal:all	false		true
foldhash	0.2.0	zenoh-protocol	1.7.2	zenoh-config	1.7.2	normal:all	false		true
foldhash	0.2.0	zenoh-protocol	1.7.2	zenoh-link	1.7.2	normal:all	false		true
foldhash	0.2.0	zenoh-protocol	1.7.2	zenoh-link-commons	1.7.2	normal:all	false		true
foldhash	0.2.0	zenoh-protocol	1.7.2	zenoh-link-quic	1.7.2	normal:all	false		true
foldhash	0.2.0	zenoh-protocol	1.7.2	zenoh-link-quic_datagram	1.7.2	normal:all	false		true
foldhash	0.2.0	zenoh-protocol	1.7.2	zenoh-link-tcp	1.7.2	normal:all	false		true
foldhash	0.2.0	zenoh-protocol	1.7.2	zenoh-link-tls	1.7.2	normal:all	false		true
foldhash	0.2.0	zenoh-protocol	1.7.2	zenoh-link-udp	1.7.2	normal:all	false		true
foldhash	0.2.0	zenoh-protocol	1.7.2	zenoh-link-unixsock_stream	1.7.2	normal:all	false		true
foldhash	0.2.0	zenoh-protocol	1.7.2	zenoh-link-ws	1.7.2	normal:all	false		true
foldhash	0.2.0	zenoh-protocol	1.7.2	zenoh-transport	1.7.2	normal:all	false		true
foldhash	0.2.0	zenoh-runtime	1.7.2	zenoh	1.7.2	normal:all	false		true
foldhash	0.2.0	zenoh-runtime	1.7.2	zenoh-core	1.7.2	normal:all	false		true
foldhash	0.2.0	zenoh-runtime	1.7.2	zenoh-link-commons	1.7.2	normal:all	false		true
foldhash	0.2.0	zenoh-runtime	1.7.2	zenoh-link-tls	1.7.2	normal:all	false		true
foldhash	0.2.0	zenoh-runtime	1.7.2	zenoh-link-unixsock_stream	1.7.2	normal:all	false		true
foldhash	0.2.0	zenoh-runtime	1.7.2	zenoh-link-ws	1.7.2	normal:all	false		true
foldhash	0.2.0	zenoh-runtime	1.7.2	zenoh-task	1.7.2	normal:all	false		true
foldhash	0.2.0	zenoh-runtime	1.7.2	zenoh-transport	1.7.2	normal:all	false		true
foldhash	0.2.0	zenoh-sync	1.7.2	zenoh	1.7.2	normal:all	false		true
foldhash	0.2.0	zenoh-sync	1.7.2	zenoh-link-udp	1.7.2	normal:all	false		true
foldhash	0.2.0	zenoh-sync	1.7.2	zenoh-transport	1.7.2	normal:all	false		true
foldhash	0.2.0	zenoh-task	1.7.2	zenoh	1.7.2	normal:all	false		true
foldhash	0.2.0	zenoh-task	1.7.2	zenoh-transport	1.7.2	normal:all	false		true
foldhash	0.2.0	zenoh-transport	1.7.2	zenoh	1.7.2	normal:all	false		true
foldhash	0.2.0	zenoh-util	1.7.2	zenoh	1.7.2	normal:all	false		true
foldhash	0.2.0	zenoh-util	1.7.2	zenoh-config	1.7.2	normal:all	false		true
foldhash	0.2.0	zenoh-util	1.7.2	zenoh-link-commons	1.7.2	normal:all	false		true
foldhash	0.2.0	zenoh-util	1.7.2	zenoh-link-quic	1.7.2	normal:all	false		true
foldhash	0.2.0	zenoh-util	1.7.2	zenoh-link-quic_datagram	1.7.2	normal:all	false		true
foldhash	0.2.0	zenoh-util	1.7.2	zenoh-link-udp	1.7.2	normal:all	false		true
foldhash	0.2.0	zenoh-util	1.7.2	zenoh-link-ws	1.7.2	normal:all	false		true
foldhash	0.2.0	zenoh-util	1.7.2	zenoh-plugin-trait	1.7.2	normal:all	false		true
foldhash	0.2.0	zenoh-util	1.7.2	zenoh-transport	1.7.2	normal:all	false		true
getrandom	0.2.17	async-nats	0.47.0	sentinel-daemon	0.1.0	normal:all	true	A	true
getrandom	0.2.17	async-nats	0.47.0	sentinel-dashboard-backend	0.1.0	normal:all	true	A	true
getrandom	0.2.17	async-nats	0.47.0	sentinel-gaia-loop	0.1.0	normal:all	true	A	true
getrandom	0.2.17	axum-server	0.7.3	sentinel-dashboard-backend	0.1.0	normal:all	true	A	true
getrandom	0.2.17	directories-next	2.0.0	wasmtime-internal-cache	45.0.3	normal:all	false		true
getrandom	0.2.17	dirs	6.0.0	shellexpand	3.1.2	normal:all	false		true
getrandom	0.2.17	dirs-sys	0.5.0	dirs	6.0.0	normal:all	false		true
getrandom	0.2.17	dirs-sys-next	0.1.2	directories-next	2.0.0	normal:all	false		true
getrandom	0.2.17	ed25519	2.2.3	ed25519-dalek	2.2.0	normal:all	false		true
getrandom	0.2.17	ed25519	2.2.3	nkeys	0.4.5	normal:all	false		true
getrandom	0.2.17	ed25519-dalek	2.2.0	nkeys	0.4.5	normal:all	false		true
getrandom	0.2.17	flume	0.11.1	zenoh	1.7.2	normal:all	false		true
getrandom	0.2.17	flume	0.11.1	zenoh-link-commons	1.7.2	normal:all	false		true
getrandom	0.2.17	flume	0.11.1	zenoh-transport	1.7.2	normal:all	false		true
getrandom	0.2.17	flume	0.11.1	zenoh-util	1.7.2	normal:all	false		true
getrandom	0.2.17	getrandom	0.2.17	nanorand	0.7.0	normal:all	false		true
getrandom	0.2.17	getrandom	0.2.17	nkeys	0.4.5	"normal:cfg(target_arch = ""wasm32"")"	false		true
getrandom	0.2.17	getrandom	0.2.17	rand_core	0.6.4	normal:all	false		true
getrandom	0.2.17	getrandom	0.2.17	redox_users	0.4.6	normal:all	false		true
getrandom	0.2.17	getrandom	0.2.17	redox_users	0.5.2	normal:all	false		true
getrandom	0.2.17	getrandom	0.2.17	ring	0.17.14	normal:all	false		true
getrandom	0.2.17	getrandom	0.2.17	zenoh-keyexpr	1.7.2	normal:all	false		true
getrandom	0.2.17	hyper-rustls	0.27.7	reqwest	0.12.28	"normal:cfg(not(target_arch = ""wasm32""))"	false		true
getrandom	0.2.17	nanorand	0.7.0	flume	0.11.1	normal:all	false		true
getrandom	0.2.17	nkeys	0.4.5	async-nats	0.47.0	normal:all	false		true
getrandom	0.2.17	nuid	0.5.0	async-nats	0.47.0	normal:all	false		true
getrandom	0.2.17	num-bigint-dig	0.8.6	rsa	0.9.10	normal:all	false		true
getrandom	0.2.17	quinn	0.11.9	sentinel-cluster-control	0.1.0	normal:all	true		true
getrandom	0.2.17	quinn	0.11.9	wtransport	0.6.1	normal:all	false		true
getrandom	0.2.17	quinn	0.11.9	zenoh-link-commons	1.7.2	normal:all	false		true
getrandom	0.2.17	quinn	0.11.9	zenoh-link-quic	1.7.2	normal:all	false		true
getrandom	0.2.17	quinn	0.11.9	zenoh-link-quic_datagram	1.7.2	normal:all	false		true
getrandom	0.2.17	quinn-proto	0.11.15	quinn	0.11.9	normal:all	false		true
getrandom	0.2.17	rand	0.8.6	async-nats	0.47.0	normal:all	false		true
getrandom	0.2.17	rand	0.8.6	nkeys	0.4.5	normal:all	false		true
getrandom	0.2.17	rand	0.8.6	nuid	0.5.0	normal:all	false		true
getrandom	0.2.17	rand	0.8.6	num-bigint-dig	0.8.6	normal:all	false		true
getrandom	0.2.17	rand	0.8.6	stabby-macros	72.1.4	normal:all	false		true
getrandom	0.2.17	rand	0.8.6	tokio-websockets	0.10.1	normal:all	false		true
getrandom	0.2.17	rand	0.8.6	tungstenite	0.24.0	normal:all	false		true
getrandom	0.2.17	rand	0.8.6	uhlc	0.8.2	normal:all	false		true
getrandom	0.2.17	rand	0.8.6	zenoh	1.7.2	normal:all	false		true
getrandom	0.2.17	rand	0.8.6	zenoh-crypto	1.7.2	normal:all	false		true
getrandom	0.2.17	rand	0.8.6	zenoh-keyexpr	1.7.2	normal:all	false		true
getrandom	0.2.17	rand	0.8.6	zenoh-transport	1.7.2	normal:all	false		true
getrandom	0.2.17	rand_chacha	0.3.1	rand	0.8.6	normal:all	false		true
getrandom	0.2.17	rand_chacha	0.3.1	zenoh-crypto	1.7.2	normal:all	false		true
getrandom	0.2.17	rand_core	0.6.4	rand	0.8.6	normal:all	false		true
getrandom	0.2.17	rand_core	0.6.4	rand_chacha	0.3.1	normal:all	false		true
getrandom	0.2.17	rand_core	0.6.4	rsa	0.9.10	normal:all	false		true
getrandom	0.2.17	rand_core	0.6.4	signatory	0.27.1	normal:all	false		true
getrandom	0.2.17	rand_core	0.6.4	signature	2.2.0	normal:all	false		true
getrandom	0.2.17	rcgen	0.13.2	sentinel-cluster-control	0.1.0	normal:all	true		true
getrandom	0.2.17	rcgen	0.13.2	sentinel-dashboard-backend	0.1.0	normal:all	true	A	true
getrandom	0.2.17	rcgen	0.13.2	wtransport	0.6.1	normal:all	false		true
getrandom	0.2.17	redox_users	0.4.6	dirs-sys-next	0.1.2	"normal:cfg(target_os = ""redox"")"	false		true
getrandom	0.2.17	redox_users	0.5.2	dirs-sys	0.5.0	"normal:cfg(target_os = ""redox"")"	false		true
getrandom	0.2.17	reqwest	0.12.28	sentinel-ctl	0.1.0	normal:all	true	B	true
getrandom	0.2.17	reqwest	0.12.28	sentinel-daemon	0.1.0	normal:all	true	A	true
getrandom	0.2.17	reqwest	0.12.28	sentinel-dashboard-backend	0.1.0	normal:all	true	A	true
getrandom	0.2.17	ring	0.17.14	async-nats	0.47.0	normal:all	false		true
getrandom	0.2.17	ring	0.17.14	quinn-proto	0.11.15	"normal:all;normal:cfg(all(target_family = ""wasm"", target_os = ""unknown""))"	false		true
getrandom	0.2.17	ring	0.17.14	rcgen	0.13.2	normal:all	false		true
getrandom	0.2.17	ring	0.17.14	rustls	0.23.37	normal:all	false		true
getrandom	0.2.17	ring	0.17.14	rustls-webpki	0.103.13	normal:all	false		true
getrandom	0.2.17	ring	0.17.14	tokio-websockets	0.10.1	normal:all	false		true
getrandom	0.2.17	rsa	0.9.10	zenoh-transport	1.7.2	normal:all	false		true
getrandom	0.2.17	rustls	0.23.37	axum-server	0.7.3	normal:all	false		true
getrandom	0.2.17	rustls	0.23.37	hyper-rustls	0.27.7	normal:all	false		true
getrandom	0.2.17	rustls	0.23.37	quinn	0.11.9	normal:all	false		true
getrandom	0.2.17	rustls	0.23.37	quinn-proto	0.11.15	normal:all	false		true
getrandom	0.2.17	rustls	0.23.37	reqwest	0.12.28	"normal:cfg(not(target_arch = ""wasm32""))"	false		true
getrandom	0.2.17	rustls	0.23.37	rustls-platform-verifier	0.6.2	normal:all	false		true
getrandom	0.2.17	rustls	0.23.37	sentinel-cluster-control	0.1.0	normal:all	true		true
getrandom	0.2.17	rustls	0.23.37	sentinel-dashboard-backend	0.1.0	normal:all	true	A	true
getrandom	0.2.17	rustls	0.23.37	tokio-rustls	0.26.4	normal:all	false		true
getrandom	0.2.17	rustls	0.23.37	wtransport	0.6.1	normal:all	false		true
getrandom	0.2.17	rustls	0.23.37	zenoh-link-commons	1.7.2	normal:all	false		true
getrandom	0.2.17	rustls	0.23.37	zenoh-link-quic	1.7.2	normal:all	false		true
getrandom	0.2.17	rustls	0.23.37	zenoh-link-quic_datagram	1.7.2	normal:all	false		true
getrandom	0.2.17	rustls	0.23.37	zenoh-link-tls	1.7.2	normal:all	false		true
getrandom	0.2.17	rustls-platform-verifier	0.6.2	quinn-proto	0.11.15	normal:all	false		true
getrandom	0.2.17	rustls-webpki	0.103.13	async-nats	0.47.0	normal:all	false		true
getrandom	0.2.17	rustls-webpki	0.103.13	rustls	0.23.37	normal:all	false		true
getrandom	0.2.17	rustls-webpki	0.103.13	rustls-platform-verifier	0.6.2	"normal:cfg(all(unix, not(target_os = ""android""), not(target_vendor = ""apple""), not(target_arch = ""wasm32"")));normal:cfg(target_arch = ""wasm32"");normal:cfg(target_os = ""android"")"	false		true
getrandom	0.2.17	rustls-webpki	0.103.13	zenoh-link-commons	1.7.2	normal:all	false		true
getrandom	0.2.17	rustls-webpki	0.103.13	zenoh-link-quic	1.7.2	normal:all	false		true
getrandom	0.2.17	rustls-webpki	0.103.13	zenoh-link-quic_datagram	1.7.2	normal:all	false		true
getrandom	0.2.17	rustls-webpki	0.103.13	zenoh-link-tls	1.7.2	normal:all	false		true
getrandom	0.2.17	sentinel-cluster-control	0.1.0	sentinel-daemon	0.1.0	normal:all	true	A	true
getrandom	0.2.17	sentinel-ecs	0.1.0	sentinel-daemon	0.1.0	normal:all	true	A	true
getrandom	0.2.17	sentinel-ecs	0.1.0	sentinel-runtime	0.1.0	normal:all	true		true
getrandom	0.2.17	sentinel-gaia-loop	0.1.0	sentinel-dashboard-backend	0.1.0	normal:all	true	A	true
getrandom	0.2.17	sentinel-runtime	0.1.0	sentinel-daemon	0.1.0	normal:all	true	A	true
getrandom	0.2.17	sentinel-sandbox	0.1.0	sentinel-daemon	0.1.0	normal:all	true	A	true
getrandom	0.2.17	sentinel-wasm	0.1.0	sentinel-daemon	0.1.0	normal:all	true	A	true
getrandom	0.2.17	sentinel-wasm	0.1.0	sentinel-ecs	0.1.0	normal:all	true		true
getrandom	0.2.17	sentinel-zenoh	0.1.0	sentinel-daemon	0.1.0	normal:all	true	A	true
getrandom	0.2.17	sentinel-zenoh	0.1.0	sentinel-sandbox	0.1.0	normal:all	true		true
getrandom	0.2.17	shellexpand	3.1.2	zenoh-util	1.7.2	normal:all	false		true
getrandom	0.2.17	signatory	0.27.1	nkeys	0.4.5	normal:all	false		true
getrandom	0.2.17	signature	2.2.0	ed25519	2.2.3	normal:all	false		true
getrandom	0.2.17	signature	2.2.0	ed25519-dalek	2.2.0	normal:all	false		true
getrandom	0.2.17	signature	2.2.0	rsa	0.9.10	normal:all	false		true
getrandom	0.2.17	signature	2.2.0	signatory	0.27.1	normal:all	false		true
getrandom	0.2.17	stabby	72.1.4	zenoh-plugin-trait	1.7.2	normal:all	false		true
getrandom	0.2.17	stabby-abi	72.1.4	stabby	72.1.4	normal:all	false		true
getrandom	0.2.17	stabby-macros	72.1.4	stabby-abi	72.1.4	normal:all	false		true
getrandom	0.2.17	tls-listener	0.11.2	zenoh-link-tls	1.7.2	normal:all	false		true
getrandom	0.2.17	tokio-rustls	0.26.4	async-nats	0.47.0	normal:all	false		true
getrandom	0.2.17	tokio-rustls	0.26.4	axum-server	0.7.3	normal:all	false		true
getrandom	0.2.17	tokio-rustls	0.26.4	hyper-rustls	0.27.7	normal:all	false		true
getrandom	0.2.17	tokio-rustls	0.26.4	reqwest	0.12.28	"normal:cfg(not(target_arch = ""wasm32""))"	false		true
getrandom	0.2.17	tokio-rustls	0.26.4	tls-listener	0.11.2	normal:all	false		true
getrandom	0.2.17	tokio-rustls	0.26.4	tokio-websockets	0.10.1	normal:all	false		true
getrandom	0.2.17	tokio-rustls	0.26.4	zenoh-link-tls	1.7.2	normal:all	false		true
getrandom	0.2.17	tokio-tungstenite	0.24.0	zenoh-link-ws	1.7.2	normal:all	false		true
getrandom	0.2.17	tokio-websockets	0.10.1	async-nats	0.47.0	normal:all	false		true
getrandom	0.2.17	tungstenite	0.24.0	tokio-tungstenite	0.24.0	normal:all	false		true
getrandom	0.2.17	uhlc	0.8.2	zenoh	1.7.2	normal:all	false		true
getrandom	0.2.17	uhlc	0.8.2	zenoh-codec	1.7.2	normal:all	false		true
getrandom	0.2.17	uhlc	0.8.2	zenoh-config	1.7.2	normal:all	false		true
getrandom	0.2.17	uhlc	0.8.2	zenoh-protocol	1.7.2	normal:all	false		true
getrandom	0.2.17	wasmtime	45.0.3	sentinel-wasm	0.1.0	normal:all	true		true
getrandom	0.2.17	wasmtime	45.0.3	wasmtime-wasi	45.0.3	normal:all	false		true
getrandom	0.2.17	wasmtime	45.0.3	wasmtime-wasi-io	45.0.3	normal:all	false		true
getrandom	0.2.17	wasmtime	45.0.3	wiggle	45.0.3	normal:all	false		true
getrandom	0.2.17	wasmtime-internal-cache	45.0.3	wasmtime	45.0.3	normal:all	false		true
getrandom	0.2.17	wasmtime-wasi	45.0.3	sentinel-wasm	0.1.0	normal:all	true		true
getrandom	0.2.17	wasmtime-wasi-io	45.0.3	wasmtime-wasi	45.0.3	normal:all	false		true
getrandom	0.2.17	wiggle	45.0.3	wasmtime-wasi	45.0.3	normal:all	false		true
getrandom	0.2.17	wtransport	0.6.1	sentinel-dashboard-backend	0.1.0	normal:all	true	A	true
getrandom	0.2.17	zenoh	1.7.2	sentinel-zenoh	0.1.0	normal:all	true		true
getrandom	0.2.17	zenoh-codec	1.7.2	zenoh	1.7.2	normal:all	false		true
getrandom	0.2.17	zenoh-codec	1.7.2	zenoh-link-commons	1.7.2	normal:all	false		true
getrandom	0.2.17	zenoh-codec	1.7.2	zenoh-transport	1.7.2	normal:all	false		true
getrandom	0.2.17	zenoh-config	1.7.2	zenoh	1.7.2	normal:all	false		true
getrandom	0.2.17	zenoh-config	1.7.2	zenoh-link	1.7.2	normal:all	false		true
getrandom	0.2.17	zenoh-config	1.7.2	zenoh-link-commons	1.7.2	normal:all	false		true
getrandom	0.2.17	zenoh-config	1.7.2	zenoh-link-quic	1.7.2	normal:all	false		true
getrandom	0.2.17	zenoh-config	1.7.2	zenoh-link-tcp	1.7.2	normal:all	false		true
getrandom	0.2.17	zenoh-config	1.7.2	zenoh-link-tls	1.7.2	normal:all	false		true
getrandom	0.2.17	zenoh-config	1.7.2	zenoh-plugin-trait	1.7.2	normal:all	false		true
getrandom	0.2.17	zenoh-config	1.7.2	zenoh-transport	1.7.2	normal:all	false		true
getrandom	0.2.17	zenoh-core	1.7.2	zenoh	1.7.2	normal:all	false		true
getrandom	0.2.17	zenoh-core	1.7.2	zenoh-config	1.7.2	normal:all	false		true
getrandom	0.2.17	zenoh-core	1.7.2	zenoh-link-commons	1.7.2	normal:all	false		true
getrandom	0.2.17	zenoh-core	1.7.2	zenoh-link-quic	1.7.2	normal:all	false		true
getrandom	0.2.17	zenoh-core	1.7.2	zenoh-link-quic_datagram	1.7.2	normal:all	false		true
getrandom	0.2.17	zenoh-core	1.7.2	zenoh-link-tcp	1.7.2	normal:all	false		true
getrandom	0.2.17	zenoh-core	1.7.2	zenoh-link-tls	1.7.2	normal:all	false		true
getrandom	0.2.17	zenoh-core	1.7.2	zenoh-link-udp	1.7.2	normal:all	false		true
getrandom	0.2.17	zenoh-core	1.7.2	zenoh-link-unixsock_stream	1.7.2	normal:all	false		true
getrandom	0.2.17	zenoh-core	1.7.2	zenoh-link-ws	1.7.2	normal:all	false		true
getrandom	0.2.17	zenoh-core	1.7.2	zenoh-sync	1.7.2	normal:all	false		true
getrandom	0.2.17	zenoh-core	1.7.2	zenoh-task	1.7.2	normal:all	false		true
getrandom	0.2.17	zenoh-core	1.7.2	zenoh-transport	1.7.2	normal:all	false		true
getrandom	0.2.17	zenoh-core	1.7.2	zenoh-util	1.7.2	normal:all	false		true
getrandom	0.2.17	zenoh-crypto	1.7.2	zenoh-transport	1.7.2	normal:all	false		true
getrandom	0.2.17	zenoh-keyexpr	1.7.2	zenoh	1.7.2	normal:all	false		true
getrandom	0.2.17	zenoh-keyexpr	1.7.2	zenoh-config	1.7.2	normal:all	false		true
getrandom	0.2.17	zenoh-keyexpr	1.7.2	zenoh-macros	1.7.2	normal:all	false		true
getrandom	0.2.17	zenoh-keyexpr	1.7.2	zenoh-plugin-trait	1.7.2	normal:all	false		true
getrandom	0.2.17	zenoh-keyexpr	1.7.2	zenoh-protocol	1.7.2	normal:all	false		true
getrandom	0.2.17	zenoh-link	1.7.2	zenoh	1.7.2	normal:all	false		true
getrandom	0.2.17	zenoh-link	1.7.2	zenoh-transport	1.7.2	normal:all	false		true
getrandom	0.2.17	zenoh-link-commons	1.7.2	zenoh	1.7.2	normal:all	false		true
getrandom	0.2.17	zenoh-link-commons	1.7.2	zenoh-link	1.7.2	normal:all	false		true
getrandom	0.2.17	zenoh-link-commons	1.7.2	zenoh-link-quic	1.7.2	normal:all	false		true
getrandom	0.2.17	zenoh-link-commons	1.7.2	zenoh-link-quic_datagram	1.7.2	normal:all	false		true
getrandom	0.2.17	zenoh-link-commons	1.7.2	zenoh-link-tcp	1.7.2	normal:all	false		true
getrandom	0.2.17	zenoh-link-commons	1.7.2	zenoh-link-tls	1.7.2	normal:all	false		true
getrandom	0.2.17	zenoh-link-commons	1.7.2	zenoh-link-udp	1.7.2	normal:all	false		true
getrandom	0.2.17	zenoh-link-commons	1.7.2	zenoh-link-unixsock_stream	1.7.2	normal:all	false		true
getrandom	0.2.17	zenoh-link-commons	1.7.2	zenoh-link-ws	1.7.2	normal:all	false		true
getrandom	0.2.17	zenoh-link-commons	1.7.2	zenoh-transport	1.7.2	normal:all	false		true
getrandom	0.2.17	zenoh-link-quic	1.7.2	zenoh-link	1.7.2	normal:all	false		true
getrandom	0.2.17	zenoh-link-quic_datagram	1.7.2	zenoh-link	1.7.2	normal:all	false		true
getrandom	0.2.17	zenoh-link-tcp	1.7.2	zenoh-link	1.7.2	normal:all	false		true
getrandom	0.2.17	zenoh-link-tls	1.7.2	zenoh-link	1.7.2	normal:all	false		true
getrandom	0.2.17	zenoh-link-udp	1.7.2	zenoh-link	1.7.2	normal:all	false		true
getrandom	0.2.17	zenoh-link-unixsock_stream	1.7.2	zenoh-link	1.7.2	normal:all	false		true
getrandom	0.2.17	zenoh-link-ws	1.7.2	zenoh-link	1.7.2	normal:all	false		true
getrandom	0.2.17	zenoh-macros	1.7.2	zenoh	1.7.2	normal:all	false		true
getrandom	0.2.17	zenoh-macros	1.7.2	zenoh-config	1.7.2	normal:all	false		true
getrandom	0.2.17	zenoh-macros	1.7.2	zenoh-plugin-trait	1.7.2	normal:all	false		true
getrandom	0.2.17	zenoh-macros	1.7.2	zenoh-runtime	1.7.2	normal:all	false		true
getrandom	0.2.17	zenoh-plugin-trait	1.7.2	zenoh	1.7.2	normal:all	false		true
getrandom	0.2.17	zenoh-protocol	1.7.2	zenoh	1.7.2	normal:all	false		true
getrandom	0.2.17	zenoh-protocol	1.7.2	zenoh-codec	1.7.2	normal:all	false		true
getrandom	0.2.17	zenoh-protocol	1.7.2	zenoh-config	1.7.2	normal:all	false		true
getrandom	0.2.17	zenoh-protocol	1.7.2	zenoh-link	1.7.2	normal:all	false		true
getrandom	0.2.17	zenoh-protocol	1.7.2	zenoh-link-commons	1.7.2	normal:all	false		true
getrandom	0.2.17	zenoh-protocol	1.7.2	zenoh-link-quic	1.7.2	normal:all	false		true
getrandom	0.2.17	zenoh-protocol	1.7.2	zenoh-link-quic_datagram	1.7.2	normal:all	false		true
getrandom	0.2.17	zenoh-protocol	1.7.2	zenoh-link-tcp	1.7.2	normal:all	false		true
getrandom	0.2.17	zenoh-protocol	1.7.2	zenoh-link-tls	1.7.2	normal:all	false		true
getrandom	0.2.17	zenoh-protocol	1.7.2	zenoh-link-udp	1.7.2	normal:all	false		true
getrandom	0.2.17	zenoh-protocol	1.7.2	zenoh-link-unixsock_stream	1.7.2	normal:all	false		true
getrandom	0.2.17	zenoh-protocol	1.7.2	zenoh-link-ws	1.7.2	normal:all	false		true
getrandom	0.2.17	zenoh-protocol	1.7.2	zenoh-transport	1.7.2	normal:all	false		true
getrandom	0.2.17	zenoh-runtime	1.7.2	zenoh	1.7.2	normal:all	false		true
getrandom	0.2.17	zenoh-runtime	1.7.2	zenoh-core	1.7.2	normal:all	false		true
getrandom	0.2.17	zenoh-runtime	1.7.2	zenoh-link-commons	1.7.2	normal:all	false		true
getrandom	0.2.17	zenoh-runtime	1.7.2	zenoh-link-tls	1.7.2	normal:all	false		true
getrandom	0.2.17	zenoh-runtime	1.7.2	zenoh-link-unixsock_stream	1.7.2	normal:all	false		true
getrandom	0.2.17	zenoh-runtime	1.7.2	zenoh-link-ws	1.7.2	normal:all	false		true
getrandom	0.2.17	zenoh-runtime	1.7.2	zenoh-task	1.7.2	normal:all	false		true
getrandom	0.2.17	zenoh-runtime	1.7.2	zenoh-transport	1.7.2	normal:all	false		true
getrandom	0.2.17	zenoh-sync	1.7.2	zenoh	1.7.2	normal:all	false		true
getrandom	0.2.17	zenoh-sync	1.7.2	zenoh-link-udp	1.7.2	normal:all	false		true
getrandom	0.2.17	zenoh-sync	1.7.2	zenoh-transport	1.7.2	normal:all	false		true
getrandom	0.2.17	zenoh-task	1.7.2	zenoh	1.7.2	normal:all	false		true
getrandom	0.2.17	zenoh-task	1.7.2	zenoh-transport	1.7.2	normal:all	false		true
getrandom	0.2.17	zenoh-transport	1.7.2	zenoh	1.7.2	normal:all	false		true
getrandom	0.2.17	zenoh-util	1.7.2	zenoh	1.7.2	normal:all	false		true
getrandom	0.2.17	zenoh-util	1.7.2	zenoh-config	1.7.2	normal:all	false		true
getrandom	0.2.17	zenoh-util	1.7.2	zenoh-link-commons	1.7.2	normal:all	false		true
getrandom	0.2.17	zenoh-util	1.7.2	zenoh-link-quic	1.7.2	normal:all	false		true
getrandom	0.2.17	zenoh-util	1.7.2	zenoh-link-quic_datagram	1.7.2	normal:all	false		true
getrandom	0.2.17	zenoh-util	1.7.2	zenoh-link-udp	1.7.2	normal:all	false		true
getrandom	0.2.17	zenoh-util	1.7.2	zenoh-link-ws	1.7.2	normal:all	false		true
getrandom	0.2.17	zenoh-util	1.7.2	zenoh-plugin-trait	1.7.2	normal:all	false		true
getrandom	0.2.17	zenoh-util	1.7.2	zenoh-transport	1.7.2	normal:all	false		true
getrandom	0.3.4	ahash	0.8.12	hashbrown	0.14.5	normal:all	false		true
getrandom	0.3.4	ahash	0.8.12	zenoh	1.7.2	normal:all	false		true
getrandom	0.3.4	ahash	0.8.12	zenoh-collections	1.7.2	normal:all	false		true
getrandom	0.3.4	alloca	0.4.0	criterion	0.8.2	normal:cfg(any(windows, unix))	false		true
getrandom	0.3.4	async-nats	0.47.0	sentinel-daemon	0.1.0	normal:all	true	A	true
getrandom	0.3.4	async-nats	0.47.0	sentinel-dashboard-backend	0.1.0	normal:all	true	A	true
getrandom	0.3.4	async-nats	0.47.0	sentinel-gaia-loop	0.1.0	normal:all	true	A	true
getrandom	0.3.4	aws-lc-rs	1.17.0	rustls	0.23.37	normal:all	false		true
getrandom	0.3.4	aws-lc-rs	1.17.0	rustls-webpki	0.103.13	normal:all	false		true
getrandom	0.3.4	aws-lc-sys	0.41.0	aws-lc-rs	1.17.0	normal:all	false		true
getrandom	0.3.4	axum-server	0.7.3	sentinel-dashboard-backend	0.1.0	normal:all	true	A	true
getrandom	0.3.4	blake3	1.8.3	sentinel-fs	0.1.0	normal:all	true		true
getrandom	0.3.4	blake3	1.8.3	sentinel-gaia	0.1.0	normal:all	true	B	true
getrandom	0.3.4	bolero	0.13.4	sentinel-bio	0.1.0	dev:all	true		true
getrandom	0.3.4	bolero	0.13.4	sentinel-physics	0.1.0	dev:all	true		true
getrandom	0.3.4	bolero-afl	0.13.0	bolero	0.13.4	normal:cfg(fuzzing_afl)	false		true
getrandom	0.3.4	bolero-engine	0.13.4	bolero	0.13.4	normal:all;normal:cfg(fuzzing_random);normal:cfg(not(any(fuzzing, kani)))	false		true
getrandom	0.3.4	bolero-engine	0.13.4	bolero-afl	0.13.0	normal:all	false		true
getrandom	0.3.4	bolero-engine	0.13.4	bolero-honggfuzz	0.13.0	normal:all	false		true
getrandom	0.3.4	bolero-engine	0.13.4	bolero-kani	0.13.0	normal:all	false		true
getrandom	0.3.4	bolero-engine	0.13.4	bolero-libfuzzer	0.13.0	normal:all	false		true
getrandom	0.3.4	bolero-generator	0.13.5	bolero	0.13.4	normal:all	false		true
getrandom	0.3.4	bolero-generator	0.13.5	bolero-engine	0.13.4	normal:all	false		true
getrandom	0.3.4	bolero-honggfuzz	0.13.0	bolero	0.13.4	normal:cfg(fuzzing_honggfuzz)	false		true
getrandom	0.3.4	bolero-kani	0.13.0	bolero	0.13.4	normal:cfg(kani)	false		true
getrandom	0.3.4	bolero-libfuzzer	0.13.0	bolero	0.13.4	normal:cfg(fuzzing_libfuzzer)	false		true
getrandom	0.3.4	cap-time-ext	3.4.5	wasmtime-wasi	45.0.3	normal:all	false		true
getrandom	0.3.4	cc	1.2.56	alloca	0.4.0	build:all	false		true
getrandom	0.3.4	cc	1.2.56	aws-lc-sys	0.41.0	build:all	false		true
getrandom	0.3.4	cc	1.2.56	blake3	1.8.3	build:all	false		true
getrandom	0.3.4	cc	1.2.56	bolero-afl	0.13.0	build:all	false		true
getrandom	0.3.4	cc	1.2.56	bolero-libfuzzer	0.13.0	build:all	false		true
getrandom	0.3.4	cc	1.2.56	cmake	0.1.58	normal:all	false		true
getrandom	0.3.4	cc	1.2.56	iana-time-zone-haiku	0.1.2	build:all	false		true
getrandom	0.3.4	cc	1.2.56	ittapi-sys	0.4.0	build:all	false		true
getrandom	0.3.4	cc	1.2.56	libsqlite3-sys	0.36.0	build:all	false		true
getrandom	0.3.4	cc	1.2.56	ring	0.17.14	build:all	false		true
getrandom	0.3.4	cc	1.2.56	sqlite-wasm-rs	0.5.2	build:all	false		true
getrandom	0.3.4	cc	1.2.56	wasmtime	45.0.3	build:all	false		true
getrandom	0.3.4	cc	1.2.56	wasmtime-internal-fiber	45.0.3	build:all	false		true
getrandom	0.3.4	cc	1.2.56	wasmtime-internal-jit-debug	45.0.3	build:all	false		true
getrandom	0.3.4	cc	1.2.56	zstd-sys	2.0.16+zstd.1.5.7	build:all	false		true
getrandom	0.3.4	chrono	0.4.44	sentinel-daemon	0.1.0	normal:all	true	A	true
getrandom	0.3.4	cmake	0.1.58	aws-lc-sys	0.41.0	build:all	false		true
getrandom	0.3.4	criterion	0.8.2	sentinel-daemon	0.1.0	dev:all	true	A	true
getrandom	0.3.4	criterion	0.8.2	sentinel-ecs	0.1.0	dev:all	true		true
getrandom	0.3.4	criterion	0.8.2	sentinel-fs	0.1.0	dev:all	true		true
getrandom	0.3.4	criterion	0.8.2	sentinel-gaia-memory	0.1.0	dev:all	true		true
getrandom	0.3.4	criterion	0.8.2	sentinel-hippocampus	0.1.0	dev:all	true		true
getrandom	0.3.4	criterion	0.8.2	sentinel-limbo	0.1.0	dev:all	true		true
getrandom	0.3.4	criterion	0.8.2	sentinel-nightrun	0.1.0	dev:all	true	C	true
getrandom	0.3.4	criterion	0.8.2	sentinel-projection	0.1.0	dev:all	true		true
getrandom	0.3.4	criterion	0.8.2	sentinel-runtime	0.1.0	dev:all	true		true
getrandom	0.3.4	criterion	0.8.2	sentinel-sandbox	0.1.0	dev:all	true		true
getrandom	0.3.4	criterion	0.8.2	sentinel-wasm	0.1.0	dev:all	true		true
getrandom	0.3.4	fastbloom	0.14.1	quinn-proto	0.11.15	normal:all	false		true
getrandom	0.3.4	getrandom	0.3.4	ahash	0.8.12	normal:all	false		true
getrandom	0.3.4	getrandom	0.3.4	bolero-generator	0.13.5	normal:all	false		true
getrandom	0.3.4	getrandom	0.3.4	fastbloom	0.14.1	normal:all	false		true
getrandom	0.3.4	getrandom	0.3.4	jobserver	0.1.34	normal:cfg(windows)	false		true
getrandom	0.3.4	getrandom	0.3.4	quinn-proto	0.11.15	"normal:cfg(all(target_family = ""wasm"", target_os = ""unknown""))"	false		true
getrandom	0.3.4	getrandom	0.3.4	rand_core	0.9.5	normal:all	false		true
getrandom	0.3.4	hashbrown	0.14.5	keyed-set	1.1.0	normal:all	false		true
getrandom	0.3.4	hyper-rustls	0.27.7	reqwest	0.12.28	"normal:cfg(not(target_arch = ""wasm32""))"	false		true
getrandom	0.3.4	iana-time-zone	0.1.65	cap-time-ext	3.4.5	normal:all	false		true
getrandom	0.3.4	iana-time-zone	0.1.65	chrono	0.4.44	normal:cfg(unix)	false		true
getrandom	0.3.4	iana-time-zone-haiku	0.1.2	iana-time-zone	0.1.65	"normal:cfg(target_os = ""haiku"")"	false		true
getrandom	0.3.4	ittapi	0.4.0	wasmtime	45.0.3	"normal:cfg(all(target_arch = ""x86_64"", target_os = ""linux""));normal:cfg(all(target_arch = ""x86_64"", target_os = ""macos""));normal:cfg(all(target_arch = ""x86_64"", target_os = ""windows""))"	false		true
getrandom	0.3.4	ittapi-sys	0.4.0	ittapi	0.4.0	normal:all	false		true
getrandom	0.3.4	jobserver	0.1.34	cc	1.2.56	normal:all	false		true
getrandom	0.3.4	keyed-set	1.1.0	zenoh-keyexpr	1.7.2	normal:all	false		true
getrandom	0.3.4	libsqlite3-sys	0.36.0	rusqlite	0.38.0	"normal:cfg(not(all(target_family = ""wasm"", target_os = ""unknown"")))"	false		true
getrandom	0.3.4	quinn	0.11.9	sentinel-cluster-control	0.1.0	normal:all	true		true
getrandom	0.3.4	quinn	0.11.9	wtransport	0.6.1	normal:all	false		true
getrandom	0.3.4	quinn	0.11.9	zenoh-link-commons	1.7.2	normal:all	false		true
getrandom	0.3.4	quinn	0.11.9	zenoh-link-quic	1.7.2	normal:all	false		true
getrandom	0.3.4	quinn	0.11.9	zenoh-link-quic_datagram	1.7.2	normal:all	false		true
getrandom	0.3.4	quinn-proto	0.11.15	quinn	0.11.9	normal:all	false		true
getrandom	0.3.4	rand	0.9.4	bolero	0.13.4	normal:cfg(fuzzing_random);normal:cfg(not(any(fuzzing, kani)))	false		true
getrandom	0.3.4	rand	0.9.4	bolero-engine	0.13.4	normal:all	false		true
getrandom	0.3.4	rand	0.9.4	fastbloom	0.14.1	normal:all	false		true
getrandom	0.3.4	rand	0.9.4	quinn-proto	0.11.15	normal:all	false		true
getrandom	0.3.4	rand_chacha	0.9.0	rand	0.9.4	normal:all	false		true
getrandom	0.3.4	rand_core	0.9.5	bolero-generator	0.13.5	normal:all	false		true
getrandom	0.3.4	rand_core	0.9.5	rand	0.9.4	normal:all	false		true
getrandom	0.3.4	rand_core	0.9.5	rand_chacha	0.9.0	normal:all	false		true
getrandom	0.3.4	rand_core	0.9.5	rand_xoshiro	0.7.0	normal:all	false		true
getrandom	0.3.4	rand_xoshiro	0.7.0	bolero-engine	0.13.4	normal:all	false		true
getrandom	0.3.4	rand_xoshiro	0.7.0	bolero-generator	0.13.5	normal:all	false		true
getrandom	0.3.4	rcgen	0.13.2	sentinel-cluster-control	0.1.0	normal:all	true		true
getrandom	0.3.4	rcgen	0.13.2	sentinel-dashboard-backend	0.1.0	normal:all	true	A	true
getrandom	0.3.4	rcgen	0.13.2	wtransport	0.6.1	normal:all	false		true
getrandom	0.3.4	reqwest	0.12.28	sentinel-ctl	0.1.0	normal:all	true	B	true
getrandom	0.3.4	reqwest	0.12.28	sentinel-daemon	0.1.0	normal:all	true	A	true
getrandom	0.3.4	reqwest	0.12.28	sentinel-dashboard-backend	0.1.0	normal:all	true	A	true
getrandom	0.3.4	ring	0.17.14	async-nats	0.47.0	normal:all	false		true
getrandom	0.3.4	ring	0.17.14	quinn-proto	0.11.15	"normal:all;normal:cfg(all(target_family = ""wasm"", target_os = ""unknown""))"	false		true
getrandom	0.3.4	ring	0.17.14	rcgen	0.13.2	normal:all	false		true
getrandom	0.3.4	ring	0.17.14	rustls	0.23.37	normal:all	false		true
getrandom	0.3.4	ring	0.17.14	rustls-webpki	0.103.13	normal:all	false		true
getrandom	0.3.4	ring	0.17.14	tokio-websockets	0.10.1	normal:all	false		true
getrandom	0.3.4	rusqlite	0.38.0	sentinel-dashboard-backend	0.1.0	normal:all	true	A	true
getrandom	0.3.4	rusqlite	0.38.0	sentinel-gaia-memory	0.1.0	normal:all	true		true
getrandom	0.3.4	rusqlite	0.38.0	sentinel-limbo	0.1.0	dev:all;normal:all	true		true
getrandom	0.3.4	rusqlite	0.38.0	sentinel-nightrun	0.1.0	normal:all	true	C	true
getrandom	0.3.4	rusqlite	0.38.0	sentinel-projection	0.1.0	normal:all	true		true
getrandom	0.3.4	rustls	0.23.37	axum-server	0.7.3	normal:all	false		true
getrandom	0.3.4	rustls	0.23.37	hyper-rustls	0.27.7	normal:all	false		true
getrandom	0.3.4	rustls	0.23.37	quinn	0.11.9	normal:all	false		true
getrandom	0.3.4	rustls	0.23.37	quinn-proto	0.11.15	normal:all	false		true
getrandom	0.3.4	rustls	0.23.37	reqwest	0.12.28	"normal:cfg(not(target_arch = ""wasm32""))"	false		true
getrandom	0.3.4	rustls	0.23.37	rustls-platform-verifier	0.6.2	normal:all	false		true
getrandom	0.3.4	rustls	0.23.37	sentinel-cluster-control	0.1.0	normal:all	true		true
getrandom	0.3.4	rustls	0.23.37	sentinel-dashboard-backend	0.1.0	normal:all	true	A	true
getrandom	0.3.4	rustls	0.23.37	tokio-rustls	0.26.4	normal:all	false		true
getrandom	0.3.4	rustls	0.23.37	wtransport	0.6.1	normal:all	false		true
getrandom	0.3.4	rustls	0.23.37	zenoh-link-commons	1.7.2	normal:all	false		true
getrandom	0.3.4	rustls	0.23.37	zenoh-link-quic	1.7.2	normal:all	false		true
getrandom	0.3.4	rustls	0.23.37	zenoh-link-quic_datagram	1.7.2	normal:all	false		true
getrandom	0.3.4	rustls	0.23.37	zenoh-link-tls	1.7.2	normal:all	false		true
getrandom	0.3.4	rustls-platform-verifier	0.6.2	quinn-proto	0.11.15	normal:all	false		true
getrandom	0.3.4	rustls-webpki	0.103.13	async-nats	0.47.0	normal:all	false		true
getrandom	0.3.4	rustls-webpki	0.103.13	rustls	0.23.37	normal:all	false		true
getrandom	0.3.4	rustls-webpki	0.103.13	rustls-platform-verifier	0.6.2	"normal:cfg(all(unix, not(target_os = ""android""), not(target_vendor = ""apple""), not(target_arch = ""wasm32"")));normal:cfg(target_arch = ""wasm32"");normal:cfg(target_os = ""android"")"	false		true
getrandom	0.3.4	rustls-webpki	0.103.13	zenoh-link-commons	1.7.2	normal:all	false		true
getrandom	0.3.4	rustls-webpki	0.103.13	zenoh-link-quic	1.7.2	normal:all	false		true
getrandom	0.3.4	rustls-webpki	0.103.13	zenoh-link-quic_datagram	1.7.2	normal:all	false		true
getrandom	0.3.4	rustls-webpki	0.103.13	zenoh-link-tls	1.7.2	normal:all	false		true
getrandom	0.3.4	sentinel-bio	0.1.0	sentinel-ecs	0.1.0	normal:all	true		true
getrandom	0.3.4	sentinel-cluster-control	0.1.0	sentinel-daemon	0.1.0	normal:all	true	A	true
getrandom	0.3.4	sentinel-console-plane	0.1.0	sentinel-dashboard-backend	0.1.0	normal:all	true	A	true
getrandom	0.3.4	sentinel-ecs	0.1.0	sentinel-daemon	0.1.0	normal:all	true	A	true
getrandom	0.3.4	sentinel-ecs	0.1.0	sentinel-runtime	0.1.0	normal:all	true		true
getrandom	0.3.4	sentinel-fs	0.1.0	sentinel-console-plane	0.1.0	normal:all	true		true
getrandom	0.3.4	sentinel-fs	0.1.0	sentinel-daemon	0.1.0	normal:all	true	A	true
getrandom	0.3.4	sentinel-fs	0.1.0	sentinel-microvm	0.1.0	normal:all	true		true
getrandom	0.3.4	sentinel-fs	0.1.0	sentinel-sandbox	0.1.0	normal:all	true		true
getrandom	0.3.4	sentinel-gaia	0.1.0	sentinel-dashboard-backend	0.1.0	normal:all	true	A	true
getrandom	0.3.4	sentinel-gaia-loop	0.1.0	sentinel-dashboard-backend	0.1.0	normal:all	true	A	true
getrandom	0.3.4	sentinel-hippocampus	0.1.0	sentinel-daemon	0.1.0	normal:all	true	A	true
getrandom	0.3.4	sentinel-hippocampus	0.1.0	sentinel-gaia-memory	0.1.0	normal:all	true		true
getrandom	0.3.4	sentinel-hippocampus	0.1.0	sentinel-nightrun	0.1.0	normal:all	true	C	true
getrandom	0.3.4	sentinel-limbo	0.1.0	sentinel-daemon	0.1.0	normal:all	true	A	true
getrandom	0.3.4	sentinel-limbo	0.1.0	sentinel-dashboard-backend	0.1.0	normal:all	true	A	true
getrandom	0.3.4	sentinel-limbo	0.1.0	sentinel-ecs	0.1.0	normal:all	true		true
getrandom	0.3.4	sentinel-limbo	0.1.0	sentinel-gaia-loop	0.1.0	normal:all	true	A	true
getrandom	0.3.4	sentinel-limbo	0.1.0	sentinel-gaia-memory	0.1.0	dev:all	true		true
getrandom	0.3.4	sentinel-limbo	0.1.0	sentinel-nightrun	0.1.0	normal:all	true	C	true
getrandom	0.3.4	sentinel-limbo	0.1.0	sentinel-projection	0.1.0	normal:all	true		true
getrandom	0.3.4	sentinel-limbo	0.1.0	sentinel-projection-service	0.1.0	normal:all	true	A	true
getrandom	0.3.4	sentinel-limbo	0.1.0	sentinel-runtime	0.1.0	dev:all;normal:all	true		true
getrandom	0.3.4	sentinel-physics	0.1.0	sentinel-ecs	0.1.0	normal:all	true		true
getrandom	0.3.4	sentinel-physics	0.1.0	sentinel-projection	0.1.0	normal:all	true		true
getrandom	0.3.4	sentinel-projection	0.1.0	sentinel-daemon	0.1.0	normal:all	true	A	true
getrandom	0.3.4	sentinel-projection	0.1.0	sentinel-dashboard-backend	0.1.0	normal:all	true	A	true
getrandom	0.3.4	sentinel-projection	0.1.0	sentinel-gaia-memory	0.1.0	dev:all	true		true
getrandom	0.3.4	sentinel-projection	0.1.0	sentinel-projection-service	0.1.0	normal:all	true	A	true
getrandom	0.3.4	sentinel-runtime	0.1.0	sentinel-daemon	0.1.0	normal:all	true	A	true
getrandom	0.3.4	sentinel-sandbox	0.1.0	sentinel-daemon	0.1.0	normal:all	true	A	true
getrandom	0.3.4	sentinel-wasm	0.1.0	sentinel-daemon	0.1.0	normal:all	true	A	true
getrandom	0.3.4	sentinel-wasm	0.1.0	sentinel-ecs	0.1.0	normal:all	true		true
getrandom	0.3.4	sentinel-zenoh	0.1.0	sentinel-daemon	0.1.0	normal:all	true	A	true
getrandom	0.3.4	sentinel-zenoh	0.1.0	sentinel-sandbox	0.1.0	normal:all	true		true
getrandom	0.3.4	sqlite-wasm-rs	0.5.2	rusqlite	0.38.0	"normal:cfg(all(target_family = ""wasm"", target_os = ""unknown""))"	false		true
getrandom	0.3.4	tls-listener	0.11.2	zenoh-link-tls	1.7.2	normal:all	false		true
getrandom	0.3.4	tokio-rustls	0.26.4	async-nats	0.47.0	normal:all	false		true
getrandom	0.3.4	tokio-rustls	0.26.4	axum-server	0.7.3	normal:all	false		true
getrandom	0.3.4	tokio-rustls	0.26.4	hyper-rustls	0.27.7	normal:all	false		true
getrandom	0.3.4	tokio-rustls	0.26.4	reqwest	0.12.28	"normal:cfg(not(target_arch = ""wasm32""))"	false		true
getrandom	0.3.4	tokio-rustls	0.26.4	tls-listener	0.11.2	normal:all	false		true
getrandom	0.3.4	tokio-rustls	0.26.4	tokio-websockets	0.10.1	normal:all	false		true
getrandom	0.3.4	tokio-rustls	0.26.4	zenoh-link-tls	1.7.2	normal:all	false		true
getrandom	0.3.4	tokio-websockets	0.10.1	async-nats	0.47.0	normal:all	false		true
getrandom	0.3.4	wasmtime	45.0.3	sentinel-wasm	0.1.0	normal:all	true		true
getrandom	0.3.4	wasmtime	45.0.3	wasmtime-wasi	45.0.3	normal:all	false		true
getrandom	0.3.4	wasmtime	45.0.3	wasmtime-wasi-io	45.0.3	normal:all	false		true
getrandom	0.3.4	wasmtime	45.0.3	wiggle	45.0.3	normal:all	false		true
getrandom	0.3.4	wasmtime-internal-cache	45.0.3	wasmtime	45.0.3	normal:all	false		true
getrandom	0.3.4	wasmtime-internal-fiber	45.0.3	wasmtime	45.0.3	normal:all	false		true
getrandom	0.3.4	wasmtime-internal-jit-debug	45.0.3	wasmtime	45.0.3	normal:all	false		true
getrandom	0.3.4	wasmtime-wasi	45.0.3	sentinel-wasm	0.1.0	normal:all	true		true
getrandom	0.3.4	wasmtime-wasi-io	45.0.3	wasmtime-wasi	45.0.3	normal:all	false		true
getrandom	0.3.4	wiggle	45.0.3	wasmtime-wasi	45.0.3	normal:all	false		true
getrandom	0.3.4	wtransport	0.6.1	sentinel-dashboard-backend	0.1.0	normal:all	true	A	true
getrandom	0.3.4	zenoh	1.7.2	sentinel-zenoh	0.1.0	normal:all	true		true
getrandom	0.3.4	zenoh-buffers	1.7.2	zenoh	1.7.2	normal:all	false		true
getrandom	0.3.4	zenoh-buffers	1.7.2	zenoh-codec	1.7.2	normal:all	false		true
getrandom	0.3.4	zenoh-buffers	1.7.2	zenoh-link-commons	1.7.2	normal:all	false		true
getrandom	0.3.4	zenoh-buffers	1.7.2	zenoh-link-udp	1.7.2	normal:all	false		true
getrandom	0.3.4	zenoh-buffers	1.7.2	zenoh-protocol	1.7.2	normal:all	false		true
getrandom	0.3.4	zenoh-buffers	1.7.2	zenoh-sync	1.7.2	normal:all	false		true
getrandom	0.3.4	zenoh-buffers	1.7.2	zenoh-transport	1.7.2	normal:all	false		true
getrandom	0.3.4	zenoh-codec	1.7.2	zenoh	1.7.2	normal:all	false		true
getrandom	0.3.4	zenoh-codec	1.7.2	zenoh-link-commons	1.7.2	normal:all	false		true
getrandom	0.3.4	zenoh-codec	1.7.2	zenoh-transport	1.7.2	normal:all	false		true
getrandom	0.3.4	zenoh-collections	1.7.2	zenoh	1.7.2	normal:all	false		true
getrandom	0.3.4	zenoh-collections	1.7.2	zenoh-buffers	1.7.2	normal:all	false		true
getrandom	0.3.4	zenoh-collections	1.7.2	zenoh-sync	1.7.2	normal:all	false		true
getrandom	0.3.4	zenoh-config	1.7.2	zenoh	1.7.2	normal:all	false		true
getrandom	0.3.4	zenoh-config	1.7.2	zenoh-link	1.7.2	normal:all	false		true
getrandom	0.3.4	zenoh-config	1.7.2	zenoh-link-commons	1.7.2	normal:all	false		true
getrandom	0.3.4	zenoh-config	1.7.2	zenoh-link-quic	1.7.2	normal:all	false		true
getrandom	0.3.4	zenoh-config	1.7.2	zenoh-link-tcp	1.7.2	normal:all	false		true
getrandom	0.3.4	zenoh-config	1.7.2	zenoh-link-tls	1.7.2	normal:all	false		true
getrandom	0.3.4	zenoh-config	1.7.2	zenoh-plugin-trait	1.7.2	normal:all	false		true
getrandom	0.3.4	zenoh-config	1.7.2	zenoh-transport	1.7.2	normal:all	false		true
getrandom	0.3.4	zenoh-core	1.7.2	zenoh	1.7.2	normal:all	false		true
getrandom	0.3.4	zenoh-core	1.7.2	zenoh-config	1.7.2	normal:all	false		true
getrandom	0.3.4	zenoh-core	1.7.2	zenoh-link-commons	1.7.2	normal:all	false		true
getrandom	0.3.4	zenoh-core	1.7.2	zenoh-link-quic	1.7.2	normal:all	false		true
getrandom	0.3.4	zenoh-core	1.7.2	zenoh-link-quic_datagram	1.7.2	normal:all	false		true
getrandom	0.3.4	zenoh-core	1.7.2	zenoh-link-tcp	1.7.2	normal:all	false		true
getrandom	0.3.4	zenoh-core	1.7.2	zenoh-link-tls	1.7.2	normal:all	false		true
getrandom	0.3.4	zenoh-core	1.7.2	zenoh-link-udp	1.7.2	normal:all	false		true
getrandom	0.3.4	zenoh-core	1.7.2	zenoh-link-unixsock_stream	1.7.2	normal:all	false		true
getrandom	0.3.4	zenoh-core	1.7.2	zenoh-link-ws	1.7.2	normal:all	false		true
getrandom	0.3.4	zenoh-core	1.7.2	zenoh-sync	1.7.2	normal:all	false		true
getrandom	0.3.4	zenoh-core	1.7.2	zenoh-task	1.7.2	normal:all	false		true
getrandom	0.3.4	zenoh-core	1.7.2	zenoh-transport	1.7.2	normal:all	false		true
getrandom	0.3.4	zenoh-core	1.7.2	zenoh-util	1.7.2	normal:all	false		true
getrandom	0.3.4	zenoh-keyexpr	1.7.2	zenoh	1.7.2	normal:all	false		true
getrandom	0.3.4	zenoh-keyexpr	1.7.2	zenoh-config	1.7.2	normal:all	false		true
getrandom	0.3.4	zenoh-keyexpr	1.7.2	zenoh-macros	1.7.2	normal:all	false		true
getrandom	0.3.4	zenoh-keyexpr	1.7.2	zenoh-plugin-trait	1.7.2	normal:all	false		true
getrandom	0.3.4	zenoh-keyexpr	1.7.2	zenoh-protocol	1.7.2	normal:all	false		true
getrandom	0.3.4	zenoh-link	1.7.2	zenoh	1.7.2	normal:all	false		true
getrandom	0.3.4	zenoh-link	1.7.2	zenoh-transport	1.7.2	normal:all	false		true
getrandom	0.3.4	zenoh-link-commons	1.7.2	zenoh	1.7.2	normal:all	false		true
getrandom	0.3.4	zenoh-link-commons	1.7.2	zenoh-link	1.7.2	normal:all	false		true
getrandom	0.3.4	zenoh-link-commons	1.7.2	zenoh-link-quic	1.7.2	normal:all	false		true
getrandom	0.3.4	zenoh-link-commons	1.7.2	zenoh-link-quic_datagram	1.7.2	normal:all	false		true
getrandom	0.3.4	zenoh-link-commons	1.7.2	zenoh-link-tcp	1.7.2	normal:all	false		true
getrandom	0.3.4	zenoh-link-commons	1.7.2	zenoh-link-tls	1.7.2	normal:all	false		true
getrandom	0.3.4	zenoh-link-commons	1.7.2	zenoh-link-udp	1.7.2	normal:all	false		true
getrandom	0.3.4	zenoh-link-commons	1.7.2	zenoh-link-unixsock_stream	1.7.2	normal:all	false		true
getrandom	0.3.4	zenoh-link-commons	1.7.2	zenoh-link-ws	1.7.2	normal:all	false		true
getrandom	0.3.4	zenoh-link-commons	1.7.2	zenoh-transport	1.7.2	normal:all	false		true
getrandom	0.3.4	zenoh-link-quic	1.7.2	zenoh-link	1.7.2	normal:all	false		true
getrandom	0.3.4	zenoh-link-quic_datagram	1.7.2	zenoh-link	1.7.2	normal:all	false		true
getrandom	0.3.4	zenoh-link-tcp	1.7.2	zenoh-link	1.7.2	normal:all	false		true
getrandom	0.3.4	zenoh-link-tls	1.7.2	zenoh-link	1.7.2	normal:all	false		true
getrandom	0.3.4	zenoh-link-udp	1.7.2	zenoh-link	1.7.2	normal:all	false		true
getrandom	0.3.4	zenoh-link-unixsock_stream	1.7.2	zenoh-link	1.7.2	normal:all	false		true
getrandom	0.3.4	zenoh-link-ws	1.7.2	zenoh-link	1.7.2	normal:all	false		true
getrandom	0.3.4	zenoh-macros	1.7.2	zenoh	1.7.2	normal:all	false		true
getrandom	0.3.4	zenoh-macros	1.7.2	zenoh-config	1.7.2	normal:all	false		true
getrandom	0.3.4	zenoh-macros	1.7.2	zenoh-plugin-trait	1.7.2	normal:all	false		true
getrandom	0.3.4	zenoh-macros	1.7.2	zenoh-runtime	1.7.2	normal:all	false		true
getrandom	0.3.4	zenoh-plugin-trait	1.7.2	zenoh	1.7.2	normal:all	false		true
getrandom	0.3.4	zenoh-protocol	1.7.2	zenoh	1.7.2	normal:all	false		true
getrandom	0.3.4	zenoh-protocol	1.7.2	zenoh-codec	1.7.2	normal:all	false		true
getrandom	0.3.4	zenoh-protocol	1.7.2	zenoh-config	1.7.2	normal:all	false		true
getrandom	0.3.4	zenoh-protocol	1.7.2	zenoh-link	1.7.2	normal:all	false		true
getrandom	0.3.4	zenoh-protocol	1.7.2	zenoh-link-commons	1.7.2	normal:all	false		true
getrandom	0.3.4	zenoh-protocol	1.7.2	zenoh-link-quic	1.7.2	normal:all	false		true
getrandom	0.3.4	zenoh-protocol	1.7.2	zenoh-link-quic_datagram	1.7.2	normal:all	false		true
getrandom	0.3.4	zenoh-protocol	1.7.2	zenoh-link-tcp	1.7.2	normal:all	false		true
getrandom	0.3.4	zenoh-protocol	1.7.2	zenoh-link-tls	1.7.2	normal:all	false		true
getrandom	0.3.4	zenoh-protocol	1.7.2	zenoh-link-udp	1.7.2	normal:all	false		true
getrandom	0.3.4	zenoh-protocol	1.7.2	zenoh-link-unixsock_stream	1.7.2	normal:all	false		true
getrandom	0.3.4	zenoh-protocol	1.7.2	zenoh-link-ws	1.7.2	normal:all	false		true
getrandom	0.3.4	zenoh-protocol	1.7.2	zenoh-transport	1.7.2	normal:all	false		true
getrandom	0.3.4	zenoh-runtime	1.7.2	zenoh	1.7.2	normal:all	false		true
getrandom	0.3.4	zenoh-runtime	1.7.2	zenoh-core	1.7.2	normal:all	false		true
getrandom	0.3.4	zenoh-runtime	1.7.2	zenoh-link-commons	1.7.2	normal:all	false		true
getrandom	0.3.4	zenoh-runtime	1.7.2	zenoh-link-tls	1.7.2	normal:all	false		true
getrandom	0.3.4	zenoh-runtime	1.7.2	zenoh-link-unixsock_stream	1.7.2	normal:all	false		true
getrandom	0.3.4	zenoh-runtime	1.7.2	zenoh-link-ws	1.7.2	normal:all	false		true
getrandom	0.3.4	zenoh-runtime	1.7.2	zenoh-task	1.7.2	normal:all	false		true
getrandom	0.3.4	zenoh-runtime	1.7.2	zenoh-transport	1.7.2	normal:all	false		true
getrandom	0.3.4	zenoh-sync	1.7.2	zenoh	1.7.2	normal:all	false		true
getrandom	0.3.4	zenoh-sync	1.7.2	zenoh-link-udp	1.7.2	normal:all	false		true
getrandom	0.3.4	zenoh-sync	1.7.2	zenoh-transport	1.7.2	normal:all	false		true
getrandom	0.3.4	zenoh-task	1.7.2	zenoh	1.7.2	normal:all	false		true
getrandom	0.3.4	zenoh-task	1.7.2	zenoh-transport	1.7.2	normal:all	false		true
getrandom	0.3.4	zenoh-transport	1.7.2	zenoh	1.7.2	normal:all	false		true
getrandom	0.3.4	zenoh-util	1.7.2	zenoh	1.7.2	normal:all	false		true
getrandom	0.3.4	zenoh-util	1.7.2	zenoh-config	1.7.2	normal:all	false		true
getrandom	0.3.4	zenoh-util	1.7.2	zenoh-link-commons	1.7.2	normal:all	false		true
getrandom	0.3.4	zenoh-util	1.7.2	zenoh-link-quic	1.7.2	normal:all	false		true
getrandom	0.3.4	zenoh-util	1.7.2	zenoh-link-quic_datagram	1.7.2	normal:all	false		true
getrandom	0.3.4	zenoh-util	1.7.2	zenoh-link-udp	1.7.2	normal:all	false		true
getrandom	0.3.4	zenoh-util	1.7.2	zenoh-link-ws	1.7.2	normal:all	false		true
getrandom	0.3.4	zenoh-util	1.7.2	zenoh-plugin-trait	1.7.2	normal:all	false		true
getrandom	0.3.4	zenoh-util	1.7.2	zenoh-transport	1.7.2	normal:all	false		true
getrandom	0.3.4	zstd	0.13.3	sentinel-console-plane	0.1.0	normal:all	true		true
getrandom	0.3.4	zstd	0.13.3	sentinel-dashboard-backend	0.1.0	normal:all	true	A	true
getrandom	0.3.4	zstd	0.13.3	sentinel-fs	0.1.0	normal:all	true		true
getrandom	0.3.4	zstd	0.13.3	wasmtime-internal-cache	45.0.3	normal:all	false		true
getrandom	0.3.4	zstd-safe	7.2.4	zstd	0.13.3	normal:all	false		true
getrandom	0.3.4	zstd-sys	2.0.16+zstd.1.5.7	zstd-safe	7.2.4	normal:all	false		true
getrandom	0.4.1	bevy_ecs	0.18.1	sentinel-common	0.1.0	normal:all	true		true
getrandom	0.4.1	bevy_ecs	0.18.1	sentinel-daemon	0.1.0	normal:all	true	A	true
getrandom	0.4.1	bevy_ecs	0.18.1	sentinel-ecs	0.1.0	normal:all	true		true
getrandom	0.4.1	bevy_ecs	0.18.1	sentinel-runtime	0.1.0	normal:all	true		true
getrandom	0.4.1	bevy_reflect	0.18.0	bevy_ecs	0.18.1	normal:all	false		true
getrandom	0.4.1	bevy_reflect_derive	0.18.0	bevy_reflect	0.18.0	normal:all	false		true
getrandom	0.4.1	debugid	0.8.0	fxprof-processed-profile	0.8.1	normal:all	false		true
getrandom	0.4.1	fxprof-processed-profile	0.8.1	wasmtime	45.0.3	normal:all	false		true
getrandom	0.4.1	getrandom	0.4.1	rand	0.10.1	normal:all	false		true
getrandom	0.4.1	getrandom	0.4.1	tempfile	3.27.0	"normal:cfg(any(unix, windows, target_os = ""wasi""))"	false		true
getrandom	0.4.1	getrandom	0.4.1	uuid	1.22.0	"normal:cfg(not(all(target_arch = ""wasm32"", any(target_os = ""unknown"", target_os = ""none""))))"	false		true
getrandom	0.4.1	insta	1.46.3	sentinel-ecs	0.1.0	dev:all	true		true
getrandom	0.4.1	insta	1.46.3	sentinel-physics	0.1.0	dev:all	true		true
getrandom	0.4.1	rand	0.10.1	wasmtime-wasi	45.0.3	normal:all	false		true
getrandom	0.4.1	sentinel-bio	0.1.0	sentinel-ecs	0.1.0	normal:all	true		true
getrandom	0.4.1	sentinel-cluster-control	0.1.0	sentinel-daemon	0.1.0	normal:all	true	A	true
getrandom	0.4.1	sentinel-common	0.1.0	sentinel-bio	0.1.0	normal:all	true		true
getrandom	0.4.1	sentinel-common	0.1.0	sentinel-cluster-control	0.1.0	normal:all	true		true
getrandom	0.4.1	sentinel-common	0.1.0	sentinel-daemon	0.1.0	normal:all	true	A	true
getrandom	0.4.1	sentinel-common	0.1.0	sentinel-dashboard-backend	0.1.0	normal:all	true	A	true
getrandom	0.4.1	sentinel-common	0.1.0	sentinel-ebpf	0.1.0	normal:all	true		true
getrandom	0.4.1	sentinel-common	0.1.0	sentinel-ecs	0.1.0	dev:all;normal:all	true		true
getrandom	0.4.1	sentinel-common	0.1.0	sentinel-fs	0.1.0	normal:all	true		true
getrandom	0.4.1	sentinel-common	0.1.0	sentinel-gaia	0.1.0	normal:all	true	B	true
getrandom	0.4.1	sentinel-common	0.1.0	sentinel-gaia-loop	0.1.0	normal:all	true	A	true
getrandom	0.4.1	sentinel-common	0.1.0	sentinel-hippocampus	0.1.0	normal:all	true		true
getrandom	0.4.1	sentinel-common	0.1.0	sentinel-limbo	0.1.0	normal:all	true		true
getrandom	0.4.1	sentinel-common	0.1.0	sentinel-microvm	0.1.0	dev:all;normal:all	true		true
getrandom	0.4.1	sentinel-common	0.1.0	sentinel-nightrun	0.1.0	normal:all	true	C	true
getrandom	0.4.1	sentinel-common	0.1.0	sentinel-physics	0.1.0	normal:all	true		true
getrandom	0.4.1	sentinel-common	0.1.0	sentinel-projection	0.1.0	normal:all	true		true
getrandom	0.4.1	sentinel-common	0.1.0	sentinel-projection-service	0.1.0	normal:all	true	A	true
getrandom	0.4.1	sentinel-common	0.1.0	sentinel-redb	0.1.0	normal:all	true		true
getrandom	0.4.1	sentinel-common	0.1.0	sentinel-runtime	0.1.0	dev:all;normal:all	true		true
getrandom	0.4.1	sentinel-common	0.1.0	sentinel-sandbox	0.1.0	dev:all;normal:all	true		true
getrandom	0.4.1	sentinel-common	0.1.0	sentinel-telemetry	0.1.0	normal:all	true		true
getrandom	0.4.1	sentinel-common	0.1.0	sentinel-wasm	0.1.0	dev:all;normal:all	true		true
getrandom	0.4.1	sentinel-common	0.1.0	sentinel-zenoh	0.1.0	dev:all;normal:all	true		true
getrandom	0.4.1	sentinel-console-plane	0.1.0	sentinel-dashboard-backend	0.1.0	normal:all	true	A	true
getrandom	0.4.1	sentinel-ebpf	0.1.0	sentinel-daemon	0.1.0	normal:all	true	A	true
getrandom	0.4.1	sentinel-ecs	0.1.0	sentinel-daemon	0.1.0	normal:all	true	A	true
getrandom	0.4.1	sentinel-ecs	0.1.0	sentinel-runtime	0.1.0	normal:all	true		true
getrandom	0.4.1	sentinel-fs	0.1.0	sentinel-console-plane	0.1.0	normal:all	true		true
getrandom	0.4.1	sentinel-fs	0.1.0	sentinel-daemon	0.1.0	normal:all	true	A	true
getrandom	0.4.1	sentinel-fs	0.1.0	sentinel-microvm	0.1.0	normal:all	true		true
getrandom	0.4.1	sentinel-fs	0.1.0	sentinel-sandbox	0.1.0	normal:all	true		true
getrandom	0.4.1	sentinel-gaia	0.1.0	sentinel-dashboard-backend	0.1.0	normal:all	true	A	true
getrandom	0.4.1	sentinel-gaia-loop	0.1.0	sentinel-dashboard-backend	0.1.0	normal:all	true	A	true
getrandom	0.4.1	sentinel-hippocampus	0.1.0	sentinel-daemon	0.1.0	normal:all	true	A	true
getrandom	0.4.1	sentinel-hippocampus	0.1.0	sentinel-gaia-memory	0.1.0	normal:all	true		true
getrandom	0.4.1	sentinel-hippocampus	0.1.0	sentinel-nightrun	0.1.0	normal:all	true	C	true
getrandom	0.4.1	sentinel-limbo	0.1.0	sentinel-daemon	0.1.0	normal:all	true	A	true
getrandom	0.4.1	sentinel-limbo	0.1.0	sentinel-dashboard-backend	0.1.0	normal:all	true	A	true
getrandom	0.4.1	sentinel-limbo	0.1.0	sentinel-ecs	0.1.0	normal:all	true		true
getrandom	0.4.1	sentinel-limbo	0.1.0	sentinel-gaia-loop	0.1.0	normal:all	true	A	true
getrandom	0.4.1	sentinel-limbo	0.1.0	sentinel-gaia-memory	0.1.0	dev:all	true		true
getrandom	0.4.1	sentinel-limbo	0.1.0	sentinel-nightrun	0.1.0	normal:all	true	C	true
getrandom	0.4.1	sentinel-limbo	0.1.0	sentinel-projection	0.1.0	normal:all	true		true
getrandom	0.4.1	sentinel-limbo	0.1.0	sentinel-projection-service	0.1.0	normal:all	true	A	true
getrandom	0.4.1	sentinel-limbo	0.1.0	sentinel-runtime	0.1.0	dev:all;normal:all	true		true
getrandom	0.4.1	sentinel-physics	0.1.0	sentinel-ecs	0.1.0	normal:all	true		true
getrandom	0.4.1	sentinel-physics	0.1.0	sentinel-projection	0.1.0	normal:all	true		true
getrandom	0.4.1	sentinel-projection	0.1.0	sentinel-daemon	0.1.0	normal:all	true	A	true
getrandom	0.4.1	sentinel-projection	0.1.0	sentinel-dashboard-backend	0.1.0	normal:all	true	A	true
getrandom	0.4.1	sentinel-projection	0.1.0	sentinel-gaia-memory	0.1.0	dev:all	true		true
getrandom	0.4.1	sentinel-projection	0.1.0	sentinel-projection-service	0.1.0	normal:all	true	A	true
getrandom	0.4.1	sentinel-redb	0.1.0	sentinel-daemon	0.1.0	normal:all	true	A	true
getrandom	0.4.1	sentinel-redb	0.1.0	sentinel-ecs	0.1.0	normal:all	true		true
getrandom	0.4.1	sentinel-runtime	0.1.0	sentinel-daemon	0.1.0	normal:all	true	A	true
getrandom	0.4.1	sentinel-sandbox	0.1.0	sentinel-daemon	0.1.0	normal:all	true	A	true
getrandom	0.4.1	sentinel-telemetry	0.1.0	sentinel-daemon	0.1.0	normal:all	true	A	true
getrandom	0.4.1	sentinel-telemetry	0.1.0	sentinel-ecs	0.1.0	dev:all	true		true
getrandom	0.4.1	sentinel-telemetry	0.1.0	sentinel-fs	0.1.0	normal:all	true		true
getrandom	0.4.1	sentinel-telemetry	0.1.0	sentinel-limbo	0.1.0	normal:all	true		true
getrandom	0.4.1	sentinel-telemetry	0.1.0	sentinel-nightrun	0.1.0	normal:all	true	C	true
getrandom	0.4.1	sentinel-telemetry	0.1.0	sentinel-projection	0.1.0	normal:all	true		true
getrandom	0.4.1	sentinel-telemetry	0.1.0	sentinel-projection-service	0.1.0	normal:all	true	A	true
getrandom	0.4.1	sentinel-telemetry	0.1.0	sentinel-redb	0.1.0	normal:all	true		true
getrandom	0.4.1	sentinel-telemetry	0.1.0	sentinel-zenoh	0.1.0	normal:all	true		true
getrandom	0.4.1	sentinel-wasm	0.1.0	sentinel-daemon	0.1.0	normal:all	true	A	true
getrandom	0.4.1	sentinel-wasm	0.1.0	sentinel-ecs	0.1.0	normal:all	true		true
getrandom	0.4.1	sentinel-zenoh	0.1.0	sentinel-daemon	0.1.0	normal:all	true	A	true
getrandom	0.4.1	sentinel-zenoh	0.1.0	sentinel-sandbox	0.1.0	normal:all	true		true
getrandom	0.4.1	tempfile	3.27.0	insta	1.46.3	normal:all	false		true
getrandom	0.4.1	tempfile	3.27.0	sentinel-cluster-control	0.1.0	dev:all	true		true
getrandom	0.4.1	tempfile	3.27.0	sentinel-common	0.1.0	dev:all	true		true
getrandom	0.4.1	tempfile	3.27.0	sentinel-daemon	0.1.0	dev:all	true	A	true
getrandom	0.4.1	tempfile	3.27.0	sentinel-dashboard-backend	0.1.0	dev:all	true	A	true
getrandom	0.4.1	tempfile	3.27.0	sentinel-ecs	0.1.0	dev:all	true		true
getrandom	0.4.1	tempfile	3.27.0	sentinel-fs	0.1.0	dev:all	true		true
getrandom	0.4.1	tempfile	3.27.0	sentinel-gaia	0.1.0	dev:all	true	B	true
getrandom	0.4.1	tempfile	3.27.0	sentinel-gaia-loop	0.1.0	dev:all	true	A	true
getrandom	0.4.1	tempfile	3.27.0	sentinel-gaia-memory	0.1.0	dev:all	true		true
getrandom	0.4.1	tempfile	3.27.0	sentinel-hippocampus	0.1.0	dev:all	true		true
getrandom	0.4.1	tempfile	3.27.0	sentinel-limbo	0.1.0	dev:all	true		true
getrandom	0.4.1	tempfile	3.27.0	sentinel-microvm	0.1.0	dev:all	true		true
getrandom	0.4.1	tempfile	3.27.0	sentinel-nightrun	0.1.0	dev:all	true	C	true
getrandom	0.4.1	tempfile	3.27.0	sentinel-projection	0.1.0	dev:all	true		true
getrandom	0.4.1	tempfile	3.27.0	sentinel-redb	0.1.0	dev:all	true		true
getrandom	0.4.1	tempfile	3.27.0	sentinel-runtime	0.1.0	dev:all	true		true
getrandom	0.4.1	tempfile	3.27.0	sentinel-sandbox	0.1.0	dev:all	true		true
getrandom	0.4.1	tempfile	3.27.0	sentinel-wasm	0.1.0	dev:all	true		true
getrandom	0.4.1	tempfile	3.27.0	wasmtime	45.0.3	normal:all	false		true
getrandom	0.4.1	uuid	1.22.0	bevy_reflect_derive	0.18.0	"normal:cfg(target_arch = ""wasm32"")"	false		true
getrandom	0.4.1	uuid	1.22.0	debugid	0.8.0	normal:all	false		true
getrandom	0.4.1	uuid	1.22.0	sentinel-cluster-control	0.1.0	normal:all	true		true
getrandom	0.4.1	uuid	1.22.0	sentinel-common	0.1.0	normal:all	true		true
getrandom	0.4.1	uuid	1.22.0	sentinel-daemon	0.1.0	normal:all	true	A	true
getrandom	0.4.1	uuid	1.22.0	sentinel-dashboard-backend	0.1.0	normal:all	true	A	true
getrandom	0.4.1	uuid	1.22.0	sentinel-ecs	0.1.0	normal:all	true		true
getrandom	0.4.1	uuid	1.22.0	sentinel-fs	0.1.0	normal:all	true		true
getrandom	0.4.1	uuid	1.22.0	sentinel-gaia-loop	0.1.0	normal:all	true	A	true
getrandom	0.4.1	uuid	1.22.0	sentinel-gaia-memory	0.1.0	normal:all	true		true
getrandom	0.4.1	uuid	1.22.0	sentinel-limbo	0.1.0	normal:all	true		true
getrandom	0.4.1	uuid	1.22.0	sentinel-nightrun	0.1.0	normal:all	true	C	true
getrandom	0.4.1	uuid	1.22.0	sentinel-projection	0.1.0	normal:all	true		true
getrandom	0.4.1	uuid	1.22.0	sentinel-redb	0.1.0	dev:all	true		true
getrandom	0.4.1	uuid	1.22.0	sentinel-runtime	0.1.0	normal:all	true		true
getrandom	0.4.1	uuid	1.22.0	sentinel-telemetry	0.1.0	normal:all	true		true
getrandom	0.4.1	uuid	1.22.0	sentinel-zenoh	0.1.0	dev:all;normal:all	true		true
getrandom	0.4.1	uuid	1.22.0	zenoh-link-unixsock_stream	1.7.2	normal:all	false		true
getrandom	0.4.1	wasmtime	45.0.3	sentinel-wasm	0.1.0	normal:all	true		true
getrandom	0.4.1	wasmtime	45.0.3	wasmtime-wasi	45.0.3	normal:all	false		true
getrandom	0.4.1	wasmtime	45.0.3	wasmtime-wasi-io	45.0.3	normal:all	false		true
getrandom	0.4.1	wasmtime	45.0.3	wiggle	45.0.3	normal:all	false		true
getrandom	0.4.1	wasmtime-wasi	45.0.3	sentinel-wasm	0.1.0	normal:all	true		true
getrandom	0.4.1	wasmtime-wasi-io	45.0.3	wasmtime-wasi	45.0.3	normal:all	false		true
getrandom	0.4.1	wiggle	45.0.3	wasmtime-wasi	45.0.3	normal:all	false		true
getrandom	0.4.1	zenoh	1.7.2	sentinel-zenoh	0.1.0	normal:all	true		true
getrandom	0.4.1	zenoh-link	1.7.2	zenoh	1.7.2	normal:all	false		true
getrandom	0.4.1	zenoh-link	1.7.2	zenoh-transport	1.7.2	normal:all	false		true
getrandom	0.4.1	zenoh-link-unixsock_stream	1.7.2	zenoh-link	1.7.2	normal:all	false		true
getrandom	0.4.1	zenoh-transport	1.7.2	zenoh	1.7.2	normal:all	false		true
hashbrown	0.12.3	hashbrown	0.12.3	indexmap	1.9.3	normal:all	false		false
hashbrown	0.12.3	indexmap	1.9.3	serde_with	3.17.0	normal:all	false		false
hashbrown	0.12.3	sentinel-sandbox	0.1.0	sentinel-daemon	0.1.0	normal:all	true	A	true
hashbrown	0.12.3	sentinel-zenoh	0.1.0	sentinel-daemon	0.1.0	normal:all	true	A	true
hashbrown	0.12.3	sentinel-zenoh	0.1.0	sentinel-sandbox	0.1.0	normal:all	true		true
hashbrown	0.12.3	serde_with	3.17.0	zenoh-config	1.7.2	normal:all	false		true
hashbrown	0.12.3	zenoh	1.7.2	sentinel-zenoh	0.1.0	normal:all	true		true
hashbrown	0.12.3	zenoh-config	1.7.2	zenoh	1.7.2	normal:all	false		true
hashbrown	0.12.3	zenoh-config	1.7.2	zenoh-link	1.7.2	normal:all	false		true
hashbrown	0.12.3	zenoh-config	1.7.2	zenoh-link-commons	1.7.2	normal:all	false		true
hashbrown	0.12.3	zenoh-config	1.7.2	zenoh-link-quic	1.7.2	normal:all	false		true
hashbrown	0.12.3	zenoh-config	1.7.2	zenoh-link-tcp	1.7.2	normal:all	false		true
hashbrown	0.12.3	zenoh-config	1.7.2	zenoh-link-tls	1.7.2	normal:all	false		true
hashbrown	0.12.3	zenoh-config	1.7.2	zenoh-plugin-trait	1.7.2	normal:all	false		true
hashbrown	0.12.3	zenoh-config	1.7.2	zenoh-transport	1.7.2	normal:all	false		true
hashbrown	0.12.3	zenoh-link	1.7.2	zenoh	1.7.2	normal:all	false		true
hashbrown	0.12.3	zenoh-link	1.7.2	zenoh-transport	1.7.2	normal:all	false		true
hashbrown	0.12.3	zenoh-link-commons	1.7.2	zenoh	1.7.2	normal:all	false		true
hashbrown	0.12.3	zenoh-link-commons	1.7.2	zenoh-link	1.7.2	normal:all	false		true
hashbrown	0.12.3	zenoh-link-commons	1.7.2	zenoh-link-quic	1.7.2	normal:all	false		true
hashbrown	0.12.3	zenoh-link-commons	1.7.2	zenoh-link-quic_datagram	1.7.2	normal:all	false		true
hashbrown	0.12.3	zenoh-link-commons	1.7.2	zenoh-link-tcp	1.7.2	normal:all	false		true
hashbrown	0.12.3	zenoh-link-commons	1.7.2	zenoh-link-tls	1.7.2	normal:all	false		true
hashbrown	0.12.3	zenoh-link-commons	1.7.2	zenoh-link-udp	1.7.2	normal:all	false		true
hashbrown	0.12.3	zenoh-link-commons	1.7.2	zenoh-link-unixsock_stream	1.7.2	normal:all	false		true
hashbrown	0.12.3	zenoh-link-commons	1.7.2	zenoh-link-ws	1.7.2	normal:all	false		true
hashbrown	0.12.3	zenoh-link-commons	1.7.2	zenoh-transport	1.7.2	normal:all	false		true
hashbrown	0.12.3	zenoh-link-quic	1.7.2	zenoh-link	1.7.2	normal:all	false		true
hashbrown	0.12.3	zenoh-link-quic_datagram	1.7.2	zenoh-link	1.7.2	normal:all	false		true
hashbrown	0.12.3	zenoh-link-tcp	1.7.2	zenoh-link	1.7.2	normal:all	false		true
hashbrown	0.12.3	zenoh-link-tls	1.7.2	zenoh-link	1.7.2	normal:all	false		true
hashbrown	0.12.3	zenoh-link-udp	1.7.2	zenoh-link	1.7.2	normal:all	false		true
hashbrown	0.12.3	zenoh-link-unixsock_stream	1.7.2	zenoh-link	1.7.2	normal:all	false		true
hashbrown	0.12.3	zenoh-link-ws	1.7.2	zenoh-link	1.7.2	normal:all	false		true
hashbrown	0.12.3	zenoh-plugin-trait	1.7.2	zenoh	1.7.2	normal:all	false		true
hashbrown	0.12.3	zenoh-transport	1.7.2	zenoh	1.7.2	normal:all	false		true
hashbrown	0.14.5	hashbrown	0.14.5	keyed-set	1.1.0	normal:all	false		true
hashbrown	0.14.5	keyed-set	1.1.0	zenoh-keyexpr	1.7.2	normal:all	false		true
hashbrown	0.14.5	sentinel-sandbox	0.1.0	sentinel-daemon	0.1.0	normal:all	true	A	true
hashbrown	0.14.5	sentinel-zenoh	0.1.0	sentinel-daemon	0.1.0	normal:all	true	A	true
hashbrown	0.14.5	sentinel-zenoh	0.1.0	sentinel-sandbox	0.1.0	normal:all	true		true
hashbrown	0.14.5	zenoh	1.7.2	sentinel-zenoh	0.1.0	normal:all	true		true
hashbrown	0.14.5	zenoh-codec	1.7.2	zenoh	1.7.2	normal:all	false		true
hashbrown	0.14.5	zenoh-codec	1.7.2	zenoh-link-commons	1.7.2	normal:all	false		true
hashbrown	0.14.5	zenoh-codec	1.7.2	zenoh-transport	1.7.2	normal:all	false		true
hashbrown	0.14.5	zenoh-config	1.7.2	zenoh	1.7.2	normal:all	false		true
hashbrown	0.14.5	zenoh-config	1.7.2	zenoh-link	1.7.2	normal:all	false		true
hashbrown	0.14.5	zenoh-config	1.7.2	zenoh-link-commons	1.7.2	normal:all	false		true
hashbrown	0.14.5	zenoh-config	1.7.2	zenoh-link-quic	1.7.2	normal:all	false		true
hashbrown	0.14.5	zenoh-config	1.7.2	zenoh-link-tcp	1.7.2	normal:all	false		true
hashbrown	0.14.5	zenoh-config	1.7.2	zenoh-link-tls	1.7.2	normal:all	false		true
hashbrown	0.14.5	zenoh-config	1.7.2	zenoh-plugin-trait	1.7.2	normal:all	false		true
hashbrown	0.14.5	zenoh-config	1.7.2	zenoh-transport	1.7.2	normal:all	false		true
hashbrown	0.14.5	zenoh-core	1.7.2	zenoh	1.7.2	normal:all	false		true
hashbrown	0.14.5	zenoh-core	1.7.2	zenoh-config	1.7.2	normal:all	false		true
hashbrown	0.14.5	zenoh-core	1.7.2	zenoh-link-commons	1.7.2	normal:all	false		true
hashbrown	0.14.5	zenoh-core	1.7.2	zenoh-link-quic	1.7.2	normal:all	false		true
hashbrown	0.14.5	zenoh-core	1.7.2	zenoh-link-quic_datagram	1.7.2	normal:all	false		true
hashbrown	0.14.5	zenoh-core	1.7.2	zenoh-link-tcp	1.7.2	normal:all	false		true
hashbrown	0.14.5	zenoh-core	1.7.2	zenoh-link-tls	1.7.2	normal:all	false		true
hashbrown	0.14.5	zenoh-core	1.7.2	zenoh-link-udp	1.7.2	normal:all	false		true
hashbrown	0.14.5	zenoh-core	1.7.2	zenoh-link-unixsock_stream	1.7.2	normal:all	false		true
hashbrown	0.14.5	zenoh-core	1.7.2	zenoh-link-ws	1.7.2	normal:all	false		true
hashbrown	0.14.5	zenoh-core	1.7.2	zenoh-sync	1.7.2	normal:all	false		true
hashbrown	0.14.5	zenoh-core	1.7.2	zenoh-task	1.7.2	normal:all	false		true
hashbrown	0.14.5	zenoh-core	1.7.2	zenoh-transport	1.7.2	normal:all	false		true
hashbrown	0.14.5	zenoh-core	1.7.2	zenoh-util	1.7.2	normal:all	false		true
hashbrown	0.14.5	zenoh-keyexpr	1.7.2	zenoh	1.7.2	normal:all	false		true
hashbrown	0.14.5	zenoh-keyexpr	1.7.2	zenoh-config	1.7.2	normal:all	false		true
hashbrown	0.14.5	zenoh-keyexpr	1.7.2	zenoh-macros	1.7.2	normal:all	false		true
hashbrown	0.14.5	zenoh-keyexpr	1.7.2	zenoh-plugin-trait	1.7.2	normal:all	false		true
hashbrown	0.14.5	zenoh-keyexpr	1.7.2	zenoh-protocol	1.7.2	normal:all	false		true
hashbrown	0.14.5	zenoh-link	1.7.2	zenoh	1.7.2	normal:all	false		true
hashbrown	0.14.5	zenoh-link	1.7.2	zenoh-transport	1.7.2	normal:all	false		true
hashbrown	0.14.5	zenoh-link-commons	1.7.2	zenoh	1.7.2	normal:all	false		true
hashbrown	0.14.5	zenoh-link-commons	1.7.2	zenoh-link	1.7.2	normal:all	false		true
hashbrown	0.14.5	zenoh-link-commons	1.7.2	zenoh-link-quic	1.7.2	normal:all	false		true
hashbrown	0.14.5	zenoh-link-commons	1.7.2	zenoh-link-quic_datagram	1.7.2	normal:all	false		true
hashbrown	0.14.5	zenoh-link-commons	1.7.2	zenoh-link-tcp	1.7.2	normal:all	false		true
hashbrown	0.14.5	zenoh-link-commons	1.7.2	zenoh-link-tls	1.7.2	normal:all	false		true
hashbrown	0.14.5	zenoh-link-commons	1.7.2	zenoh-link-udp	1.7.2	normal:all	false		true
hashbrown	0.14.5	zenoh-link-commons	1.7.2	zenoh-link-unixsock_stream	1.7.2	normal:all	false		true
hashbrown	0.14.5	zenoh-link-commons	1.7.2	zenoh-link-ws	1.7.2	normal:all	false		true
hashbrown	0.14.5	zenoh-link-commons	1.7.2	zenoh-transport	1.7.2	normal:all	false		true
hashbrown	0.14.5	zenoh-link-quic	1.7.2	zenoh-link	1.7.2	normal:all	false		true
hashbrown	0.14.5	zenoh-link-quic_datagram	1.7.2	zenoh-link	1.7.2	normal:all	false		true
hashbrown	0.14.5	zenoh-link-tcp	1.7.2	zenoh-link	1.7.2	normal:all	false		true
hashbrown	0.14.5	zenoh-link-tls	1.7.2	zenoh-link	1.7.2	normal:all	false		true
hashbrown	0.14.5	zenoh-link-udp	1.7.2	zenoh-link	1.7.2	normal:all	false		true
hashbrown	0.14.5	zenoh-link-unixsock_stream	1.7.2	zenoh-link	1.7.2	normal:all	false		true
hashbrown	0.14.5	zenoh-link-ws	1.7.2	zenoh-link	1.7.2	normal:all	false		true
hashbrown	0.14.5	zenoh-macros	1.7.2	zenoh	1.7.2	normal:all	false		true
hashbrown	0.14.5	zenoh-macros	1.7.2	zenoh-config	1.7.2	normal:all	false		true
hashbrown	0.14.5	zenoh-macros	1.7.2	zenoh-plugin-trait	1.7.2	normal:all	false		true
hashbrown	0.14.5	zenoh-macros	1.7.2	zenoh-runtime	1.7.2	normal:all	false		true
hashbrown	0.14.5	zenoh-plugin-trait	1.7.2	zenoh	1.7.2	normal:all	false		true
hashbrown	0.14.5	zenoh-protocol	1.7.2	zenoh	1.7.2	normal:all	false		true
hashbrown	0.14.5	zenoh-protocol	1.7.2	zenoh-codec	1.7.2	normal:all	false		true
hashbrown	0.14.5	zenoh-protocol	1.7.2	zenoh-config	1.7.2	normal:all	false		true
hashbrown	0.14.5	zenoh-protocol	1.7.2	zenoh-link	1.7.2	normal:all	false		true
hashbrown	0.14.5	zenoh-protocol	1.7.2	zenoh-link-commons	1.7.2	normal:all	false		true
hashbrown	0.14.5	zenoh-protocol	1.7.2	zenoh-link-quic	1.7.2	normal:all	false		true
hashbrown	0.14.5	zenoh-protocol	1.7.2	zenoh-link-quic_datagram	1.7.2	normal:all	false		true
hashbrown	0.14.5	zenoh-protocol	1.7.2	zenoh-link-tcp	1.7.2	normal:all	false		true
hashbrown	0.14.5	zenoh-protocol	1.7.2	zenoh-link-tls	1.7.2	normal:all	false		true
hashbrown	0.14.5	zenoh-protocol	1.7.2	zenoh-link-udp	1.7.2	normal:all	false		true
hashbrown	0.14.5	zenoh-protocol	1.7.2	zenoh-link-unixsock_stream	1.7.2	normal:all	false		true
hashbrown	0.14.5	zenoh-protocol	1.7.2	zenoh-link-ws	1.7.2	normal:all	false		true
hashbrown	0.14.5	zenoh-protocol	1.7.2	zenoh-transport	1.7.2	normal:all	false		true
hashbrown	0.14.5	zenoh-runtime	1.7.2	zenoh	1.7.2	normal:all	false		true
hashbrown	0.14.5	zenoh-runtime	1.7.2	zenoh-core	1.7.2	normal:all	false		true
hashbrown	0.14.5	zenoh-runtime	1.7.2	zenoh-link-commons	1.7.2	normal:all	false		true
hashbrown	0.14.5	zenoh-runtime	1.7.2	zenoh-link-tls	1.7.2	normal:all	false		true
hashbrown	0.14.5	zenoh-runtime	1.7.2	zenoh-link-unixsock_stream	1.7.2	normal:all	false		true
hashbrown	0.14.5	zenoh-runtime	1.7.2	zenoh-link-ws	1.7.2	normal:all	false		true
hashbrown	0.14.5	zenoh-runtime	1.7.2	zenoh-task	1.7.2	normal:all	false		true
hashbrown	0.14.5	zenoh-runtime	1.7.2	zenoh-transport	1.7.2	normal:all	false		true
hashbrown	0.14.5	zenoh-sync	1.7.2	zenoh	1.7.2	normal:all	false		true
hashbrown	0.14.5	zenoh-sync	1.7.2	zenoh-link-udp	1.7.2	normal:all	false		true
hashbrown	0.14.5	zenoh-sync	1.7.2	zenoh-transport	1.7.2	normal:all	false		true
hashbrown	0.14.5	zenoh-task	1.7.2	zenoh	1.7.2	normal:all	false		true
hashbrown	0.14.5	zenoh-task	1.7.2	zenoh-transport	1.7.2	normal:all	false		true
hashbrown	0.14.5	zenoh-transport	1.7.2	zenoh	1.7.2	normal:all	false		true
hashbrown	0.14.5	zenoh-util	1.7.2	zenoh	1.7.2	normal:all	false		true
hashbrown	0.14.5	zenoh-util	1.7.2	zenoh-config	1.7.2	normal:all	false		true
hashbrown	0.14.5	zenoh-util	1.7.2	zenoh-link-commons	1.7.2	normal:all	false		true
hashbrown	0.14.5	zenoh-util	1.7.2	zenoh-link-quic	1.7.2	normal:all	false		true
hashbrown	0.14.5	zenoh-util	1.7.2	zenoh-link-quic_datagram	1.7.2	normal:all	false		true
hashbrown	0.14.5	zenoh-util	1.7.2	zenoh-link-udp	1.7.2	normal:all	false		true
hashbrown	0.14.5	zenoh-util	1.7.2	zenoh-link-ws	1.7.2	normal:all	false		true
hashbrown	0.14.5	zenoh-util	1.7.2	zenoh-plugin-trait	1.7.2	normal:all	false		true
hashbrown	0.14.5	zenoh-util	1.7.2	zenoh-transport	1.7.2	normal:all	false		true
hashbrown	0.15.5	hashbrown	0.15.5	petgraph	0.8.3	normal:all	false		true
hashbrown	0.15.5	petgraph	0.8.3	zenoh	1.7.2	normal:all	false		true
hashbrown	0.15.5	sentinel-sandbox	0.1.0	sentinel-daemon	0.1.0	normal:all	true	A	true
hashbrown	0.15.5	sentinel-zenoh	0.1.0	sentinel-daemon	0.1.0	normal:all	true	A	true
hashbrown	0.15.5	sentinel-zenoh	0.1.0	sentinel-sandbox	0.1.0	normal:all	true		true
hashbrown	0.15.5	zenoh	1.7.2	sentinel-zenoh	0.1.0	normal:all	true		true
hashbrown	0.16.1	addr2line	0.26.0	wasmtime	45.0.3	normal:all	false		true
hashbrown	0.16.1	aya	0.13.2	aya-log	0.2.2	normal:all	false		true
hashbrown	0.16.1	aya	0.13.2	sentinel-ebpf	0.1.0	normal:all	true		true
hashbrown	0.16.1	aya-log	0.2.2	sentinel-ebpf	0.1.0	normal:all	true		true
hashbrown	0.16.1	aya-obj	0.2.2	aya	0.13.2	normal:all	false		true
hashbrown	0.16.1	bevy_ecs	0.18.1	sentinel-common	0.1.0	normal:all	true		true
hashbrown	0.16.1	bevy_ecs	0.18.1	sentinel-daemon	0.1.0	normal:all	true	A	true
hashbrown	0.16.1	bevy_ecs	0.18.1	sentinel-ecs	0.1.0	normal:all	true		true
hashbrown	0.16.1	bevy_ecs	0.18.1	sentinel-runtime	0.1.0	normal:all	true		true
hashbrown	0.16.1	bevy_platform	0.18.0	bevy_ecs	0.18.1	normal:all	false		true
hashbrown	0.16.1	bevy_platform	0.18.0	bevy_reflect	0.18.0	normal:all	false		true
hashbrown	0.16.1	bevy_platform	0.18.0	bevy_tasks	0.18.0	normal:all	false		true
hashbrown	0.16.1	bevy_platform	0.18.0	bevy_utils	0.18.0	normal:all	false		true
hashbrown	0.16.1	bevy_reflect	0.18.0	bevy_ecs	0.18.1	normal:all	false		true
hashbrown	0.16.1	bevy_tasks	0.18.0	bevy_ecs	0.18.1	normal:all	false		true
hashbrown	0.16.1	bevy_utils	0.18.0	bevy_ecs	0.18.1	normal:all	false		true
hashbrown	0.16.1	bevy_utils	0.18.0	bevy_reflect	0.18.0	normal:all	false		true
hashbrown	0.16.1	cranelift-codegen	0.132.3	cranelift-frontend	0.132.3	normal:all	false		true
hashbrown	0.16.1	cranelift-codegen	0.132.3	cranelift-native	0.132.3	normal:all	false		true
hashbrown	0.16.1	cranelift-codegen	0.132.3	wasmtime-internal-cranelift	45.0.3	normal:all	false		true
hashbrown	0.16.1	cranelift-codegen	0.132.3	wasmtime-internal-unwinder	45.0.3	normal:all	false		true
hashbrown	0.16.1	cranelift-frontend	0.132.3	wasmtime-internal-cranelift	45.0.3	normal:all	false		true
hashbrown	0.16.1	cranelift-native	0.132.3	wasmtime-internal-cranelift	45.0.3	normal:all	false		true
hashbrown	0.16.1	gimli	0.33.0	addr2line	0.26.0	normal:all	false		true
hashbrown	0.16.1	gimli	0.33.0	cranelift-codegen	0.132.3	normal:all	false		true
hashbrown	0.16.1	gimli	0.33.0	wasmtime	45.0.3	normal:all	false		true
hashbrown	0.16.1	gimli	0.33.0	wasmtime-environ	45.0.3	normal:all	false		true
hashbrown	0.16.1	gimli	0.33.0	wasmtime-internal-cranelift	45.0.3	normal:all	false		true
hashbrown	0.16.1	hashbrown	0.16.1	aya	0.13.2	normal:all	false		true
hashbrown	0.16.1	hashbrown	0.16.1	aya-obj	0.2.2	normal:all	false		true
hashbrown	0.16.1	hashbrown	0.16.1	bevy_platform	0.18.0	normal:all	false		true
hashbrown	0.16.1	hashbrown	0.16.1	gimli	0.33.0	normal:all	false		true
hashbrown	0.16.1	hashbrown	0.16.1	hashlink	0.11.0	normal:all	false		true
hashbrown	0.16.1	hashbrown	0.16.1	object	0.38.1	normal:all	false		true
hashbrown	0.16.1	hashbrown	0.16.1	rsqlite-vfs	0.1.0	normal:all	false		true
hashbrown	0.16.1	hashbrown	0.16.1	zenoh-keyexpr	1.7.2	"normal:cfg(not(features = ""std""))"	false		true
hashbrown	0.16.1	hashlink	0.11.0	rusqlite	0.38.0	normal:all	false		true
hashbrown	0.16.1	object	0.38.1	aya	0.13.2	normal:all	false		true
hashbrown	0.16.1	object	0.38.1	aya-obj	0.2.2	normal:all	false		true
hashbrown	0.16.1	object	0.38.1	sentinel-ebpf	0.1.0	normal:all	true		true
hashbrown	0.16.1	rsqlite-vfs	0.1.0	sqlite-wasm-rs	0.5.2	normal:all	false		true
hashbrown	0.16.1	rusqlite	0.38.0	sentinel-dashboard-backend	0.1.0	normal:all	true	A	true
hashbrown	0.16.1	rusqlite	0.38.0	sentinel-gaia-memory	0.1.0	normal:all	true		true
hashbrown	0.16.1	rusqlite	0.38.0	sentinel-limbo	0.1.0	dev:all;normal:all	true		true
hashbrown	0.16.1	rusqlite	0.38.0	sentinel-nightrun	0.1.0	normal:all	true	C	true
hashbrown	0.16.1	rusqlite	0.38.0	sentinel-projection	0.1.0	normal:all	true		true
hashbrown	0.16.1	sentinel-bio	0.1.0	sentinel-ecs	0.1.0	normal:all	true		true
hashbrown	0.16.1	sentinel-cluster-control	0.1.0	sentinel-daemon	0.1.0	normal:all	true	A	true
hashbrown	0.16.1	sentinel-common	0.1.0	sentinel-bio	0.1.0	normal:all	true		true
hashbrown	0.16.1	sentinel-common	0.1.0	sentinel-cluster-control	0.1.0	normal:all	true		true
hashbrown	0.16.1	sentinel-common	0.1.0	sentinel-daemon	0.1.0	normal:all	true	A	true
hashbrown	0.16.1	sentinel-common	0.1.0	sentinel-dashboard-backend	0.1.0	normal:all	true	A	true
hashbrown	0.16.1	sentinel-common	0.1.0	sentinel-ebpf	0.1.0	normal:all	true		true
hashbrown	0.16.1	sentinel-common	0.1.0	sentinel-ecs	0.1.0	dev:all;normal:all	true		true
hashbrown	0.16.1	sentinel-common	0.1.0	sentinel-fs	0.1.0	normal:all	true		true
hashbrown	0.16.1	sentinel-common	0.1.0	sentinel-gaia	0.1.0	normal:all	true	B	true
hashbrown	0.16.1	sentinel-common	0.1.0	sentinel-gaia-loop	0.1.0	normal:all	true	A	true
hashbrown	0.16.1	sentinel-common	0.1.0	sentinel-hippocampus	0.1.0	normal:all	true		true
hashbrown	0.16.1	sentinel-common	0.1.0	sentinel-limbo	0.1.0	normal:all	true		true
hashbrown	0.16.1	sentinel-common	0.1.0	sentinel-microvm	0.1.0	dev:all;normal:all	true		true
hashbrown	0.16.1	sentinel-common	0.1.0	sentinel-nightrun	0.1.0	normal:all	true	C	true
hashbrown	0.16.1	sentinel-common	0.1.0	sentinel-physics	0.1.0	normal:all	true		true
hashbrown	0.16.1	sentinel-common	0.1.0	sentinel-projection	0.1.0	normal:all	true		true
hashbrown	0.16.1	sentinel-common	0.1.0	sentinel-projection-service	0.1.0	normal:all	true	A	true
hashbrown	0.16.1	sentinel-common	0.1.0	sentinel-redb	0.1.0	normal:all	true		true
hashbrown	0.16.1	sentinel-common	0.1.0	sentinel-runtime	0.1.0	dev:all;normal:all	true		true
hashbrown	0.16.1	sentinel-common	0.1.0	sentinel-sandbox	0.1.0	dev:all;normal:all	true		true
hashbrown	0.16.1	sentinel-common	0.1.0	sentinel-telemetry	0.1.0	normal:all	true		true
hashbrown	0.16.1	sentinel-common	0.1.0	sentinel-wasm	0.1.0	dev:all;normal:all	true		true
hashbrown	0.16.1	sentinel-common	0.1.0	sentinel-zenoh	0.1.0	dev:all;normal:all	true		true
hashbrown	0.16.1	sentinel-console-plane	0.1.0	sentinel-dashboard-backend	0.1.0	normal:all	true	A	true
hashbrown	0.16.1	sentinel-ebpf	0.1.0	sentinel-daemon	0.1.0	normal:all	true	A	true
hashbrown	0.16.1	sentinel-ecs	0.1.0	sentinel-daemon	0.1.0	normal:all	true	A	true
hashbrown	0.16.1	sentinel-ecs	0.1.0	sentinel-runtime	0.1.0	normal:all	true		true
hashbrown	0.16.1	sentinel-fs	0.1.0	sentinel-console-plane	0.1.0	normal:all	true		true
hashbrown	0.16.1	sentinel-fs	0.1.0	sentinel-daemon	0.1.0	normal:all	true	A	true
hashbrown	0.16.1	sentinel-fs	0.1.0	sentinel-microvm	0.1.0	normal:all	true		true
hashbrown	0.16.1	sentinel-fs	0.1.0	sentinel-sandbox	0.1.0	normal:all	true		true
hashbrown	0.16.1	sentinel-gaia	0.1.0	sentinel-dashboard-backend	0.1.0	normal:all	true	A	true
hashbrown	0.16.1	sentinel-gaia-loop	0.1.0	sentinel-dashboard-backend	0.1.0	normal:all	true	A	true
hashbrown	0.16.1	sentinel-hippocampus	0.1.0	sentinel-daemon	0.1.0	normal:all	true	A	true
hashbrown	0.16.1	sentinel-hippocampus	0.1.0	sentinel-gaia-memory	0.1.0	normal:all	true		true
hashbrown	0.16.1	sentinel-hippocampus	0.1.0	sentinel-nightrun	0.1.0	normal:all	true	C	true
hashbrown	0.16.1	sentinel-limbo	0.1.0	sentinel-daemon	0.1.0	normal:all	true	A	true
hashbrown	0.16.1	sentinel-limbo	0.1.0	sentinel-dashboard-backend	0.1.0	normal:all	true	A	true
hashbrown	0.16.1	sentinel-limbo	0.1.0	sentinel-ecs	0.1.0	normal:all	true		true
hashbrown	0.16.1	sentinel-limbo	0.1.0	sentinel-gaia-loop	0.1.0	normal:all	true	A	true
hashbrown	0.16.1	sentinel-limbo	0.1.0	sentinel-gaia-memory	0.1.0	dev:all	true		true
hashbrown	0.16.1	sentinel-limbo	0.1.0	sentinel-nightrun	0.1.0	normal:all	true	C	true
hashbrown	0.16.1	sentinel-limbo	0.1.0	sentinel-projection	0.1.0	normal:all	true		true
hashbrown	0.16.1	sentinel-limbo	0.1.0	sentinel-projection-service	0.1.0	normal:all	true	A	true
hashbrown	0.16.1	sentinel-limbo	0.1.0	sentinel-runtime	0.1.0	dev:all;normal:all	true		true
hashbrown	0.16.1	sentinel-physics	0.1.0	sentinel-ecs	0.1.0	normal:all	true		true
hashbrown	0.16.1	sentinel-physics	0.1.0	sentinel-projection	0.1.0	normal:all	true		true
hashbrown	0.16.1	sentinel-projection	0.1.0	sentinel-daemon	0.1.0	normal:all	true	A	true
hashbrown	0.16.1	sentinel-projection	0.1.0	sentinel-dashboard-backend	0.1.0	normal:all	true	A	true
hashbrown	0.16.1	sentinel-projection	0.1.0	sentinel-gaia-memory	0.1.0	dev:all	true		true
hashbrown	0.16.1	sentinel-projection	0.1.0	sentinel-projection-service	0.1.0	normal:all	true	A	true
hashbrown	0.16.1	sentinel-redb	0.1.0	sentinel-daemon	0.1.0	normal:all	true	A	true
hashbrown	0.16.1	sentinel-redb	0.1.0	sentinel-ecs	0.1.0	normal:all	true		true
hashbrown	0.16.1	sentinel-runtime	0.1.0	sentinel-daemon	0.1.0	normal:all	true	A	true
hashbrown	0.16.1	sentinel-sandbox	0.1.0	sentinel-daemon	0.1.0	normal:all	true	A	true
hashbrown	0.16.1	sentinel-telemetry	0.1.0	sentinel-daemon	0.1.0	normal:all	true	A	true
hashbrown	0.16.1	sentinel-telemetry	0.1.0	sentinel-ecs	0.1.0	dev:all	true		true
hashbrown	0.16.1	sentinel-telemetry	0.1.0	sentinel-fs	0.1.0	normal:all	true		true
hashbrown	0.16.1	sentinel-telemetry	0.1.0	sentinel-limbo	0.1.0	normal:all	true		true
hashbrown	0.16.1	sentinel-telemetry	0.1.0	sentinel-nightrun	0.1.0	normal:all	true	C	true
hashbrown	0.16.1	sentinel-telemetry	0.1.0	sentinel-projection	0.1.0	normal:all	true		true
hashbrown	0.16.1	sentinel-telemetry	0.1.0	sentinel-projection-service	0.1.0	normal:all	true	A	true
hashbrown	0.16.1	sentinel-telemetry	0.1.0	sentinel-redb	0.1.0	normal:all	true		true
hashbrown	0.16.1	sentinel-telemetry	0.1.0	sentinel-zenoh	0.1.0	normal:all	true		true
hashbrown	0.16.1	sentinel-wasm	0.1.0	sentinel-daemon	0.1.0	normal:all	true	A	true
hashbrown	0.16.1	sentinel-wasm	0.1.0	sentinel-ecs	0.1.0	normal:all	true		true
hashbrown	0.16.1	sentinel-zenoh	0.1.0	sentinel-daemon	0.1.0	normal:all	true	A	true
hashbrown	0.16.1	sentinel-zenoh	0.1.0	sentinel-sandbox	0.1.0	normal:all	true		true
hashbrown	0.16.1	sqlite-wasm-rs	0.5.2	rusqlite	0.38.0	"normal:cfg(all(target_family = ""wasm"", target_os = ""unknown""))"	false		true
hashbrown	0.16.1	wasmtime	45.0.3	sentinel-wasm	0.1.0	normal:all	true		true
hashbrown	0.16.1	wasmtime	45.0.3	wasmtime-wasi	45.0.3	normal:all	false		true
hashbrown	0.16.1	wasmtime	45.0.3	wasmtime-wasi-io	45.0.3	normal:all	false		true
hashbrown	0.16.1	wasmtime	45.0.3	wiggle	45.0.3	normal:all	false		true
hashbrown	0.16.1	wasmtime-environ	45.0.3	wasmtime	45.0.3	normal:all	false		true
hashbrown	0.16.1	wasmtime-environ	45.0.3	wasmtime-internal-cache	45.0.3	normal:all	false		true
hashbrown	0.16.1	wasmtime-environ	45.0.3	wasmtime-internal-cranelift	45.0.3	normal:all	false		true
hashbrown	0.16.1	wasmtime-environ	45.0.3	wasmtime-internal-fiber	45.0.3	normal:all	false		true
hashbrown	0.16.1	wasmtime-environ	45.0.3	wasmtime-internal-unwinder	45.0.3	normal:all	false		true
hashbrown	0.16.1	wasmtime-environ	45.0.3	wiggle	45.0.3	normal:all	false		true
hashbrown	0.16.1	wasmtime-environ	45.0.3	wiggle-generate	45.0.3	normal:all	false		true
hashbrown	0.16.1	wasmtime-internal-cache	45.0.3	wasmtime	45.0.3	normal:all	false		true
hashbrown	0.16.1	wasmtime-internal-cranelift	45.0.3	wasmtime	45.0.3	normal:all	false		true
hashbrown	0.16.1	wasmtime-internal-fiber	45.0.3	wasmtime	45.0.3	normal:all	false		true
hashbrown	0.16.1	wasmtime-internal-unwinder	45.0.3	wasmtime	45.0.3	normal:all	false		true
hashbrown	0.16.1	wasmtime-internal-unwinder	45.0.3	wasmtime-internal-cranelift	45.0.3	normal:all	false		true
hashbrown	0.16.1	wasmtime-wasi	45.0.3	sentinel-wasm	0.1.0	normal:all	true		true
hashbrown	0.16.1	wasmtime-wasi-io	45.0.3	wasmtime-wasi	45.0.3	normal:all	false		true
hashbrown	0.16.1	wiggle	45.0.3	wasmtime-wasi	45.0.3	normal:all	false		true
hashbrown	0.16.1	wiggle-generate	45.0.3	wiggle-macro	45.0.3	normal:all	false		true
hashbrown	0.16.1	wiggle-macro	45.0.3	wiggle	45.0.3	normal:all	false		true
hashbrown	0.16.1	zenoh	1.7.2	sentinel-zenoh	0.1.0	normal:all	true		true
hashbrown	0.16.1	zenoh-codec	1.7.2	zenoh	1.7.2	normal:all	false		true
hashbrown	0.16.1	zenoh-codec	1.7.2	zenoh-link-commons	1.7.2	normal:all	false		true
hashbrown	0.16.1	zenoh-codec	1.7.2	zenoh-transport	1.7.2	normal:all	false		true
hashbrown	0.16.1	zenoh-config	1.7.2	zenoh	1.7.2	normal:all	false		true
hashbrown	0.16.1	zenoh-config	1.7.2	zenoh-link	1.7.2	normal:all	false		true
hashbrown	0.16.1	zenoh-config	1.7.2	zenoh-link-commons	1.7.2	normal:all	false		true
hashbrown	0.16.1	zenoh-config	1.7.2	zenoh-link-quic	1.7.2	normal:all	false		true
hashbrown	0.16.1	zenoh-config	1.7.2	zenoh-link-tcp	1.7.2	normal:all	false		true
hashbrown	0.16.1	zenoh-config	1.7.2	zenoh-link-tls	1.7.2	normal:all	false		true
hashbrown	0.16.1	zenoh-config	1.7.2	zenoh-plugin-trait	1.7.2	normal:all	false		true
hashbrown	0.16.1	zenoh-config	1.7.2	zenoh-transport	1.7.2	normal:all	false		true
hashbrown	0.16.1	zenoh-core	1.7.2	zenoh	1.7.2	normal:all	false		true
hashbrown	0.16.1	zenoh-core	1.7.2	zenoh-config	1.7.2	normal:all	false		true
hashbrown	0.16.1	zenoh-core	1.7.2	zenoh-link-commons	1.7.2	normal:all	false		true
hashbrown	0.16.1	zenoh-core	1.7.2	zenoh-link-quic	1.7.2	normal:all	false		true
hashbrown	0.16.1	zenoh-core	1.7.2	zenoh-link-quic_datagram	1.7.2	normal:all	false		true
hashbrown	0.16.1	zenoh-core	1.7.2	zenoh-link-tcp	1.7.2	normal:all	false		true
hashbrown	0.16.1	zenoh-core	1.7.2	zenoh-link-tls	1.7.2	normal:all	false		true
hashbrown	0.16.1	zenoh-core	1.7.2	zenoh-link-udp	1.7.2	normal:all	false		true
hashbrown	0.16.1	zenoh-core	1.7.2	zenoh-link-unixsock_stream	1.7.2	normal:all	false		true
hashbrown	0.16.1	zenoh-core	1.7.2	zenoh-link-ws	1.7.2	normal:all	false		true
hashbrown	0.16.1	zenoh-core	1.7.2	zenoh-sync	1.7.2	normal:all	false		true
hashbrown	0.16.1	zenoh-core	1.7.2	zenoh-task	1.7.2	normal:all	false		true
hashbrown	0.16.1	zenoh-core	1.7.2	zenoh-transport	1.7.2	normal:all	false		true
hashbrown	0.16.1	zenoh-core	1.7.2	zenoh-util	1.7.2	normal:all	false		true
hashbrown	0.16.1	zenoh-keyexpr	1.7.2	zenoh	1.7.2	normal:all	false		true
hashbrown	0.16.1	zenoh-keyexpr	1.7.2	zenoh-config	1.7.2	normal:all	false		true
hashbrown	0.16.1	zenoh-keyexpr	1.7.2	zenoh-macros	1.7.2	normal:all	false		true
hashbrown	0.16.1	zenoh-keyexpr	1.7.2	zenoh-plugin-trait	1.7.2	normal:all	false		true
hashbrown	0.16.1	zenoh-keyexpr	1.7.2	zenoh-protocol	1.7.2	normal:all	false		true
hashbrown	0.16.1	zenoh-link	1.7.2	zenoh	1.7.2	normal:all	false		true
hashbrown	0.16.1	zenoh-link	1.7.2	zenoh-transport	1.7.2	normal:all	false		true
hashbrown	0.16.1	zenoh-link-commons	1.7.2	zenoh	1.7.2	normal:all	false		true
hashbrown	0.16.1	zenoh-link-commons	1.7.2	zenoh-link	1.7.2	normal:all	false		true
hashbrown	0.16.1	zenoh-link-commons	1.7.2	zenoh-link-quic	1.7.2	normal:all	false		true
hashbrown	0.16.1	zenoh-link-commons	1.7.2	zenoh-link-quic_datagram	1.7.2	normal:all	false		true
hashbrown	0.16.1	zenoh-link-commons	1.7.2	zenoh-link-tcp	1.7.2	normal:all	false		true
hashbrown	0.16.1	zenoh-link-commons	1.7.2	zenoh-link-tls	1.7.2	normal:all	false		true
hashbrown	0.16.1	zenoh-link-commons	1.7.2	zenoh-link-udp	1.7.2	normal:all	false		true
hashbrown	0.16.1	zenoh-link-commons	1.7.2	zenoh-link-unixsock_stream	1.7.2	normal:all	false		true
hashbrown	0.16.1	zenoh-link-commons	1.7.2	zenoh-link-ws	1.7.2	normal:all	false		true
hashbrown	0.16.1	zenoh-link-commons	1.7.2	zenoh-transport	1.7.2	normal:all	false		true
hashbrown	0.16.1	zenoh-link-quic	1.7.2	zenoh-link	1.7.2	normal:all	false		true
hashbrown	0.16.1	zenoh-link-quic_datagram	1.7.2	zenoh-link	1.7.2	normal:all	false		true
hashbrown	0.16.1	zenoh-link-tcp	1.7.2	zenoh-link	1.7.2	normal:all	false		true
hashbrown	0.16.1	zenoh-link-tls	1.7.2	zenoh-link	1.7.2	normal:all	false		true
hashbrown	0.16.1	zenoh-link-udp	1.7.2	zenoh-link	1.7.2	normal:all	false		true
hashbrown	0.16.1	zenoh-link-unixsock_stream	1.7.2	zenoh-link	1.7.2	normal:all	false		true
hashbrown	0.16.1	zenoh-link-ws	1.7.2	zenoh-link	1.7.2	normal:all	false		true
hashbrown	0.16.1	zenoh-macros	1.7.2	zenoh	1.7.2	normal:all	false		true
hashbrown	0.16.1	zenoh-macros	1.7.2	zenoh-config	1.7.2	normal:all	false		true
hashbrown	0.16.1	zenoh-macros	1.7.2	zenoh-plugin-trait	1.7.2	normal:all	false		true
hashbrown	0.16.1	zenoh-macros	1.7.2	zenoh-runtime	1.7.2	normal:all	false		true
hashbrown	0.16.1	zenoh-plugin-trait	1.7.2	zenoh	1.7.2	normal:all	false		true
hashbrown	0.16.1	zenoh-protocol	1.7.2	zenoh	1.7.2	normal:all	false		true
hashbrown	0.16.1	zenoh-protocol	1.7.2	zenoh-codec	1.7.2	normal:all	false		true
hashbrown	0.16.1	zenoh-protocol	1.7.2	zenoh-config	1.7.2	normal:all	false		true
hashbrown	0.16.1	zenoh-protocol	1.7.2	zenoh-link	1.7.2	normal:all	false		true
hashbrown	0.16.1	zenoh-protocol	1.7.2	zenoh-link-commons	1.7.2	normal:all	false		true
hashbrown	0.16.1	zenoh-protocol	1.7.2	zenoh-link-quic	1.7.2	normal:all	false		true
hashbrown	0.16.1	zenoh-protocol	1.7.2	zenoh-link-quic_datagram	1.7.2	normal:all	false		true
hashbrown	0.16.1	zenoh-protocol	1.7.2	zenoh-link-tcp	1.7.2	normal:all	false		true
hashbrown	0.16.1	zenoh-protocol	1.7.2	zenoh-link-tls	1.7.2	normal:all	false		true
hashbrown	0.16.1	zenoh-protocol	1.7.2	zenoh-link-udp	1.7.2	normal:all	false		true
hashbrown	0.16.1	zenoh-protocol	1.7.2	zenoh-link-unixsock_stream	1.7.2	normal:all	false		true
hashbrown	0.16.1	zenoh-protocol	1.7.2	zenoh-link-ws	1.7.2	normal:all	false		true
hashbrown	0.16.1	zenoh-protocol	1.7.2	zenoh-transport	1.7.2	normal:all	false		true
hashbrown	0.16.1	zenoh-runtime	1.7.2	zenoh	1.7.2	normal:all	false		true
hashbrown	0.16.1	zenoh-runtime	1.7.2	zenoh-core	1.7.2	normal:all	false		true
hashbrown	0.16.1	zenoh-runtime	1.7.2	zenoh-link-commons	1.7.2	normal:all	false		true
hashbrown	0.16.1	zenoh-runtime	1.7.2	zenoh-link-tls	1.7.2	normal:all	false		true
hashbrown	0.16.1	zenoh-runtime	1.7.2	zenoh-link-unixsock_stream	1.7.2	normal:all	false		true
hashbrown	0.16.1	zenoh-runtime	1.7.2	zenoh-link-ws	1.7.2	normal:all	false		true
hashbrown	0.16.1	zenoh-runtime	1.7.2	zenoh-task	1.7.2	normal:all	false		true
hashbrown	0.16.1	zenoh-runtime	1.7.2	zenoh-transport	1.7.2	normal:all	false		true
hashbrown	0.16.1	zenoh-sync	1.7.2	zenoh	1.7.2	normal:all	false		true
hashbrown	0.16.1	zenoh-sync	1.7.2	zenoh-link-udp	1.7.2	normal:all	false		true
hashbrown	0.16.1	zenoh-sync	1.7.2	zenoh-transport	1.7.2	normal:all	false		true
hashbrown	0.16.1	zenoh-task	1.7.2	zenoh	1.7.2	normal:all	false		true
hashbrown	0.16.1	zenoh-task	1.7.2	zenoh-transport	1.7.2	normal:all	false		true
hashbrown	0.16.1	zenoh-transport	1.7.2	zenoh	1.7.2	normal:all	false		true
hashbrown	0.16.1	zenoh-util	1.7.2	zenoh	1.7.2	normal:all	false		true
hashbrown	0.16.1	zenoh-util	1.7.2	zenoh-config	1.7.2	normal:all	false		true
hashbrown	0.16.1	zenoh-util	1.7.2	zenoh-link-commons	1.7.2	normal:all	false		true
hashbrown	0.16.1	zenoh-util	1.7.2	zenoh-link-quic	1.7.2	normal:all	false		true
hashbrown	0.16.1	zenoh-util	1.7.2	zenoh-link-quic_datagram	1.7.2	normal:all	false		true
hashbrown	0.16.1	zenoh-util	1.7.2	zenoh-link-udp	1.7.2	normal:all	false		true
hashbrown	0.16.1	zenoh-util	1.7.2	zenoh-link-ws	1.7.2	normal:all	false		true
hashbrown	0.16.1	zenoh-util	1.7.2	zenoh-plugin-trait	1.7.2	normal:all	false		true
hashbrown	0.16.1	zenoh-util	1.7.2	zenoh-transport	1.7.2	normal:all	false		true
hashbrown	0.17.1	addr2line	0.26.0	wasmtime	45.0.3	normal:all	false		true
hashbrown	0.17.1	axum	0.8.9	sentinel-dashboard-backend	0.1.0	normal:all	true	A	true
hashbrown	0.17.1	axum-server	0.7.3	sentinel-dashboard-backend	0.1.0	normal:all	true	A	true
hashbrown	0.17.1	aya	0.13.2	aya-log	0.2.2	normal:all	false		true
hashbrown	0.17.1	aya	0.13.2	sentinel-ebpf	0.1.0	normal:all	true		true
hashbrown	0.17.1	aya-log	0.2.2	sentinel-ebpf	0.1.0	normal:all	true		true
hashbrown	0.17.1	aya-log-common	0.1.16	aya-log	0.2.2	normal:all	false		true
hashbrown	0.17.1	aya-obj	0.2.2	aya	0.13.2	normal:all	false		true
hashbrown	0.17.1	bevy_ecs	0.18.1	sentinel-common	0.1.0	normal:all	true		true
hashbrown	0.17.1	bevy_ecs	0.18.1	sentinel-daemon	0.1.0	normal:all	true	A	true
hashbrown	0.17.1	bevy_ecs	0.18.1	sentinel-ecs	0.1.0	normal:all	true		true
hashbrown	0.17.1	bevy_ecs	0.18.1	sentinel-runtime	0.1.0	normal:all	true		true
hashbrown	0.17.1	bevy_ecs_macros	0.18.0	bevy_ecs	0.18.1	normal:all	false		true
hashbrown	0.17.1	bevy_macro_utils	0.18.0	bevy_ecs_macros	0.18.0	normal:all	false		true
hashbrown	0.17.1	bevy_macro_utils	0.18.0	bevy_reflect_derive	0.18.0	normal:all	false		true
hashbrown	0.17.1	bevy_reflect	0.18.0	bevy_ecs	0.18.1	normal:all	false		true
hashbrown	0.17.1	bevy_reflect_derive	0.18.0	bevy_reflect	0.18.0	normal:all	false		true
hashbrown	0.17.1	bolero	0.13.4	sentinel-bio	0.1.0	dev:all	true		true
hashbrown	0.17.1	bolero	0.13.4	sentinel-physics	0.1.0	dev:all	true		true
hashbrown	0.17.1	bolero-afl	0.13.0	bolero	0.13.4	normal:cfg(fuzzing_afl)	false		true
hashbrown	0.17.1	bolero-engine	0.13.4	bolero	0.13.4	normal:all;normal:cfg(fuzzing_random);normal:cfg(not(any(fuzzing, kani)))	false		true
hashbrown	0.17.1	bolero-engine	0.13.4	bolero-afl	0.13.0	normal:all	false		true
hashbrown	0.17.1	bolero-engine	0.13.4	bolero-honggfuzz	0.13.0	normal:all	false		true
hashbrown	0.17.1	bolero-engine	0.13.4	bolero-kani	0.13.0	normal:all	false		true
hashbrown	0.17.1	bolero-engine	0.13.4	bolero-libfuzzer	0.13.0	normal:all	false		true
hashbrown	0.17.1	bolero-generator	0.13.5	bolero	0.13.4	normal:all	false		true
hashbrown	0.17.1	bolero-generator	0.13.5	bolero-engine	0.13.4	normal:all	false		true
hashbrown	0.17.1	bolero-generator-derive	0.13.4	bolero-generator	0.13.5	normal:all	false		true
hashbrown	0.17.1	bolero-honggfuzz	0.13.0	bolero	0.13.4	normal:cfg(fuzzing_honggfuzz)	false		true
hashbrown	0.17.1	bolero-kani	0.13.0	bolero	0.13.4	normal:cfg(kani)	false		true
hashbrown	0.17.1	bolero-libfuzzer	0.13.0	bolero	0.13.4	normal:cfg(fuzzing_libfuzzer)	false		true
hashbrown	0.17.1	cranelift-bforest	0.132.3	cranelift-codegen	0.132.3	normal:all	false		true
hashbrown	0.17.1	cranelift-bforest	0.132.3	wasmtime-environ	45.0.3	normal:all	false		true
hashbrown	0.17.1	cranelift-bitset	0.132.3	cranelift-codegen	0.132.3	normal:all	false		true
hashbrown	0.17.1	cranelift-bitset	0.132.3	cranelift-entity	0.132.3	normal:all	false		true
hashbrown	0.17.1	cranelift-bitset	0.132.3	pulley-interpreter	45.0.3	normal:all	false		true
hashbrown	0.17.1	cranelift-bitset	0.132.3	wasmtime-environ	45.0.3	normal:all	false		true
hashbrown	0.17.1	cranelift-codegen	0.132.3	cranelift-frontend	0.132.3	normal:all	false		true
hashbrown	0.17.1	cranelift-codegen	0.132.3	cranelift-native	0.132.3	normal:all	false		true
hashbrown	0.17.1	cranelift-codegen	0.132.3	wasmtime-internal-cranelift	45.0.3	normal:all	false		true
hashbrown	0.17.1	cranelift-codegen	0.132.3	wasmtime-internal-unwinder	45.0.3	normal:all	false		true
hashbrown	0.17.1	cranelift-codegen-meta	0.132.3	cranelift-codegen	0.132.3	build:all	false		true
hashbrown	0.17.1	cranelift-entity	0.132.3	cranelift-bforest	0.132.3	normal:all	false		true
hashbrown	0.17.1	cranelift-entity	0.132.3	cranelift-codegen	0.132.3	normal:all	false		true
hashbrown	0.17.1	cranelift-entity	0.132.3	wasmtime-environ	45.0.3	normal:all	false		true
hashbrown	0.17.1	cranelift-entity	0.132.3	wasmtime-internal-cranelift	45.0.3	normal:all	false		true
hashbrown	0.17.1	cranelift-frontend	0.132.3	wasmtime-internal-cranelift	45.0.3	normal:all	false		true
hashbrown	0.17.1	cranelift-native	0.132.3	wasmtime-internal-cranelift	45.0.3	normal:all	false		true
hashbrown	0.17.1	fuser	0.17.0	sentinel-fs	0.1.0	normal:all	true		true
hashbrown	0.17.1	gimli	0.33.0	addr2line	0.26.0	normal:all	false		true
hashbrown	0.17.1	gimli	0.33.0	cranelift-codegen	0.132.3	normal:all	false		true
hashbrown	0.17.1	gimli	0.33.0	wasmtime	45.0.3	normal:all	false		true
hashbrown	0.17.1	gimli	0.33.0	wasmtime-environ	45.0.3	normal:all	false		true
hashbrown	0.17.1	gimli	0.33.0	wasmtime-internal-cranelift	45.0.3	normal:all	false		true
hashbrown	0.17.1	h2	0.4.14	hyper	1.8.1	normal:all	false		true
hashbrown	0.17.1	hashbrown	0.17.1	cranelift-codegen	0.132.3	normal:all	false		true
hashbrown	0.17.1	hashbrown	0.17.1	indexmap	2.14.0	normal:all	false		true
hashbrown	0.17.1	hashbrown	0.17.1	object	0.39.1	normal:all	false		true
hashbrown	0.17.1	hashbrown	0.17.1	regalloc2	0.15.1	normal:all	false		true
hashbrown	0.17.1	hashbrown	0.17.1	wasmtime-environ	45.0.3	normal:all	false		true
hashbrown	0.17.1	hashbrown	0.17.1	wasmtime-internal-core	45.0.3	normal:all	false		true
hashbrown	0.17.1	hashbrown	0.17.1	wit-parser	0.248.0	normal:all	false		true
hashbrown	0.17.1	hyper	1.8.1	axum	0.8.9	normal:all	false		true
hashbrown	0.17.1	hyper	1.8.1	axum-server	0.7.3	normal:all	false		true
hashbrown	0.17.1	hyper	1.8.1	hyper-rustls	0.27.7	normal:all	false		true
hashbrown	0.17.1	hyper	1.8.1	hyper-util	0.1.20	normal:all	false		true
hashbrown	0.17.1	hyper	1.8.1	reqwest	0.12.28	"normal:cfg(not(target_arch = ""wasm32""))"	false		true
hashbrown	0.17.1	hyper-rustls	0.27.7	reqwest	0.12.28	"normal:cfg(not(target_arch = ""wasm32""))"	false		true
hashbrown	0.17.1	hyper-util	0.1.20	axum	0.8.9	normal:all	false		true
hashbrown	0.17.1	hyper-util	0.1.20	axum-server	0.7.3	normal:all	false		true
hashbrown	0.17.1	hyper-util	0.1.20	hyper-rustls	0.27.7	normal:all	false		true
hashbrown	0.17.1	hyper-util	0.1.20	reqwest	0.12.28	"normal:cfg(not(target_arch = ""wasm32""))"	false		true
hashbrown	0.17.1	indexmap	2.14.0	bevy_ecs	0.18.1	normal:all	false		true
hashbrown	0.17.1	indexmap	2.14.0	bevy_reflect	0.18.0	normal:all	false		true
hashbrown	0.17.1	indexmap	2.14.0	bevy_reflect_derive	0.18.0	normal:all	false		true
hashbrown	0.17.1	indexmap	2.14.0	gimli	0.33.0	normal:all	false		true
hashbrown	0.17.1	indexmap	2.14.0	h2	0.4.14	normal:all	false		true
hashbrown	0.17.1	indexmap	2.14.0	object	0.38.1	normal:all	false		true
hashbrown	0.17.1	indexmap	2.14.0	object	0.39.1	normal:all	false		true
hashbrown	0.17.1	indexmap	2.14.0	petgraph	0.6.5	normal:all	false		true
hashbrown	0.17.1	indexmap	2.14.0	petgraph	0.8.3	normal:all	false		true
hashbrown	0.17.1	indexmap	2.14.0	serde_yaml	0.9.34+deprecated	normal:all	false		true
hashbrown	0.17.1	indexmap	2.14.0	toml_edit	0.20.2	normal:all	false		true
hashbrown	0.17.1	indexmap	2.14.0	toml_edit	0.23.10+spec-1.0.0	normal:all	false		true
hashbrown	0.17.1	indexmap	2.14.0	wasm-compose	0.248.0	normal:all	false		true
hashbrown	0.17.1	indexmap	2.14.0	wasmtime-environ	45.0.3	normal:all	false		true
hashbrown	0.17.1	indexmap	2.14.0	wasmtime-internal-wit-bindgen	45.0.3	normal:all	false		true
hashbrown	0.17.1	indexmap	2.14.0	wit-parser	0.248.0	normal:all	false		true
hashbrown	0.17.1	num_enum	0.7.5	aya-log-common	0.1.16	normal:all	false		true
hashbrown	0.17.1	num_enum	0.7.5	fuser	0.17.0	normal:all	false		true
hashbrown	0.17.1	num_enum_derive	0.7.5	num_enum	0.7.5	normal:all	false		true
hashbrown	0.17.1	object	0.38.1	aya	0.13.2	normal:all	false		true
hashbrown	0.17.1	object	0.38.1	aya-obj	0.2.2	normal:all	false		true
hashbrown	0.17.1	object	0.38.1	sentinel-ebpf	0.1.0	normal:all	true		true
hashbrown	0.17.1	object	0.39.1	wasmtime	45.0.3	normal:all	false		true
hashbrown	0.17.1	object	0.39.1	wasmtime-environ	45.0.3	normal:all	false		true
hashbrown	0.17.1	object	0.39.1	wasmtime-internal-cranelift	45.0.3	normal:all	false		true
hashbrown	0.17.1	object	0.39.1	wasmtime-internal-jit-debug	45.0.3	normal:all	false		true
hashbrown	0.17.1	object	0.39.1	wasmtime-internal-unwinder	45.0.3	normal:all	false		true
hashbrown	0.17.1	petgraph	0.6.5	wasm-compose	0.248.0	normal:all	false		true
hashbrown	0.17.1	petgraph	0.8.3	zenoh	1.7.2	normal:all	false		true
hashbrown	0.17.1	proc-macro-crate	2.0.2	bolero-generator-derive	0.13.4	normal:all	false		true
hashbrown	0.17.1	proc-macro-crate	2.0.2	num_enum_derive	0.7.5	normal:all	false		true
hashbrown	0.17.1	proc-macro-crate	2.0.2	stabby-macros	72.1.4	normal:all	false		true
hashbrown	0.17.1	pulley-interpreter	45.0.3	cranelift-codegen	0.132.3	normal:all	false		true
hashbrown	0.17.1	pulley-interpreter	45.0.3	cranelift-codegen-meta	0.132.3	normal:all	false		true
hashbrown	0.17.1	pulley-interpreter	45.0.3	wasmtime	45.0.3	normal:all	false		true
hashbrown	0.17.1	pulley-interpreter	45.0.3	wasmtime-internal-cranelift	45.0.3	normal:all	false		true
hashbrown	0.17.1	regalloc2	0.15.1	cranelift-codegen	0.132.3	normal:all	false		true
hashbrown	0.17.1	reqwest	0.12.28	sentinel-ctl	0.1.0	normal:all	true	B	true
hashbrown	0.17.1	reqwest	0.12.28	sentinel-daemon	0.1.0	normal:all	true	A	true
hashbrown	0.17.1	reqwest	0.12.28	sentinel-dashboard-backend	0.1.0	normal:all	true	A	true
hashbrown	0.17.1	sentinel-bio	0.1.0	sentinel-ecs	0.1.0	normal:all	true		true
hashbrown	0.17.1	sentinel-cluster-control	0.1.0	sentinel-daemon	0.1.0	normal:all	true	A	true
hashbrown	0.17.1	sentinel-common	0.1.0	sentinel-bio	0.1.0	normal:all	true		true
hashbrown	0.17.1	sentinel-common	0.1.0	sentinel-cluster-control	0.1.0	normal:all	true		true
hashbrown	0.17.1	sentinel-common	0.1.0	sentinel-daemon	0.1.0	normal:all	true	A	true
hashbrown	0.17.1	sentinel-common	0.1.0	sentinel-dashboard-backend	0.1.0	normal:all	true	A	true
hashbrown	0.17.1	sentinel-common	0.1.0	sentinel-ebpf	0.1.0	normal:all	true		true
hashbrown	0.17.1	sentinel-common	0.1.0	sentinel-ecs	0.1.0	dev:all;normal:all	true		true
hashbrown	0.17.1	sentinel-common	0.1.0	sentinel-fs	0.1.0	normal:all	true		true
hashbrown	0.17.1	sentinel-common	0.1.0	sentinel-gaia	0.1.0	normal:all	true	B	true
hashbrown	0.17.1	sentinel-common	0.1.0	sentinel-gaia-loop	0.1.0	normal:all	true	A	true
hashbrown	0.17.1	sentinel-common	0.1.0	sentinel-hippocampus	0.1.0	normal:all	true		true
hashbrown	0.17.1	sentinel-common	0.1.0	sentinel-limbo	0.1.0	normal:all	true		true
hashbrown	0.17.1	sentinel-common	0.1.0	sentinel-microvm	0.1.0	dev:all;normal:all	true		true
hashbrown	0.17.1	sentinel-common	0.1.0	sentinel-nightrun	0.1.0	normal:all	true	C	true
hashbrown	0.17.1	sentinel-common	0.1.0	sentinel-physics	0.1.0	normal:all	true		true
hashbrown	0.17.1	sentinel-common	0.1.0	sentinel-projection	0.1.0	normal:all	true		true
hashbrown	0.17.1	sentinel-common	0.1.0	sentinel-projection-service	0.1.0	normal:all	true	A	true
hashbrown	0.17.1	sentinel-common	0.1.0	sentinel-redb	0.1.0	normal:all	true		true
hashbrown	0.17.1	sentinel-common	0.1.0	sentinel-runtime	0.1.0	dev:all;normal:all	true		true
hashbrown	0.17.1	sentinel-common	0.1.0	sentinel-sandbox	0.1.0	dev:all;normal:all	true		true
hashbrown	0.17.1	sentinel-common	0.1.0	sentinel-telemetry	0.1.0	normal:all	true		true
hashbrown	0.17.1	sentinel-common	0.1.0	sentinel-wasm	0.1.0	dev:all;normal:all	true		true
hashbrown	0.17.1	sentinel-common	0.1.0	sentinel-zenoh	0.1.0	dev:all;normal:all	true		true
hashbrown	0.17.1	sentinel-console-plane	0.1.0	sentinel-dashboard-backend	0.1.0	normal:all	true	A	true
hashbrown	0.17.1	sentinel-ebpf	0.1.0	sentinel-daemon	0.1.0	normal:all	true	A	true
hashbrown	0.17.1	sentinel-ecs	0.1.0	sentinel-daemon	0.1.0	normal:all	true	A	true
hashbrown	0.17.1	sentinel-ecs	0.1.0	sentinel-runtime	0.1.0	normal:all	true		true
hashbrown	0.17.1	sentinel-fs	0.1.0	sentinel-console-plane	0.1.0	normal:all	true		true
hashbrown	0.17.1	sentinel-fs	0.1.0	sentinel-daemon	0.1.0	normal:all	true	A	true
hashbrown	0.17.1	sentinel-fs	0.1.0	sentinel-microvm	0.1.0	normal:all	true		true
hashbrown	0.17.1	sentinel-fs	0.1.0	sentinel-sandbox	0.1.0	normal:all	true		true
hashbrown	0.17.1	sentinel-gaia	0.1.0	sentinel-dashboard-backend	0.1.0	normal:all	true	A	true
hashbrown	0.17.1	sentinel-gaia-loop	0.1.0	sentinel-dashboard-backend	0.1.0	normal:all	true	A	true
hashbrown	0.17.1	sentinel-hippocampus	0.1.0	sentinel-daemon	0.1.0	normal:all	true	A	true
hashbrown	0.17.1	sentinel-hippocampus	0.1.0	sentinel-gaia-memory	0.1.0	normal:all	true		true
hashbrown	0.17.1	sentinel-hippocampus	0.1.0	sentinel-nightrun	0.1.0	normal:all	true	C	true
hashbrown	0.17.1	sentinel-limbo	0.1.0	sentinel-daemon	0.1.0	normal:all	true	A	true
hashbrown	0.17.1	sentinel-limbo	0.1.0	sentinel-dashboard-backend	0.1.0	normal:all	true	A	true
hashbrown	0.17.1	sentinel-limbo	0.1.0	sentinel-ecs	0.1.0	normal:all	true		true
hashbrown	0.17.1	sentinel-limbo	0.1.0	sentinel-gaia-loop	0.1.0	normal:all	true	A	true
hashbrown	0.17.1	sentinel-limbo	0.1.0	sentinel-gaia-memory	0.1.0	dev:all	true		true
hashbrown	0.17.1	sentinel-limbo	0.1.0	sentinel-nightrun	0.1.0	normal:all	true	C	true
hashbrown	0.17.1	sentinel-limbo	0.1.0	sentinel-projection	0.1.0	normal:all	true		true
hashbrown	0.17.1	sentinel-limbo	0.1.0	sentinel-projection-service	0.1.0	normal:all	true	A	true
hashbrown	0.17.1	sentinel-limbo	0.1.0	sentinel-runtime	0.1.0	dev:all;normal:all	true		true
hashbrown	0.17.1	sentinel-physics	0.1.0	sentinel-ecs	0.1.0	normal:all	true		true
hashbrown	0.17.1	sentinel-physics	0.1.0	sentinel-projection	0.1.0	normal:all	true		true
hashbrown	0.17.1	sentinel-projection	0.1.0	sentinel-daemon	0.1.0	normal:all	true	A	true
hashbrown	0.17.1	sentinel-projection	0.1.0	sentinel-dashboard-backend	0.1.0	normal:all	true	A	true
hashbrown	0.17.1	sentinel-projection	0.1.0	sentinel-gaia-memory	0.1.0	dev:all	true		true
hashbrown	0.17.1	sentinel-projection	0.1.0	sentinel-projection-service	0.1.0	normal:all	true	A	true
hashbrown	0.17.1	sentinel-redb	0.1.0	sentinel-daemon	0.1.0	normal:all	true	A	true
hashbrown	0.17.1	sentinel-redb	0.1.0	sentinel-ecs	0.1.0	normal:all	true		true
hashbrown	0.17.1	sentinel-runtime	0.1.0	sentinel-daemon	0.1.0	normal:all	true	A	true
hashbrown	0.17.1	sentinel-sandbox	0.1.0	sentinel-daemon	0.1.0	normal:all	true	A	true
hashbrown	0.17.1	sentinel-telemetry	0.1.0	sentinel-daemon	0.1.0	normal:all	true	A	true
hashbrown	0.17.1	sentinel-telemetry	0.1.0	sentinel-ecs	0.1.0	dev:all	true		true
hashbrown	0.17.1	sentinel-telemetry	0.1.0	sentinel-fs	0.1.0	normal:all	true		true
hashbrown	0.17.1	sentinel-telemetry	0.1.0	sentinel-limbo	0.1.0	normal:all	true		true
hashbrown	0.17.1	sentinel-telemetry	0.1.0	sentinel-nightrun	0.1.0	normal:all	true	C	true
hashbrown	0.17.1	sentinel-telemetry	0.1.0	sentinel-projection	0.1.0	normal:all	true		true
hashbrown	0.17.1	sentinel-telemetry	0.1.0	sentinel-projection-service	0.1.0	normal:all	true	A	true
hashbrown	0.17.1	sentinel-telemetry	0.1.0	sentinel-redb	0.1.0	normal:all	true		true
hashbrown	0.17.1	sentinel-telemetry	0.1.0	sentinel-zenoh	0.1.0	normal:all	true		true
hashbrown	0.17.1	sentinel-wasm	0.1.0	sentinel-daemon	0.1.0	normal:all	true	A	true
hashbrown	0.17.1	sentinel-wasm	0.1.0	sentinel-ecs	0.1.0	normal:all	true		true
hashbrown	0.17.1	sentinel-zenoh	0.1.0	sentinel-daemon	0.1.0	normal:all	true	A	true
hashbrown	0.17.1	sentinel-zenoh	0.1.0	sentinel-sandbox	0.1.0	normal:all	true		true
hashbrown	0.17.1	serde_yaml	0.9.34+deprecated	zenoh-config	1.7.2	normal:all	false		true
hashbrown	0.17.1	stabby	72.1.4	zenoh-plugin-trait	1.7.2	normal:all	false		true
hashbrown	0.17.1	stabby-abi	72.1.4	stabby	72.1.4	normal:all	false		true
hashbrown	0.17.1	stabby-macros	72.1.4	stabby-abi	72.1.4	normal:all	false		true
hashbrown	0.17.1	toml_edit	0.20.2	proc-macro-crate	2.0.2	normal:all	false		true
hashbrown	0.17.1	toml_edit	0.23.10+spec-1.0.0	bevy_macro_utils	0.18.0	normal:all	false		true
hashbrown	0.17.1	wasm-compose	0.248.0	wasmtime	45.0.3	normal:all	false		true
hashbrown	0.17.1	wasmtime	45.0.3	sentinel-wasm	0.1.0	normal:all	true		true
hashbrown	0.17.1	wasmtime	45.0.3	wasmtime-wasi	45.0.3	normal:all	false		true
hashbrown	0.17.1	wasmtime	45.0.3	wasmtime-wasi-io	45.0.3	normal:all	false		true
hashbrown	0.17.1	wasmtime	45.0.3	wiggle	45.0.3	normal:all	false		true
hashbrown	0.17.1	wasmtime-environ	45.0.3	wasmtime	45.0.3	normal:all	false		true
hashbrown	0.17.1	wasmtime-environ	45.0.3	wasmtime-internal-cache	45.0.3	normal:all	false		true
hashbrown	0.17.1	wasmtime-environ	45.0.3	wasmtime-internal-cranelift	45.0.3	normal:all	false		true
hashbrown	0.17.1	wasmtime-environ	45.0.3	wasmtime-internal-fiber	45.0.3	normal:all	false		true
hashbrown	0.17.1	wasmtime-environ	45.0.3	wasmtime-internal-unwinder	45.0.3	normal:all	false		true
hashbrown	0.17.1	wasmtime-environ	45.0.3	wiggle	45.0.3	normal:all	false		true
hashbrown	0.17.1	wasmtime-environ	45.0.3	wiggle-generate	45.0.3	normal:all	false		true
hashbrown	0.17.1	wasmtime-internal-cache	45.0.3	wasmtime	45.0.3	normal:all	false		true
hashbrown	0.17.1	wasmtime-internal-component-macro	45.0.3	wasmtime	45.0.3	normal:all	false		true
hashbrown	0.17.1	wasmtime-internal-core	45.0.3	cranelift-bforest	0.132.3	normal:all	false		true
hashbrown	0.17.1	wasmtime-internal-core	45.0.3	cranelift-bitset	0.132.3	normal:all	false		true
hashbrown	0.17.1	wasmtime-internal-core	45.0.3	cranelift-codegen	0.132.3	normal:all	false		true
hashbrown	0.17.1	wasmtime-internal-core	45.0.3	cranelift-entity	0.132.3	normal:all	false		true
hashbrown	0.17.1	wasmtime-internal-core	45.0.3	pulley-interpreter	45.0.3	normal:all	false		true
hashbrown	0.17.1	wasmtime-internal-core	45.0.3	wasmtime	45.0.3	normal:all	false		true
hashbrown	0.17.1	wasmtime-internal-core	45.0.3	wasmtime-environ	45.0.3	normal:all	false		true
hashbrown	0.17.1	wasmtime-internal-core	45.0.3	wasmtime-internal-cranelift	45.0.3	normal:all	false		true
hashbrown	0.17.1	wasmtime-internal-core	45.0.3	wasmtime-internal-jit-icache-coherence	45.0.3	normal:all	false		true
hashbrown	0.17.1	wasmtime-internal-cranelift	45.0.3	wasmtime	45.0.3	normal:all	false		true
hashbrown	0.17.1	wasmtime-internal-fiber	45.0.3	wasmtime	45.0.3	normal:all	false		true
hashbrown	0.17.1	wasmtime-internal-jit-debug	45.0.3	wasmtime	45.0.3	normal:all	false		true
hashbrown	0.17.1	wasmtime-internal-jit-icache-coherence	45.0.3	wasmtime	45.0.3	normal:all	false		true
hashbrown	0.17.1	wasmtime-internal-unwinder	45.0.3	wasmtime	45.0.3	normal:all	false		true
hashbrown	0.17.1	wasmtime-internal-unwinder	45.0.3	wasmtime-internal-cranelift	45.0.3	normal:all	false		true
hashbrown	0.17.1	wasmtime-internal-wit-bindgen	45.0.3	wasmtime-internal-component-macro	45.0.3	normal:all	false		true
hashbrown	0.17.1	wasmtime-wasi	45.0.3	sentinel-wasm	0.1.0	normal:all	true		true
hashbrown	0.17.1	wasmtime-wasi-io	45.0.3	wasmtime-wasi	45.0.3	normal:all	false		true
hashbrown	0.17.1	wiggle	45.0.3	wasmtime-wasi	45.0.3	normal:all	false		true
hashbrown	0.17.1	wiggle-generate	45.0.3	wiggle-macro	45.0.3	normal:all	false		true
hashbrown	0.17.1	wiggle-macro	45.0.3	wiggle	45.0.3	normal:all	false		true
hashbrown	0.17.1	wit-parser	0.248.0	wasmtime-internal-component-macro	45.0.3	normal:all	false		true
hashbrown	0.17.1	wit-parser	0.248.0	wasmtime-internal-wit-bindgen	45.0.3	normal:all	false		true
hashbrown	0.17.1	zenoh	1.7.2	sentinel-zenoh	0.1.0	normal:all	true		true
hashbrown	0.17.1	zenoh-config	1.7.2	zenoh	1.7.2	normal:all	false		true
hashbrown	0.17.1	zenoh-config	1.7.2	zenoh-link	1.7.2	normal:all	false		true
hashbrown	0.17.1	zenoh-config	1.7.2	zenoh-link-commons	1.7.2	normal:all	false		true
hashbrown	0.17.1	zenoh-config	1.7.2	zenoh-link-quic	1.7.2	normal:all	false		true
hashbrown	0.17.1	zenoh-config	1.7.2	zenoh-link-tcp	1.7.2	normal:all	false		true
hashbrown	0.17.1	zenoh-config	1.7.2	zenoh-link-tls	1.7.2	normal:all	false		true
hashbrown	0.17.1	zenoh-config	1.7.2	zenoh-plugin-trait	1.7.2	normal:all	false		true
hashbrown	0.17.1	zenoh-config	1.7.2	zenoh-transport	1.7.2	normal:all	false		true
hashbrown	0.17.1	zenoh-link	1.7.2	zenoh	1.7.2	normal:all	false		true
hashbrown	0.17.1	zenoh-link	1.7.2	zenoh-transport	1.7.2	normal:all	false		true
hashbrown	0.17.1	zenoh-link-commons	1.7.2	zenoh	1.7.2	normal:all	false		true
hashbrown	0.17.1	zenoh-link-commons	1.7.2	zenoh-link	1.7.2	normal:all	false		true
hashbrown	0.17.1	zenoh-link-commons	1.7.2	zenoh-link-quic	1.7.2	normal:all	false		true
hashbrown	0.17.1	zenoh-link-commons	1.7.2	zenoh-link-quic_datagram	1.7.2	normal:all	false		true
hashbrown	0.17.1	zenoh-link-commons	1.7.2	zenoh-link-tcp	1.7.2	normal:all	false		true
hashbrown	0.17.1	zenoh-link-commons	1.7.2	zenoh-link-tls	1.7.2	normal:all	false		true
hashbrown	0.17.1	zenoh-link-commons	1.7.2	zenoh-link-udp	1.7.2	normal:all	false		true
hashbrown	0.17.1	zenoh-link-commons	1.7.2	zenoh-link-unixsock_stream	1.7.2	normal:all	false		true
hashbrown	0.17.1	zenoh-link-commons	1.7.2	zenoh-link-ws	1.7.2	normal:all	false		true
hashbrown	0.17.1	zenoh-link-commons	1.7.2	zenoh-transport	1.7.2	normal:all	false		true
hashbrown	0.17.1	zenoh-link-quic	1.7.2	zenoh-link	1.7.2	normal:all	false		true
hashbrown	0.17.1	zenoh-link-quic_datagram	1.7.2	zenoh-link	1.7.2	normal:all	false		true
hashbrown	0.17.1	zenoh-link-tcp	1.7.2	zenoh-link	1.7.2	normal:all	false		true
hashbrown	0.17.1	zenoh-link-tls	1.7.2	zenoh-link	1.7.2	normal:all	false		true
hashbrown	0.17.1	zenoh-link-udp	1.7.2	zenoh-link	1.7.2	normal:all	false		true
hashbrown	0.17.1	zenoh-link-unixsock_stream	1.7.2	zenoh-link	1.7.2	normal:all	false		true
hashbrown	0.17.1	zenoh-link-ws	1.7.2	zenoh-link	1.7.2	normal:all	false		true
hashbrown	0.17.1	zenoh-plugin-trait	1.7.2	zenoh	1.7.2	normal:all	false		true
hashbrown	0.17.1	zenoh-transport	1.7.2	zenoh	1.7.2	normal:all	false		true
indexmap	1.9.3	indexmap	1.9.3	serde_with	3.17.0	normal:all	false		false
indexmap	1.9.3	sentinel-sandbox	0.1.0	sentinel-daemon	0.1.0	normal:all	true	A	true
indexmap	1.9.3	sentinel-zenoh	0.1.0	sentinel-daemon	0.1.0	normal:all	true	A	true
indexmap	1.9.3	sentinel-zenoh	0.1.0	sentinel-sandbox	0.1.0	normal:all	true		true
indexmap	1.9.3	serde_with	3.17.0	zenoh-config	1.7.2	normal:all	false		true
indexmap	1.9.3	zenoh	1.7.2	sentinel-zenoh	0.1.0	normal:all	true		true
indexmap	1.9.3	zenoh-config	1.7.2	zenoh	1.7.2	normal:all	false		true
indexmap	1.9.3	zenoh-config	1.7.2	zenoh-link	1.7.2	normal:all	false		true
indexmap	1.9.3	zenoh-config	1.7.2	zenoh-link-commons	1.7.2	normal:all	false		true
indexmap	1.9.3	zenoh-config	1.7.2	zenoh-link-quic	1.7.2	normal:all	false		true
indexmap	1.9.3	zenoh-config	1.7.2	zenoh-link-tcp	1.7.2	normal:all	false		true
indexmap	1.9.3	zenoh-config	1.7.2	zenoh-link-tls	1.7.2	normal:all	false		true
indexmap	1.9.3	zenoh-config	1.7.2	zenoh-plugin-trait	1.7.2	normal:all	false		true
indexmap	1.9.3	zenoh-config	1.7.2	zenoh-transport	1.7.2	normal:all	false		true
indexmap	1.9.3	zenoh-link	1.7.2	zenoh	1.7.2	normal:all	false		true
indexmap	1.9.3	zenoh-link	1.7.2	zenoh-transport	1.7.2	normal:all	false		true
indexmap	1.9.3	zenoh-link-commons	1.7.2	zenoh	1.7.2	normal:all	false		true
indexmap	1.9.3	zenoh-link-commons	1.7.2	zenoh-link	1.7.2	normal:all	false		true
indexmap	1.9.3	zenoh-link-commons	1.7.2	zenoh-link-quic	1.7.2	normal:all	false		true
indexmap	1.9.3	zenoh-link-commons	1.7.2	zenoh-link-quic_datagram	1.7.2	normal:all	false		true
indexmap	1.9.3	zenoh-link-commons	1.7.2	zenoh-link-tcp	1.7.2	normal:all	false		true
indexmap	1.9.3	zenoh-link-commons	1.7.2	zenoh-link-tls	1.7.2	normal:all	false		true
indexmap	1.9.3	zenoh-link-commons	1.7.2	zenoh-link-udp	1.7.2	normal:all	false		true
indexmap	1.9.3	zenoh-link-commons	1.7.2	zenoh-link-unixsock_stream	1.7.2	normal:all	false		true
indexmap	1.9.3	zenoh-link-commons	1.7.2	zenoh-link-ws	1.7.2	normal:all	false		true
indexmap	1.9.3	zenoh-link-commons	1.7.2	zenoh-transport	1.7.2	normal:all	false		true
indexmap	1.9.3	zenoh-link-quic	1.7.2	zenoh-link	1.7.2	normal:all	false		true
indexmap	1.9.3	zenoh-link-quic_datagram	1.7.2	zenoh-link	1.7.2	normal:all	false		true
indexmap	1.9.3	zenoh-link-tcp	1.7.2	zenoh-link	1.7.2	normal:all	false		true
indexmap	1.9.3	zenoh-link-tls	1.7.2	zenoh-link	1.7.2	normal:all	false		true
indexmap	1.9.3	zenoh-link-udp	1.7.2	zenoh-link	1.7.2	normal:all	false		true
indexmap	1.9.3	zenoh-link-unixsock_stream	1.7.2	zenoh-link	1.7.2	normal:all	false		true
indexmap	1.9.3	zenoh-link-ws	1.7.2	zenoh-link	1.7.2	normal:all	false		true
indexmap	1.9.3	zenoh-plugin-trait	1.7.2	zenoh	1.7.2	normal:all	false		true
indexmap	1.9.3	zenoh-transport	1.7.2	zenoh	1.7.2	normal:all	false		true
indexmap	2.14.0	addr2line	0.26.0	wasmtime	45.0.3	normal:all	false		true
indexmap	2.14.0	axum	0.8.9	sentinel-dashboard-backend	0.1.0	normal:all	true	A	true
indexmap	2.14.0	axum-server	0.7.3	sentinel-dashboard-backend	0.1.0	normal:all	true	A	true
indexmap	2.14.0	aya	0.13.2	aya-log	0.2.2	normal:all	false		true
indexmap	2.14.0	aya	0.13.2	sentinel-ebpf	0.1.0	normal:all	true		true
indexmap	2.14.0	aya-log	0.2.2	sentinel-ebpf	0.1.0	normal:all	true		true
indexmap	2.14.0	aya-log-common	0.1.16	aya-log	0.2.2	normal:all	false		true
indexmap	2.14.0	aya-obj	0.2.2	aya	0.13.2	normal:all	false		true
indexmap	2.14.0	bevy_ecs	0.18.1	sentinel-common	0.1.0	normal:all	true		true
indexmap	2.14.0	bevy_ecs	0.18.1	sentinel-daemon	0.1.0	normal:all	true	A	true
indexmap	2.14.0	bevy_ecs	0.18.1	sentinel-ecs	0.1.0	normal:all	true		true
indexmap	2.14.0	bevy_ecs	0.18.1	sentinel-runtime	0.1.0	normal:all	true		true
indexmap	2.14.0	bevy_ecs_macros	0.18.0	bevy_ecs	0.18.1	normal:all	false		true
indexmap	2.14.0	bevy_macro_utils	0.18.0	bevy_ecs_macros	0.18.0	normal:all	false		true
indexmap	2.14.0	bevy_macro_utils	0.18.0	bevy_reflect_derive	0.18.0	normal:all	false		true
indexmap	2.14.0	bevy_reflect	0.18.0	bevy_ecs	0.18.1	normal:all	false		true
indexmap	2.14.0	bevy_reflect_derive	0.18.0	bevy_reflect	0.18.0	normal:all	false		true
indexmap	2.14.0	bolero	0.13.4	sentinel-bio	0.1.0	dev:all	true		true
indexmap	2.14.0	bolero	0.13.4	sentinel-physics	0.1.0	dev:all	true		true
indexmap	2.14.0	bolero-afl	0.13.0	bolero	0.13.4	normal:cfg(fuzzing_afl)	false		true
indexmap	2.14.0	bolero-engine	0.13.4	bolero	0.13.4	normal:all;normal:cfg(fuzzing_random);normal:cfg(not(any(fuzzing, kani)))	false		true
indexmap	2.14.0	bolero-engine	0.13.4	bolero-afl	0.13.0	normal:all	false		true
indexmap	2.14.0	bolero-engine	0.13.4	bolero-honggfuzz	0.13.0	normal:all	false		true
indexmap	2.14.0	bolero-engine	0.13.4	bolero-kani	0.13.0	normal:all	false		true
indexmap	2.14.0	bolero-engine	0.13.4	bolero-libfuzzer	0.13.0	normal:all	false		true
indexmap	2.14.0	bolero-generator	0.13.5	bolero	0.13.4	normal:all	false		true
indexmap	2.14.0	bolero-generator	0.13.5	bolero-engine	0.13.4	normal:all	false		true
indexmap	2.14.0	bolero-generator-derive	0.13.4	bolero-generator	0.13.5	normal:all	false		true
indexmap	2.14.0	bolero-honggfuzz	0.13.0	bolero	0.13.4	normal:cfg(fuzzing_honggfuzz)	false		true
indexmap	2.14.0	bolero-kani	0.13.0	bolero	0.13.4	normal:cfg(kani)	false		true
indexmap	2.14.0	bolero-libfuzzer	0.13.0	bolero	0.13.4	normal:cfg(fuzzing_libfuzzer)	false		true
indexmap	2.14.0	cranelift-codegen	0.132.3	cranelift-frontend	0.132.3	normal:all	false		true
indexmap	2.14.0	cranelift-codegen	0.132.3	cranelift-native	0.132.3	normal:all	false		true
indexmap	2.14.0	cranelift-codegen	0.132.3	wasmtime-internal-cranelift	45.0.3	normal:all	false		true
indexmap	2.14.0	cranelift-codegen	0.132.3	wasmtime-internal-unwinder	45.0.3	normal:all	false		true
indexmap	2.14.0	cranelift-frontend	0.132.3	wasmtime-internal-cranelift	45.0.3	normal:all	false		true
indexmap	2.14.0	cranelift-native	0.132.3	wasmtime-internal-cranelift	45.0.3	normal:all	false		true
indexmap	2.14.0	fuser	0.17.0	sentinel-fs	0.1.0	normal:all	true		true
indexmap	2.14.0	gimli	0.33.0	addr2line	0.26.0	normal:all	false		true
indexmap	2.14.0	gimli	0.33.0	cranelift-codegen	0.132.3	normal:all	false		true
indexmap	2.14.0	gimli	0.33.0	wasmtime	45.0.3	normal:all	false		true
indexmap	2.14.0	gimli	0.33.0	wasmtime-environ	45.0.3	normal:all	false		true
indexmap	2.14.0	gimli	0.33.0	wasmtime-internal-cranelift	45.0.3	normal:all	false		true
indexmap	2.14.0	h2	0.4.14	hyper	1.8.1	normal:all	false		true
indexmap	2.14.0	hyper	1.8.1	axum	0.8.9	normal:all	false		true
indexmap	2.14.0	hyper	1.8.1	axum-server	0.7.3	normal:all	false		true
indexmap	2.14.0	hyper	1.8.1	hyper-rustls	0.27.7	normal:all	false		true
indexmap	2.14.0	hyper	1.8.1	hyper-util	0.1.20	normal:all	false		true
indexmap	2.14.0	hyper	1.8.1	reqwest	0.12.28	"normal:cfg(not(target_arch = ""wasm32""))"	false		true
indexmap	2.14.0	hyper-rustls	0.27.7	reqwest	0.12.28	"normal:cfg(not(target_arch = ""wasm32""))"	false		true
indexmap	2.14.0	hyper-util	0.1.20	axum	0.8.9	normal:all	false		true
indexmap	2.14.0	hyper-util	0.1.20	axum-server	0.7.3	normal:all	false		true
indexmap	2.14.0	hyper-util	0.1.20	hyper-rustls	0.27.7	normal:all	false		true
indexmap	2.14.0	hyper-util	0.1.20	reqwest	0.12.28	"normal:cfg(not(target_arch = ""wasm32""))"	false		true
indexmap	2.14.0	indexmap	2.14.0	bevy_ecs	0.18.1	normal:all	false		true
indexmap	2.14.0	indexmap	2.14.0	bevy_reflect	0.18.0	normal:all	false		true
indexmap	2.14.0	indexmap	2.14.0	bevy_reflect_derive	0.18.0	normal:all	false		true
indexmap	2.14.0	indexmap	2.14.0	gimli	0.33.0	normal:all	false		true
indexmap	2.14.0	indexmap	2.14.0	h2	0.4.14	normal:all	false		true
indexmap	2.14.0	indexmap	2.14.0	object	0.38.1	normal:all	false		true
indexmap	2.14.0	indexmap	2.14.0	object	0.39.1	normal:all	false		true
indexmap	2.14.0	indexmap	2.14.0	petgraph	0.6.5	normal:all	false		true
indexmap	2.14.0	indexmap	2.14.0	petgraph	0.8.3	normal:all	false		true
indexmap	2.14.0	indexmap	2.14.0	serde_yaml	0.9.34+deprecated	normal:all	false		true
indexmap	2.14.0	indexmap	2.14.0	toml_edit	0.20.2	normal:all	false		true
indexmap	2.14.0	indexmap	2.14.0	toml_edit	0.23.10+spec-1.0.0	normal:all	false		true
indexmap	2.14.0	indexmap	2.14.0	wasm-compose	0.248.0	normal:all	false		true
indexmap	2.14.0	indexmap	2.14.0	wasmtime-environ	45.0.3	normal:all	false		true
indexmap	2.14.0	indexmap	2.14.0	wasmtime-internal-wit-bindgen	45.0.3	normal:all	false		true
indexmap	2.14.0	indexmap	2.14.0	wit-parser	0.248.0	normal:all	false		true
indexmap	2.14.0	num_enum	0.7.5	aya-log-common	0.1.16	normal:all	false		true
indexmap	2.14.0	num_enum	0.7.5	fuser	0.17.0	normal:all	false		true
indexmap	2.14.0	num_enum_derive	0.7.5	num_enum	0.7.5	normal:all	false		true
indexmap	2.14.0	object	0.38.1	aya	0.13.2	normal:all	false		true
indexmap	2.14.0	object	0.38.1	aya-obj	0.2.2	normal:all	false		true
indexmap	2.14.0	object	0.38.1	sentinel-ebpf	0.1.0	normal:all	true		true
indexmap	2.14.0	object	0.39.1	wasmtime	45.0.3	normal:all	false		true
indexmap	2.14.0	object	0.39.1	wasmtime-environ	45.0.3	normal:all	false		true
indexmap	2.14.0	object	0.39.1	wasmtime-internal-cranelift	45.0.3	normal:all	false		true
indexmap	2.14.0	object	0.39.1	wasmtime-internal-jit-debug	45.0.3	normal:all	false		true
indexmap	2.14.0	object	0.39.1	wasmtime-internal-unwinder	45.0.3	normal:all	false		true
indexmap	2.14.0	petgraph	0.6.5	wasm-compose	0.248.0	normal:all	false		true
indexmap	2.14.0	petgraph	0.8.3	zenoh	1.7.2	normal:all	false		true
indexmap	2.14.0	proc-macro-crate	2.0.2	bolero-generator-derive	0.13.4	normal:all	false		true
indexmap	2.14.0	proc-macro-crate	2.0.2	num_enum_derive	0.7.5	normal:all	false		true
indexmap	2.14.0	proc-macro-crate	2.0.2	stabby-macros	72.1.4	normal:all	false		true
indexmap	2.14.0	reqwest	0.12.28	sentinel-ctl	0.1.0	normal:all	true	B	true
indexmap	2.14.0	reqwest	0.12.28	sentinel-daemon	0.1.0	normal:all	true	A	true
indexmap	2.14.0	reqwest	0.12.28	sentinel-dashboard-backend	0.1.0	normal:all	true	A	true
indexmap	2.14.0	sentinel-bio	0.1.0	sentinel-ecs	0.1.0	normal:all	true		true
indexmap	2.14.0	sentinel-cluster-control	0.1.0	sentinel-daemon	0.1.0	normal:all	true	A	true
indexmap	2.14.0	sentinel-common	0.1.0	sentinel-bio	0.1.0	normal:all	true		true
indexmap	2.14.0	sentinel-common	0.1.0	sentinel-cluster-control	0.1.0	normal:all	true		true
indexmap	2.14.0	sentinel-common	0.1.0	sentinel-daemon	0.1.0	normal:all	true	A	true
indexmap	2.14.0	sentinel-common	0.1.0	sentinel-dashboard-backend	0.1.0	normal:all	true	A	true
indexmap	2.14.0	sentinel-common	0.1.0	sentinel-ebpf	0.1.0	normal:all	true		true
indexmap	2.14.0	sentinel-common	0.1.0	sentinel-ecs	0.1.0	dev:all;normal:all	true		true
indexmap	2.14.0	sentinel-common	0.1.0	sentinel-fs	0.1.0	normal:all	true		true
indexmap	2.14.0	sentinel-common	0.1.0	sentinel-gaia	0.1.0	normal:all	true	B	true
indexmap	2.14.0	sentinel-common	0.1.0	sentinel-gaia-loop	0.1.0	normal:all	true	A	true
indexmap	2.14.0	sentinel-common	0.1.0	sentinel-hippocampus	0.1.0	normal:all	true		true
indexmap	2.14.0	sentinel-common	0.1.0	sentinel-limbo	0.1.0	normal:all	true		true
indexmap	2.14.0	sentinel-common	0.1.0	sentinel-microvm	0.1.0	dev:all;normal:all	true		true
indexmap	2.14.0	sentinel-common	0.1.0	sentinel-nightrun	0.1.0	normal:all	true	C	true
indexmap	2.14.0	sentinel-common	0.1.0	sentinel-physics	0.1.0	normal:all	true		true
indexmap	2.14.0	sentinel-common	0.1.0	sentinel-projection	0.1.0	normal:all	true		true
indexmap	2.14.0	sentinel-common	0.1.0	sentinel-projection-service	0.1.0	normal:all	true	A	true
indexmap	2.14.0	sentinel-common	0.1.0	sentinel-redb	0.1.0	normal:all	true		true
indexmap	2.14.0	sentinel-common	0.1.0	sentinel-runtime	0.1.0	dev:all;normal:all	true		true
indexmap	2.14.0	sentinel-common	0.1.0	sentinel-sandbox	0.1.0	dev:all;normal:all	true		true
indexmap	2.14.0	sentinel-common	0.1.0	sentinel-telemetry	0.1.0	normal:all	true		true
indexmap	2.14.0	sentinel-common	0.1.0	sentinel-wasm	0.1.0	dev:all;normal:all	true		true
indexmap	2.14.0	sentinel-common	0.1.0	sentinel-zenoh	0.1.0	dev:all;normal:all	true		true
indexmap	2.14.0	sentinel-console-plane	0.1.0	sentinel-dashboard-backend	0.1.0	normal:all	true	A	true
indexmap	2.14.0	sentinel-ebpf	0.1.0	sentinel-daemon	0.1.0	normal:all	true	A	true
indexmap	2.14.0	sentinel-ecs	0.1.0	sentinel-daemon	0.1.0	normal:all	true	A	true
indexmap	2.14.0	sentinel-ecs	0.1.0	sentinel-runtime	0.1.0	normal:all	true		true
indexmap	2.14.0	sentinel-fs	0.1.0	sentinel-console-plane	0.1.0	normal:all	true		true
indexmap	2.14.0	sentinel-fs	0.1.0	sentinel-daemon	0.1.0	normal:all	true	A	true
indexmap	2.14.0	sentinel-fs	0.1.0	sentinel-microvm	0.1.0	normal:all	true		true
indexmap	2.14.0	sentinel-fs	0.1.0	sentinel-sandbox	0.1.0	normal:all	true		true
indexmap	2.14.0	sentinel-gaia	0.1.0	sentinel-dashboard-backend	0.1.0	normal:all	true	A	true
indexmap	2.14.0	sentinel-gaia-loop	0.1.0	sentinel-dashboard-backend	0.1.0	normal:all	true	A	true
indexmap	2.14.0	sentinel-hippocampus	0.1.0	sentinel-daemon	0.1.0	normal:all	true	A	true
indexmap	2.14.0	sentinel-hippocampus	0.1.0	sentinel-gaia-memory	0.1.0	normal:all	true		true
indexmap	2.14.0	sentinel-hippocampus	0.1.0	sentinel-nightrun	0.1.0	normal:all	true	C	true
indexmap	2.14.0	sentinel-limbo	0.1.0	sentinel-daemon	0.1.0	normal:all	true	A	true
indexmap	2.14.0	sentinel-limbo	0.1.0	sentinel-dashboard-backend	0.1.0	normal:all	true	A	true
indexmap	2.14.0	sentinel-limbo	0.1.0	sentinel-ecs	0.1.0	normal:all	true		true
indexmap	2.14.0	sentinel-limbo	0.1.0	sentinel-gaia-loop	0.1.0	normal:all	true	A	true
indexmap	2.14.0	sentinel-limbo	0.1.0	sentinel-gaia-memory	0.1.0	dev:all	true		true
indexmap	2.14.0	sentinel-limbo	0.1.0	sentinel-nightrun	0.1.0	normal:all	true	C	true
indexmap	2.14.0	sentinel-limbo	0.1.0	sentinel-projection	0.1.0	normal:all	true		true
indexmap	2.14.0	sentinel-limbo	0.1.0	sentinel-projection-service	0.1.0	normal:all	true	A	true
indexmap	2.14.0	sentinel-limbo	0.1.0	sentinel-runtime	0.1.0	dev:all;normal:all	true		true
indexmap	2.14.0	sentinel-physics	0.1.0	sentinel-ecs	0.1.0	normal:all	true		true
indexmap	2.14.0	sentinel-physics	0.1.0	sentinel-projection	0.1.0	normal:all	true		true
indexmap	2.14.0	sentinel-projection	0.1.0	sentinel-daemon	0.1.0	normal:all	true	A	true
indexmap	2.14.0	sentinel-projection	0.1.0	sentinel-dashboard-backend	0.1.0	normal:all	true	A	true
indexmap	2.14.0	sentinel-projection	0.1.0	sentinel-gaia-memory	0.1.0	dev:all	true		true
indexmap	2.14.0	sentinel-projection	0.1.0	sentinel-projection-service	0.1.0	normal:all	true	A	true
indexmap	2.14.0	sentinel-redb	0.1.0	sentinel-daemon	0.1.0	normal:all	true	A	true
indexmap	2.14.0	sentinel-redb	0.1.0	sentinel-ecs	0.1.0	normal:all	true		true
indexmap	2.14.0	sentinel-runtime	0.1.0	sentinel-daemon	0.1.0	normal:all	true	A	true
indexmap	2.14.0	sentinel-sandbox	0.1.0	sentinel-daemon	0.1.0	normal:all	true	A	true
indexmap	2.14.0	sentinel-telemetry	0.1.0	sentinel-daemon	0.1.0	normal:all	true	A	true
indexmap	2.14.0	sentinel-telemetry	0.1.0	sentinel-ecs	0.1.0	dev:all	true		true
indexmap	2.14.0	sentinel-telemetry	0.1.0	sentinel-fs	0.1.0	normal:all	true		true
indexmap	2.14.0	sentinel-telemetry	0.1.0	sentinel-limbo	0.1.0	normal:all	true		true
indexmap	2.14.0	sentinel-telemetry	0.1.0	sentinel-nightrun	0.1.0	normal:all	true	C	true
indexmap	2.14.0	sentinel-telemetry	0.1.0	sentinel-projection	0.1.0	normal:all	true		true
indexmap	2.14.0	sentinel-telemetry	0.1.0	sentinel-projection-service	0.1.0	normal:all	true	A	true
indexmap	2.14.0	sentinel-telemetry	0.1.0	sentinel-redb	0.1.0	normal:all	true		true
indexmap	2.14.0	sentinel-telemetry	0.1.0	sentinel-zenoh	0.1.0	normal:all	true		true
indexmap	2.14.0	sentinel-wasm	0.1.0	sentinel-daemon	0.1.0	normal:all	true	A	true
indexmap	2.14.0	sentinel-wasm	0.1.0	sentinel-ecs	0.1.0	normal:all	true		true
indexmap	2.14.0	sentinel-zenoh	0.1.0	sentinel-daemon	0.1.0	normal:all	true	A	true
indexmap	2.14.0	sentinel-zenoh	0.1.0	sentinel-sandbox	0.1.0	normal:all	true		true
indexmap	2.14.0	serde_yaml	0.9.34+deprecated	zenoh-config	1.7.2	normal:all	false		true
indexmap	2.14.0	stabby	72.1.4	zenoh-plugin-trait	1.7.2	normal:all	false		true
indexmap	2.14.0	stabby-abi	72.1.4	stabby	72.1.4	normal:all	false		true
indexmap	2.14.0	stabby-macros	72.1.4	stabby-abi	72.1.4	normal:all	false		true
indexmap	2.14.0	toml_edit	0.20.2	proc-macro-crate	2.0.2	normal:all	false		true
indexmap	2.14.0	toml_edit	0.23.10+spec-1.0.0	bevy_macro_utils	0.18.0	normal:all	false		true
indexmap	2.14.0	wasm-compose	0.248.0	wasmtime	45.0.3	normal:all	false		true
indexmap	2.14.0	wasmtime	45.0.3	sentinel-wasm	0.1.0	normal:all	true		true
indexmap	2.14.0	wasmtime	45.0.3	wasmtime-wasi	45.0.3	normal:all	false		true
indexmap	2.14.0	wasmtime	45.0.3	wasmtime-wasi-io	45.0.3	normal:all	false		true
indexmap	2.14.0	wasmtime	45.0.3	wiggle	45.0.3	normal:all	false		true
indexmap	2.14.0	wasmtime-environ	45.0.3	wasmtime	45.0.3	normal:all	false		true
indexmap	2.14.0	wasmtime-environ	45.0.3	wasmtime-internal-cache	45.0.3	normal:all	false		true
indexmap	2.14.0	wasmtime-environ	45.0.3	wasmtime-internal-cranelift	45.0.3	normal:all	false		true
indexmap	2.14.0	wasmtime-environ	45.0.3	wasmtime-internal-fiber	45.0.3	normal:all	false		true
indexmap	2.14.0	wasmtime-environ	45.0.3	wasmtime-internal-unwinder	45.0.3	normal:all	false		true
indexmap	2.14.0	wasmtime-environ	45.0.3	wiggle	45.0.3	normal:all	false		true
indexmap	2.14.0	wasmtime-environ	45.0.3	wiggle-generate	45.0.3	normal:all	false		true
indexmap	2.14.0	wasmtime-internal-cache	45.0.3	wasmtime	45.0.3	normal:all	false		true
indexmap	2.14.0	wasmtime-internal-component-macro	45.0.3	wasmtime	45.0.3	normal:all	false		true
indexmap	2.14.0	wasmtime-internal-cranelift	45.0.3	wasmtime	45.0.3	normal:all	false		true
indexmap	2.14.0	wasmtime-internal-fiber	45.0.3	wasmtime	45.0.3	normal:all	false		true
indexmap	2.14.0	wasmtime-internal-jit-debug	45.0.3	wasmtime	45.0.3	normal:all	false		true
indexmap	2.14.0	wasmtime-internal-unwinder	45.0.3	wasmtime	45.0.3	normal:all	false		true
indexmap	2.14.0	wasmtime-internal-unwinder	45.0.3	wasmtime-internal-cranelift	45.0.3	normal:all	false		true
indexmap	2.14.0	wasmtime-internal-wit-bindgen	45.0.3	wasmtime-internal-component-macro	45.0.3	normal:all	false		true
indexmap	2.14.0	wasmtime-wasi	45.0.3	sentinel-wasm	0.1.0	normal:all	true		true
indexmap	2.14.0	wasmtime-wasi-io	45.0.3	wasmtime-wasi	45.0.3	normal:all	false		true
indexmap	2.14.0	wiggle	45.0.3	wasmtime-wasi	45.0.3	normal:all	false		true
indexmap	2.14.0	wiggle-generate	45.0.3	wiggle-macro	45.0.3	normal:all	false		true
indexmap	2.14.0	wiggle-macro	45.0.3	wiggle	45.0.3	normal:all	false		true
indexmap	2.14.0	wit-parser	0.248.0	wasmtime-internal-component-macro	45.0.3	normal:all	false		true
indexmap	2.14.0	wit-parser	0.248.0	wasmtime-internal-wit-bindgen	45.0.3	normal:all	false		true
indexmap	2.14.0	zenoh	1.7.2	sentinel-zenoh	0.1.0	normal:all	true		true
indexmap	2.14.0	zenoh-config	1.7.2	zenoh	1.7.2	normal:all	false		true
indexmap	2.14.0	zenoh-config	1.7.2	zenoh-link	1.7.2	normal:all	false		true
indexmap	2.14.0	zenoh-config	1.7.2	zenoh-link-commons	1.7.2	normal:all	false		true
indexmap	2.14.0	zenoh-config	1.7.2	zenoh-link-quic	1.7.2	normal:all	false		true
indexmap	2.14.0	zenoh-config	1.7.2	zenoh-link-tcp	1.7.2	normal:all	false		true
indexmap	2.14.0	zenoh-config	1.7.2	zenoh-link-tls	1.7.2	normal:all	false		true
indexmap	2.14.0	zenoh-config	1.7.2	zenoh-plugin-trait	1.7.2	normal:all	false		true
indexmap	2.14.0	zenoh-config	1.7.2	zenoh-transport	1.7.2	normal:all	false		true
indexmap	2.14.0	zenoh-link	1.7.2	zenoh	1.7.2	normal:all	false		true
indexmap	2.14.0	zenoh-link	1.7.2	zenoh-transport	1.7.2	normal:all	false		true
indexmap	2.14.0	zenoh-link-commons	1.7.2	zenoh	1.7.2	normal:all	false		true
indexmap	2.14.0	zenoh-link-commons	1.7.2	zenoh-link	1.7.2	normal:all	false		true
indexmap	2.14.0	zenoh-link-commons	1.7.2	zenoh-link-quic	1.7.2	normal:all	false		true
indexmap	2.14.0	zenoh-link-commons	1.7.2	zenoh-link-quic_datagram	1.7.2	normal:all	false		true
indexmap	2.14.0	zenoh-link-commons	1.7.2	zenoh-link-tcp	1.7.2	normal:all	false		true
indexmap	2.14.0	zenoh-link-commons	1.7.2	zenoh-link-tls	1.7.2	normal:all	false		true
indexmap	2.14.0	zenoh-link-commons	1.7.2	zenoh-link-udp	1.7.2	normal:all	false		true
indexmap	2.14.0	zenoh-link-commons	1.7.2	zenoh-link-unixsock_stream	1.7.2	normal:all	false		true
indexmap	2.14.0	zenoh-link-commons	1.7.2	zenoh-link-ws	1.7.2	normal:all	false		true
indexmap	2.14.0	zenoh-link-commons	1.7.2	zenoh-transport	1.7.2	normal:all	false		true
indexmap	2.14.0	zenoh-link-quic	1.7.2	zenoh-link	1.7.2	normal:all	false		true
indexmap	2.14.0	zenoh-link-quic_datagram	1.7.2	zenoh-link	1.7.2	normal:all	false		true
indexmap	2.14.0	zenoh-link-tcp	1.7.2	zenoh-link	1.7.2	normal:all	false		true
indexmap	2.14.0	zenoh-link-tls	1.7.2	zenoh-link	1.7.2	normal:all	false		true
indexmap	2.14.0	zenoh-link-udp	1.7.2	zenoh-link	1.7.2	normal:all	false		true
indexmap	2.14.0	zenoh-link-unixsock_stream	1.7.2	zenoh-link	1.7.2	normal:all	false		true
indexmap	2.14.0	zenoh-link-ws	1.7.2	zenoh-link	1.7.2	normal:all	false		true
indexmap	2.14.0	zenoh-plugin-trait	1.7.2	zenoh	1.7.2	normal:all	false		true
indexmap	2.14.0	zenoh-transport	1.7.2	zenoh	1.7.2	normal:all	false		true
itertools	0.10.5	criterion	0.5.1	sentinel-telemetry	0.1.0	dev:all	true		true
itertools	0.10.5	criterion	0.5.1	sentinel-zenoh	0.1.0	dev:all	true		true
itertools	0.10.5	criterion-plot	0.5.0	criterion	0.5.1	normal:all	false		true
itertools	0.10.5	itertools	0.10.5	criterion	0.5.1	normal:all	false		true
itertools	0.10.5	itertools	0.10.5	criterion-plot	0.5.0	normal:all	false		true
itertools	0.10.5	sentinel-console-plane	0.1.0	sentinel-dashboard-backend	0.1.0	normal:all	true	A	true
itertools	0.10.5	sentinel-ecs	0.1.0	sentinel-daemon	0.1.0	normal:all	true	A	true
itertools	0.10.5	sentinel-ecs	0.1.0	sentinel-runtime	0.1.0	normal:all	true		true
itertools	0.10.5	sentinel-fs	0.1.0	sentinel-console-plane	0.1.0	normal:all	true		true
itertools	0.10.5	sentinel-fs	0.1.0	sentinel-daemon	0.1.0	normal:all	true	A	true
itertools	0.10.5	sentinel-fs	0.1.0	sentinel-microvm	0.1.0	normal:all	true		true
itertools	0.10.5	sentinel-fs	0.1.0	sentinel-sandbox	0.1.0	normal:all	true		true
itertools	0.10.5	sentinel-gaia-loop	0.1.0	sentinel-dashboard-backend	0.1.0	normal:all	true	A	true
itertools	0.10.5	sentinel-limbo	0.1.0	sentinel-daemon	0.1.0	normal:all	true	A	true
itertools	0.10.5	sentinel-limbo	0.1.0	sentinel-dashboard-backend	0.1.0	normal:all	true	A	true
itertools	0.10.5	sentinel-limbo	0.1.0	sentinel-ecs	0.1.0	normal:all	true		true
itertools	0.10.5	sentinel-limbo	0.1.0	sentinel-gaia-loop	0.1.0	normal:all	true	A	true
itertools	0.10.5	sentinel-limbo	0.1.0	sentinel-gaia-memory	0.1.0	dev:all	true		true
itertools	0.10.5	sentinel-limbo	0.1.0	sentinel-nightrun	0.1.0	normal:all	true	C	true
itertools	0.10.5	sentinel-limbo	0.1.0	sentinel-projection	0.1.0	normal:all	true		true
itertools	0.10.5	sentinel-limbo	0.1.0	sentinel-projection-service	0.1.0	normal:all	true	A	true
itertools	0.10.5	sentinel-limbo	0.1.0	sentinel-runtime	0.1.0	dev:all;normal:all	true		true
itertools	0.10.5	sentinel-projection	0.1.0	sentinel-daemon	0.1.0	normal:all	true	A	true
itertools	0.10.5	sentinel-projection	0.1.0	sentinel-dashboard-backend	0.1.0	normal:all	true	A	true
itertools	0.10.5	sentinel-projection	0.1.0	sentinel-gaia-memory	0.1.0	dev:all	true		true
itertools	0.10.5	sentinel-projection	0.1.0	sentinel-projection-service	0.1.0	normal:all	true	A	true
itertools	0.10.5	sentinel-redb	0.1.0	sentinel-daemon	0.1.0	normal:all	true	A	true
itertools	0.10.5	sentinel-redb	0.1.0	sentinel-ecs	0.1.0	normal:all	true		true
itertools	0.10.5	sentinel-runtime	0.1.0	sentinel-daemon	0.1.0	normal:all	true	A	true
itertools	0.10.5	sentinel-sandbox	0.1.0	sentinel-daemon	0.1.0	normal:all	true	A	true
itertools	0.10.5	sentinel-telemetry	0.1.0	sentinel-daemon	0.1.0	normal:all	true	A	true
itertools	0.10.5	sentinel-telemetry	0.1.0	sentinel-ecs	0.1.0	dev:all	true		true
itertools	0.10.5	sentinel-telemetry	0.1.0	sentinel-fs	0.1.0	normal:all	true		true
itertools	0.10.5	sentinel-telemetry	0.1.0	sentinel-limbo	0.1.0	normal:all	true		true
itertools	0.10.5	sentinel-telemetry	0.1.0	sentinel-nightrun	0.1.0	normal:all	true	C	true
itertools	0.10.5	sentinel-telemetry	0.1.0	sentinel-projection	0.1.0	normal:all	true		true
itertools	0.10.5	sentinel-telemetry	0.1.0	sentinel-projection-service	0.1.0	normal:all	true	A	true
itertools	0.10.5	sentinel-telemetry	0.1.0	sentinel-redb	0.1.0	normal:all	true		true
itertools	0.10.5	sentinel-telemetry	0.1.0	sentinel-zenoh	0.1.0	normal:all	true		true
itertools	0.10.5	sentinel-zenoh	0.1.0	sentinel-daemon	0.1.0	normal:all	true	A	true
itertools	0.10.5	sentinel-zenoh	0.1.0	sentinel-sandbox	0.1.0	normal:all	true		true
itertools	0.13.0	criterion	0.8.2	sentinel-daemon	0.1.0	dev:all	true	A	true
itertools	0.13.0	criterion	0.8.2	sentinel-ecs	0.1.0	dev:all	true		true
itertools	0.13.0	criterion	0.8.2	sentinel-fs	0.1.0	dev:all	true		true
itertools	0.13.0	criterion	0.8.2	sentinel-gaia-memory	0.1.0	dev:all	true		true
itertools	0.13.0	criterion	0.8.2	sentinel-hippocampus	0.1.0	dev:all	true		true
itertools	0.13.0	criterion	0.8.2	sentinel-limbo	0.1.0	dev:all	true		true
itertools	0.13.0	criterion	0.8.2	sentinel-nightrun	0.1.0	dev:all	true	C	true
itertools	0.13.0	criterion	0.8.2	sentinel-projection	0.1.0	dev:all	true		true
itertools	0.13.0	criterion	0.8.2	sentinel-runtime	0.1.0	dev:all	true		true
itertools	0.13.0	criterion	0.8.2	sentinel-sandbox	0.1.0	dev:all	true		true
itertools	0.13.0	criterion	0.8.2	sentinel-wasm	0.1.0	dev:all	true		true
itertools	0.13.0	criterion-plot	0.8.2	criterion	0.8.2	normal:all	false		true
itertools	0.13.0	itertools	0.13.0	criterion	0.8.2	normal:all	false		true
itertools	0.13.0	itertools	0.13.0	criterion-plot	0.8.2	normal:all	false		true
itertools	0.13.0	sentinel-console-plane	0.1.0	sentinel-dashboard-backend	0.1.0	normal:all	true	A	true
itertools	0.13.0	sentinel-ecs	0.1.0	sentinel-daemon	0.1.0	normal:all	true	A	true
itertools	0.13.0	sentinel-ecs	0.1.0	sentinel-runtime	0.1.0	normal:all	true		true
itertools	0.13.0	sentinel-fs	0.1.0	sentinel-console-plane	0.1.0	normal:all	true		true
itertools	0.13.0	sentinel-fs	0.1.0	sentinel-daemon	0.1.0	normal:all	true	A	true
itertools	0.13.0	sentinel-fs	0.1.0	sentinel-microvm	0.1.0	normal:all	true		true
itertools	0.13.0	sentinel-fs	0.1.0	sentinel-sandbox	0.1.0	normal:all	true		true
itertools	0.13.0	sentinel-gaia-loop	0.1.0	sentinel-dashboard-backend	0.1.0	normal:all	true	A	true
itertools	0.13.0	sentinel-hippocampus	0.1.0	sentinel-daemon	0.1.0	normal:all	true	A	true
itertools	0.13.0	sentinel-hippocampus	0.1.0	sentinel-gaia-memory	0.1.0	normal:all	true		true
itertools	0.13.0	sentinel-hippocampus	0.1.0	sentinel-nightrun	0.1.0	normal:all	true	C	true
itertools	0.13.0	sentinel-limbo	0.1.0	sentinel-daemon	0.1.0	normal:all	true	A	true
itertools	0.13.0	sentinel-limbo	0.1.0	sentinel-dashboard-backend	0.1.0	normal:all	true	A	true
itertools	0.13.0	sentinel-limbo	0.1.0	sentinel-ecs	0.1.0	normal:all	true		true
itertools	0.13.0	sentinel-limbo	0.1.0	sentinel-gaia-loop	0.1.0	normal:all	true	A	true
itertools	0.13.0	sentinel-limbo	0.1.0	sentinel-gaia-memory	0.1.0	dev:all	true		true
itertools	0.13.0	sentinel-limbo	0.1.0	sentinel-nightrun	0.1.0	normal:all	true	C	true
itertools	0.13.0	sentinel-limbo	0.1.0	sentinel-projection	0.1.0	normal:all	true		true
itertools	0.13.0	sentinel-limbo	0.1.0	sentinel-projection-service	0.1.0	normal:all	true	A	true
itertools	0.13.0	sentinel-limbo	0.1.0	sentinel-runtime	0.1.0	dev:all;normal:all	true		true
itertools	0.13.0	sentinel-projection	0.1.0	sentinel-daemon	0.1.0	normal:all	true	A	true
itertools	0.13.0	sentinel-projection	0.1.0	sentinel-dashboard-backend	0.1.0	normal:all	true	A	true
itertools	0.13.0	sentinel-projection	0.1.0	sentinel-gaia-memory	0.1.0	dev:all	true		true
itertools	0.13.0	sentinel-projection	0.1.0	sentinel-projection-service	0.1.0	normal:all	true	A	true
itertools	0.13.0	sentinel-runtime	0.1.0	sentinel-daemon	0.1.0	normal:all	true	A	true
itertools	0.13.0	sentinel-sandbox	0.1.0	sentinel-daemon	0.1.0	normal:all	true	A	true
itertools	0.13.0	sentinel-wasm	0.1.0	sentinel-daemon	0.1.0	normal:all	true	A	true
itertools	0.13.0	sentinel-wasm	0.1.0	sentinel-ecs	0.1.0	normal:all	true		true
itertools	0.14.0	itertools	0.14.0	wasmtime-internal-cranelift	45.0.3	normal:all	false		true
itertools	0.14.0	itertools	0.14.0	zenoh	1.7.2	normal:all	false		true
itertools	0.14.0	sentinel-ecs	0.1.0	sentinel-daemon	0.1.0	normal:all	true	A	true
itertools	0.14.0	sentinel-ecs	0.1.0	sentinel-runtime	0.1.0	normal:all	true		true
itertools	0.14.0	sentinel-runtime	0.1.0	sentinel-daemon	0.1.0	normal:all	true	A	true
itertools	0.14.0	sentinel-sandbox	0.1.0	sentinel-daemon	0.1.0	normal:all	true	A	true
itertools	0.14.0	sentinel-wasm	0.1.0	sentinel-daemon	0.1.0	normal:all	true	A	true
itertools	0.14.0	sentinel-wasm	0.1.0	sentinel-ecs	0.1.0	normal:all	true		true
itertools	0.14.0	sentinel-zenoh	0.1.0	sentinel-daemon	0.1.0	normal:all	true	A	true
itertools	0.14.0	sentinel-zenoh	0.1.0	sentinel-sandbox	0.1.0	normal:all	true		true
itertools	0.14.0	wasmtime	45.0.3	sentinel-wasm	0.1.0	normal:all	true		true
itertools	0.14.0	wasmtime	45.0.3	wasmtime-wasi	45.0.3	normal:all	false		true
itertools	0.14.0	wasmtime	45.0.3	wasmtime-wasi-io	45.0.3	normal:all	false		true
itertools	0.14.0	wasmtime	45.0.3	wiggle	45.0.3	normal:all	false		true
itertools	0.14.0	wasmtime-internal-cranelift	45.0.3	wasmtime	45.0.3	normal:all	false		true
itertools	0.14.0	wasmtime-wasi	45.0.3	sentinel-wasm	0.1.0	normal:all	true		true
itertools	0.14.0	wasmtime-wasi-io	45.0.3	wasmtime-wasi	45.0.3	normal:all	false		true
itertools	0.14.0	wiggle	45.0.3	wasmtime-wasi	45.0.3	normal:all	false		true
itertools	0.14.0	zenoh	1.7.2	sentinel-zenoh	0.1.0	normal:all	true		true
nix	0.29.0	nix	0.29.0	zenoh-link-unixsock_stream	1.7.2	normal:all	false		true
nix	0.29.0	sentinel-sandbox	0.1.0	sentinel-daemon	0.1.0	normal:all	true	A	true
nix	0.29.0	sentinel-zenoh	0.1.0	sentinel-daemon	0.1.0	normal:all	true	A	true
nix	0.29.0	sentinel-zenoh	0.1.0	sentinel-sandbox	0.1.0	normal:all	true		true
nix	0.29.0	zenoh	1.7.2	sentinel-zenoh	0.1.0	normal:all	true		true
nix	0.29.0	zenoh-link	1.7.2	zenoh	1.7.2	normal:all	false		true
nix	0.29.0	zenoh-link	1.7.2	zenoh-transport	1.7.2	normal:all	false		true
nix	0.29.0	zenoh-link-unixsock_stream	1.7.2	zenoh-link	1.7.2	normal:all	false		true
nix	0.29.0	zenoh-transport	1.7.2	zenoh	1.7.2	normal:all	false		true
nix	0.30.1	fuser	0.17.0	sentinel-fs	0.1.0	normal:all	true		true
nix	0.30.1	nix	0.30.1	fuser	0.17.0	normal:all	false		true
nix	0.30.1	sentinel-console-plane	0.1.0	sentinel-dashboard-backend	0.1.0	normal:all	true	A	true
nix	0.30.1	sentinel-fs	0.1.0	sentinel-console-plane	0.1.0	normal:all	true		true
nix	0.30.1	sentinel-fs	0.1.0	sentinel-daemon	0.1.0	normal:all	true	A	true
nix	0.30.1	sentinel-fs	0.1.0	sentinel-microvm	0.1.0	normal:all	true		true
nix	0.30.1	sentinel-fs	0.1.0	sentinel-sandbox	0.1.0	normal:all	true		true
nix	0.30.1	sentinel-sandbox	0.1.0	sentinel-daemon	0.1.0	normal:all	true	A	true
object	0.38.1	aya	0.13.2	aya-log	0.2.2	normal:all	false		true
object	0.38.1	aya	0.13.2	sentinel-ebpf	0.1.0	normal:all	true		true
object	0.38.1	aya-log	0.2.2	sentinel-ebpf	0.1.0	normal:all	true		true
object	0.38.1	aya-obj	0.2.2	aya	0.13.2	normal:all	false		true
object	0.38.1	object	0.38.1	aya	0.13.2	normal:all	false		true
object	0.38.1	object	0.38.1	aya-obj	0.2.2	normal:all	false		true
object	0.38.1	object	0.38.1	sentinel-ebpf	0.1.0	normal:all	true		true
object	0.38.1	sentinel-ebpf	0.1.0	sentinel-daemon	0.1.0	normal:all	true	A	true
object	0.39.1	object	0.39.1	wasmtime	45.0.3	normal:all	false		true
object	0.39.1	object	0.39.1	wasmtime-environ	45.0.3	normal:all	false		true
object	0.39.1	object	0.39.1	wasmtime-internal-cranelift	45.0.3	normal:all	false		true
object	0.39.1	object	0.39.1	wasmtime-internal-jit-debug	45.0.3	normal:all	false		true
object	0.39.1	object	0.39.1	wasmtime-internal-unwinder	45.0.3	normal:all	false		true
object	0.39.1	sentinel-ecs	0.1.0	sentinel-daemon	0.1.0	normal:all	true	A	true
object	0.39.1	sentinel-ecs	0.1.0	sentinel-runtime	0.1.0	normal:all	true		true
object	0.39.1	sentinel-runtime	0.1.0	sentinel-daemon	0.1.0	normal:all	true	A	true
object	0.39.1	sentinel-wasm	0.1.0	sentinel-daemon	0.1.0	normal:all	true	A	true
object	0.39.1	sentinel-wasm	0.1.0	sentinel-ecs	0.1.0	normal:all	true		true
object	0.39.1	wasmtime	45.0.3	sentinel-wasm	0.1.0	normal:all	true		true
object	0.39.1	wasmtime	45.0.3	wasmtime-wasi	45.0.3	normal:all	false		true
object	0.39.1	wasmtime	45.0.3	wasmtime-wasi-io	45.0.3	normal:all	false		true
object	0.39.1	wasmtime	45.0.3	wiggle	45.0.3	normal:all	false		true
object	0.39.1	wasmtime-environ	45.0.3	wasmtime	45.0.3	normal:all	false		true
object	0.39.1	wasmtime-environ	45.0.3	wasmtime-internal-cache	45.0.3	normal:all	false		true
object	0.39.1	wasmtime-environ	45.0.3	wasmtime-internal-cranelift	45.0.3	normal:all	false		true
object	0.39.1	wasmtime-environ	45.0.3	wasmtime-internal-fiber	45.0.3	normal:all	false		true
object	0.39.1	wasmtime-environ	45.0.3	wasmtime-internal-unwinder	45.0.3	normal:all	false		true
object	0.39.1	wasmtime-environ	45.0.3	wiggle	45.0.3	normal:all	false		true
object	0.39.1	wasmtime-environ	45.0.3	wiggle-generate	45.0.3	normal:all	false		true
object	0.39.1	wasmtime-internal-cache	45.0.3	wasmtime	45.0.3	normal:all	false		true
object	0.39.1	wasmtime-internal-cranelift	45.0.3	wasmtime	45.0.3	normal:all	false		true
object	0.39.1	wasmtime-internal-fiber	45.0.3	wasmtime	45.0.3	normal:all	false		true
object	0.39.1	wasmtime-internal-jit-debug	45.0.3	wasmtime	45.0.3	normal:all	false		true
object	0.39.1	wasmtime-internal-unwinder	45.0.3	wasmtime	45.0.3	normal:all	false		true
object	0.39.1	wasmtime-internal-unwinder	45.0.3	wasmtime-internal-cranelift	45.0.3	normal:all	false		true
object	0.39.1	wasmtime-wasi	45.0.3	sentinel-wasm	0.1.0	normal:all	true		true
object	0.39.1	wasmtime-wasi-io	45.0.3	wasmtime-wasi	45.0.3	normal:all	false		true
object	0.39.1	wiggle	45.0.3	wasmtime-wasi	45.0.3	normal:all	false		true
object	0.39.1	wiggle-generate	45.0.3	wiggle-macro	45.0.3	normal:all	false		true
object	0.39.1	wiggle-macro	45.0.3	wiggle	45.0.3	normal:all	false		true
petgraph	0.6.5	petgraph	0.6.5	wasm-compose	0.248.0	normal:all	false		true
petgraph	0.6.5	sentinel-ecs	0.1.0	sentinel-daemon	0.1.0	normal:all	true	A	true
petgraph	0.6.5	sentinel-ecs	0.1.0	sentinel-runtime	0.1.0	normal:all	true		true
petgraph	0.6.5	sentinel-runtime	0.1.0	sentinel-daemon	0.1.0	normal:all	true	A	true
petgraph	0.6.5	sentinel-wasm	0.1.0	sentinel-daemon	0.1.0	normal:all	true	A	true
petgraph	0.6.5	sentinel-wasm	0.1.0	sentinel-ecs	0.1.0	normal:all	true		true
petgraph	0.6.5	wasm-compose	0.248.0	wasmtime	45.0.3	normal:all	false		true
petgraph	0.6.5	wasmtime	45.0.3	sentinel-wasm	0.1.0	normal:all	true		true
petgraph	0.6.5	wasmtime	45.0.3	wasmtime-wasi	45.0.3	normal:all	false		true
petgraph	0.6.5	wasmtime	45.0.3	wasmtime-wasi-io	45.0.3	normal:all	false		true
petgraph	0.6.5	wasmtime	45.0.3	wiggle	45.0.3	normal:all	false		true
petgraph	0.6.5	wasmtime-wasi	45.0.3	sentinel-wasm	0.1.0	normal:all	true		true
petgraph	0.6.5	wasmtime-wasi-io	45.0.3	wasmtime-wasi	45.0.3	normal:all	false		true
petgraph	0.6.5	wiggle	45.0.3	wasmtime-wasi	45.0.3	normal:all	false		true
petgraph	0.8.3	petgraph	0.8.3	zenoh	1.7.2	normal:all	false		true
petgraph	0.8.3	sentinel-sandbox	0.1.0	sentinel-daemon	0.1.0	normal:all	true	A	true
petgraph	0.8.3	sentinel-zenoh	0.1.0	sentinel-daemon	0.1.0	normal:all	true	A	true
petgraph	0.8.3	sentinel-zenoh	0.1.0	sentinel-sandbox	0.1.0	normal:all	true		true
petgraph	0.8.3	zenoh	1.7.2	sentinel-zenoh	0.1.0	normal:all	true		true
rand	0.10.1	rand	0.10.1	wasmtime-wasi	45.0.3	normal:all	false		true
rand	0.10.1	sentinel-ecs	0.1.0	sentinel-daemon	0.1.0	normal:all	true	A	true
rand	0.10.1	sentinel-ecs	0.1.0	sentinel-runtime	0.1.0	normal:all	true		true
rand	0.10.1	sentinel-runtime	0.1.0	sentinel-daemon	0.1.0	normal:all	true	A	true
rand	0.10.1	sentinel-wasm	0.1.0	sentinel-daemon	0.1.0	normal:all	true	A	true
rand	0.10.1	sentinel-wasm	0.1.0	sentinel-ecs	0.1.0	normal:all	true		true
rand	0.10.1	wasmtime-wasi	45.0.3	sentinel-wasm	0.1.0	normal:all	true		true
rand	0.8.6	async-nats	0.47.0	sentinel-daemon	0.1.0	normal:all	true	A	true
rand	0.8.6	async-nats	0.47.0	sentinel-dashboard-backend	0.1.0	normal:all	true	A	true
rand	0.8.6	async-nats	0.47.0	sentinel-gaia-loop	0.1.0	normal:all	true	A	true
rand	0.8.6	nkeys	0.4.5	async-nats	0.47.0	normal:all	false		true
rand	0.8.6	nuid	0.5.0	async-nats	0.47.0	normal:all	false		true
rand	0.8.6	num-bigint-dig	0.8.6	rsa	0.9.10	normal:all	false		true
rand	0.8.6	rand	0.8.6	async-nats	0.47.0	normal:all	false		true
rand	0.8.6	rand	0.8.6	nkeys	0.4.5	normal:all	false		true
rand	0.8.6	rand	0.8.6	nuid	0.5.0	normal:all	false		true
rand	0.8.6	rand	0.8.6	num-bigint-dig	0.8.6	normal:all	false		true
rand	0.8.6	rand	0.8.6	stabby-macros	72.1.4	normal:all	false		true
rand	0.8.6	rand	0.8.6	tokio-websockets	0.10.1	normal:all	false		true
rand	0.8.6	rand	0.8.6	tungstenite	0.24.0	normal:all	false		true
rand	0.8.6	rand	0.8.6	uhlc	0.8.2	normal:all	false		true
rand	0.8.6	rand	0.8.6	zenoh	1.7.2	normal:all	false		true
rand	0.8.6	rand	0.8.6	zenoh-crypto	1.7.2	normal:all	false		true
rand	0.8.6	rand	0.8.6	zenoh-keyexpr	1.7.2	normal:all	false		true
rand	0.8.6	rand	0.8.6	zenoh-transport	1.7.2	normal:all	false		true
rand	0.8.6	rsa	0.9.10	zenoh-transport	1.7.2	normal:all	false		true
rand	0.8.6	sentinel-gaia-loop	0.1.0	sentinel-dashboard-backend	0.1.0	normal:all	true	A	true
rand	0.8.6	sentinel-sandbox	0.1.0	sentinel-daemon	0.1.0	normal:all	true	A	true
rand	0.8.6	sentinel-zenoh	0.1.0	sentinel-daemon	0.1.0	normal:all	true	A	true
rand	0.8.6	sentinel-zenoh	0.1.0	sentinel-sandbox	0.1.0	normal:all	true		true
rand	0.8.6	stabby	72.1.4	zenoh-plugin-trait	1.7.2	normal:all	false		true
rand	0.8.6	stabby-abi	72.1.4	stabby	72.1.4	normal:all	false		true
rand	0.8.6	stabby-macros	72.1.4	stabby-abi	72.1.4	normal:all	false		true
rand	0.8.6	tokio-tungstenite	0.24.0	zenoh-link-ws	1.7.2	normal:all	false		true
rand	0.8.6	tokio-websockets	0.10.1	async-nats	0.47.0	normal:all	false		true
rand	0.8.6	tungstenite	0.24.0	tokio-tungstenite	0.24.0	normal:all	false		true
rand	0.8.6	uhlc	0.8.2	zenoh	1.7.2	normal:all	false		true
rand	0.8.6	uhlc	0.8.2	zenoh-codec	1.7.2	normal:all	false		true
rand	0.8.6	uhlc	0.8.2	zenoh-config	1.7.2	normal:all	false		true
rand	0.8.6	uhlc	0.8.2	zenoh-protocol	1.7.2	normal:all	false		true
rand	0.8.6	zenoh	1.7.2	sentinel-zenoh	0.1.0	normal:all	true		true
rand	0.8.6	zenoh-codec	1.7.2	zenoh	1.7.2	normal:all	false		true
rand	0.8.6	zenoh-codec	1.7.2	zenoh-link-commons	1.7.2	normal:all	false		true
rand	0.8.6	zenoh-codec	1.7.2	zenoh-transport	1.7.2	normal:all	false		true
rand	0.8.6	zenoh-config	1.7.2	zenoh	1.7.2	normal:all	false		true
rand	0.8.6	zenoh-config	1.7.2	zenoh-link	1.7.2	normal:all	false		true
rand	0.8.6	zenoh-config	1.7.2	zenoh-link-commons	1.7.2	normal:all	false		true
rand	0.8.6	zenoh-config	1.7.2	zenoh-link-quic	1.7.2	normal:all	false		true
rand	0.8.6	zenoh-config	1.7.2	zenoh-link-tcp	1.7.2	normal:all	false		true
rand	0.8.6	zenoh-config	1.7.2	zenoh-link-tls	1.7.2	normal:all	false		true
rand	0.8.6	zenoh-config	1.7.2	zenoh-plugin-trait	1.7.2	normal:all	false		true
rand	0.8.6	zenoh-config	1.7.2	zenoh-transport	1.7.2	normal:all	false		true
rand	0.8.6	zenoh-core	1.7.2	zenoh	1.7.2	normal:all	false		true
rand	0.8.6	zenoh-core	1.7.2	zenoh-config	1.7.2	normal:all	false		true
rand	0.8.6	zenoh-core	1.7.2	zenoh-link-commons	1.7.2	normal:all	false		true
rand	0.8.6	zenoh-core	1.7.2	zenoh-link-quic	1.7.2	normal:all	false		true
rand	0.8.6	zenoh-core	1.7.2	zenoh-link-quic_datagram	1.7.2	normal:all	false		true
rand	0.8.6	zenoh-core	1.7.2	zenoh-link-tcp	1.7.2	normal:all	false		true
rand	0.8.6	zenoh-core	1.7.2	zenoh-link-tls	1.7.2	normal:all	false		true
rand	0.8.6	zenoh-core	1.7.2	zenoh-link-udp	1.7.2	normal:all	false		true
rand	0.8.6	zenoh-core	1.7.2	zenoh-link-unixsock_stream	1.7.2	normal:all	false		true
rand	0.8.6	zenoh-core	1.7.2	zenoh-link-ws	1.7.2	normal:all	false		true
rand	0.8.6	zenoh-core	1.7.2	zenoh-sync	1.7.2	normal:all	false		true
rand	0.8.6	zenoh-core	1.7.2	zenoh-task	1.7.2	normal:all	false		true
rand	0.8.6	zenoh-core	1.7.2	zenoh-transport	1.7.2	normal:all	false		true
rand	0.8.6	zenoh-core	1.7.2	zenoh-util	1.7.2	normal:all	false		true
rand	0.8.6	zenoh-crypto	1.7.2	zenoh-transport	1.7.2	normal:all	false		true
rand	0.8.6	zenoh-keyexpr	1.7.2	zenoh	1.7.2	normal:all	false		true
rand	0.8.6	zenoh-keyexpr	1.7.2	zenoh-config	1.7.2	normal:all	false		true
rand	0.8.6	zenoh-keyexpr	1.7.2	zenoh-macros	1.7.2	normal:all	false		true
rand	0.8.6	zenoh-keyexpr	1.7.2	zenoh-plugin-trait	1.7.2	normal:all	false		true
rand	0.8.6	zenoh-keyexpr	1.7.2	zenoh-protocol	1.7.2	normal:all	false		true
rand	0.8.6	zenoh-link	1.7.2	zenoh	1.7.2	normal:all	false		true
rand	0.8.6	zenoh-link	1.7.2	zenoh-transport	1.7.2	normal:all	false		true
rand	0.8.6	zenoh-link-commons	1.7.2	zenoh	1.7.2	normal:all	false		true
rand	0.8.6	zenoh-link-commons	1.7.2	zenoh-link	1.7.2	normal:all	false		true
rand	0.8.6	zenoh-link-commons	1.7.2	zenoh-link-quic	1.7.2	normal:all	false		true
rand	0.8.6	zenoh-link-commons	1.7.2	zenoh-link-quic_datagram	1.7.2	normal:all	false		true
rand	0.8.6	zenoh-link-commons	1.7.2	zenoh-link-tcp	1.7.2	normal:all	false		true
rand	0.8.6	zenoh-link-commons	1.7.2	zenoh-link-tls	1.7.2	normal:all	false		true
rand	0.8.6	zenoh-link-commons	1.7.2	zenoh-link-udp	1.7.2	normal:all	false		true
rand	0.8.6	zenoh-link-commons	1.7.2	zenoh-link-unixsock_stream	1.7.2	normal:all	false		true
rand	0.8.6	zenoh-link-commons	1.7.2	zenoh-link-ws	1.7.2	normal:all	false		true
rand	0.8.6	zenoh-link-commons	1.7.2	zenoh-transport	1.7.2	normal:all	false		true
rand	0.8.6	zenoh-link-quic	1.7.2	zenoh-link	1.7.2	normal:all	false		true
rand	0.8.6	zenoh-link-quic_datagram	1.7.2	zenoh-link	1.7.2	normal:all	false		true
rand	0.8.6	zenoh-link-tcp	1.7.2	zenoh-link	1.7.2	normal:all	false		true
rand	0.8.6	zenoh-link-tls	1.7.2	zenoh-link	1.7.2	normal:all	false		true
rand	0.8.6	zenoh-link-udp	1.7.2	zenoh-link	1.7.2	normal:all	false		true
rand	0.8.6	zenoh-link-unixsock_stream	1.7.2	zenoh-link	1.7.2	normal:all	false		true
rand	0.8.6	zenoh-link-ws	1.7.2	zenoh-link	1.7.2	normal:all	false		true
rand	0.8.6	zenoh-macros	1.7.2	zenoh	1.7.2	normal:all	false		true
rand	0.8.6	zenoh-macros	1.7.2	zenoh-config	1.7.2	normal:all	false		true
rand	0.8.6	zenoh-macros	1.7.2	zenoh-plugin-trait	1.7.2	normal:all	false		true
rand	0.8.6	zenoh-macros	1.7.2	zenoh-runtime	1.7.2	normal:all	false		true
rand	0.8.6	zenoh-plugin-trait	1.7.2	zenoh	1.7.2	normal:all	false		true
rand	0.8.6	zenoh-protocol	1.7.2	zenoh	1.7.2	normal:all	false		true
rand	0.8.6	zenoh-protocol	1.7.2	zenoh-codec	1.7.2	normal:all	false		true
rand	0.8.6	zenoh-protocol	1.7.2	zenoh-config	1.7.2	normal:all	false		true
rand	0.8.6	zenoh-protocol	1.7.2	zenoh-link	1.7.2	normal:all	false		true
rand	0.8.6	zenoh-protocol	1.7.2	zenoh-link-commons	1.7.2	normal:all	false		true
rand	0.8.6	zenoh-protocol	1.7.2	zenoh-link-quic	1.7.2	normal:all	false		true
rand	0.8.6	zenoh-protocol	1.7.2	zenoh-link-quic_datagram	1.7.2	normal:all	false		true
rand	0.8.6	zenoh-protocol	1.7.2	zenoh-link-tcp	1.7.2	normal:all	false		true
rand	0.8.6	zenoh-protocol	1.7.2	zenoh-link-tls	1.7.2	normal:all	false		true
rand	0.8.6	zenoh-protocol	1.7.2	zenoh-link-udp	1.7.2	normal:all	false		true
rand	0.8.6	zenoh-protocol	1.7.2	zenoh-link-unixsock_stream	1.7.2	normal:all	false		true
rand	0.8.6	zenoh-protocol	1.7.2	zenoh-link-ws	1.7.2	normal:all	false		true
rand	0.8.6	zenoh-protocol	1.7.2	zenoh-transport	1.7.2	normal:all	false		true
rand	0.8.6	zenoh-runtime	1.7.2	zenoh	1.7.2	normal:all	false		true
rand	0.8.6	zenoh-runtime	1.7.2	zenoh-core	1.7.2	normal:all	false		true
rand	0.8.6	zenoh-runtime	1.7.2	zenoh-link-commons	1.7.2	normal:all	false		true
rand	0.8.6	zenoh-runtime	1.7.2	zenoh-link-tls	1.7.2	normal:all	false		true
rand	0.8.6	zenoh-runtime	1.7.2	zenoh-link-unixsock_stream	1.7.2	normal:all	false		true
rand	0.8.6	zenoh-runtime	1.7.2	zenoh-link-ws	1.7.2	normal:all	false		true
rand	0.8.6	zenoh-runtime	1.7.2	zenoh-task	1.7.2	normal:all	false		true
rand	0.8.6	zenoh-runtime	1.7.2	zenoh-transport	1.7.2	normal:all	false		true
rand	0.8.6	zenoh-sync	1.7.2	zenoh	1.7.2	normal:all	false		true
rand	0.8.6	zenoh-sync	1.7.2	zenoh-link-udp	1.7.2	normal:all	false		true
rand	0.8.6	zenoh-sync	1.7.2	zenoh-transport	1.7.2	normal:all	false		true
rand	0.8.6	zenoh-task	1.7.2	zenoh	1.7.2	normal:all	false		true
rand	0.8.6	zenoh-task	1.7.2	zenoh-transport	1.7.2	normal:all	false		true
rand	0.8.6	zenoh-transport	1.7.2	zenoh	1.7.2	normal:all	false		true
rand	0.8.6	zenoh-util	1.7.2	zenoh	1.7.2	normal:all	false		true
rand	0.8.6	zenoh-util	1.7.2	zenoh-config	1.7.2	normal:all	false		true
rand	0.8.6	zenoh-util	1.7.2	zenoh-link-commons	1.7.2	normal:all	false		true
rand	0.8.6	zenoh-util	1.7.2	zenoh-link-quic	1.7.2	normal:all	false		true
rand	0.8.6	zenoh-util	1.7.2	zenoh-link-quic_datagram	1.7.2	normal:all	false		true
rand	0.8.6	zenoh-util	1.7.2	zenoh-link-udp	1.7.2	normal:all	false		true
rand	0.8.6	zenoh-util	1.7.2	zenoh-link-ws	1.7.2	normal:all	false		true
rand	0.8.6	zenoh-util	1.7.2	zenoh-plugin-trait	1.7.2	normal:all	false		true
rand	0.8.6	zenoh-util	1.7.2	zenoh-transport	1.7.2	normal:all	false		true
rand	0.9.4	bolero	0.13.4	sentinel-bio	0.1.0	dev:all	true		true
rand	0.9.4	bolero	0.13.4	sentinel-physics	0.1.0	dev:all	true		true
rand	0.9.4	bolero-afl	0.13.0	bolero	0.13.4	normal:cfg(fuzzing_afl)	false		true
rand	0.9.4	bolero-engine	0.13.4	bolero	0.13.4	normal:all;normal:cfg(fuzzing_random);normal:cfg(not(any(fuzzing, kani)))	false		true
rand	0.9.4	bolero-engine	0.13.4	bolero-afl	0.13.0	normal:all	false		true
rand	0.9.4	bolero-engine	0.13.4	bolero-honggfuzz	0.13.0	normal:all	false		true
rand	0.9.4	bolero-engine	0.13.4	bolero-kani	0.13.0	normal:all	false		true
rand	0.9.4	bolero-engine	0.13.4	bolero-libfuzzer	0.13.0	normal:all	false		true
rand	0.9.4	bolero-honggfuzz	0.13.0	bolero	0.13.4	normal:cfg(fuzzing_honggfuzz)	false		true
rand	0.9.4	bolero-kani	0.13.0	bolero	0.13.4	normal:cfg(kani)	false		true
rand	0.9.4	bolero-libfuzzer	0.13.0	bolero	0.13.4	normal:cfg(fuzzing_libfuzzer)	false		true
rand	0.9.4	fastbloom	0.14.1	quinn-proto	0.11.15	normal:all	false		true
rand	0.9.4	quinn	0.11.9	sentinel-cluster-control	0.1.0	normal:all	true		true
rand	0.9.4	quinn	0.11.9	wtransport	0.6.1	normal:all	false		true
rand	0.9.4	quinn	0.11.9	zenoh-link-commons	1.7.2	normal:all	false		true
rand	0.9.4	quinn	0.11.9	zenoh-link-quic	1.7.2	normal:all	false		true
rand	0.9.4	quinn	0.11.9	zenoh-link-quic_datagram	1.7.2	normal:all	false		true
rand	0.9.4	quinn-proto	0.11.15	quinn	0.11.9	normal:all	false		true
rand	0.9.4	rand	0.9.4	bolero	0.13.4	normal:cfg(fuzzing_random);normal:cfg(not(any(fuzzing, kani)))	false		true
rand	0.9.4	rand	0.9.4	bolero-engine	0.13.4	normal:all	false		true
rand	0.9.4	rand	0.9.4	fastbloom	0.14.1	normal:all	false		true
rand	0.9.4	rand	0.9.4	quinn-proto	0.11.15	normal:all	false		true
rand	0.9.4	sentinel-bio	0.1.0	sentinel-ecs	0.1.0	normal:all	true		true
rand	0.9.4	sentinel-cluster-control	0.1.0	sentinel-daemon	0.1.0	normal:all	true	A	true
rand	0.9.4	sentinel-ecs	0.1.0	sentinel-daemon	0.1.0	normal:all	true	A	true
rand	0.9.4	sentinel-ecs	0.1.0	sentinel-runtime	0.1.0	normal:all	true		true
rand	0.9.4	sentinel-physics	0.1.0	sentinel-ecs	0.1.0	normal:all	true		true
rand	0.9.4	sentinel-physics	0.1.0	sentinel-projection	0.1.0	normal:all	true		true
rand	0.9.4	sentinel-projection	0.1.0	sentinel-daemon	0.1.0	normal:all	true	A	true
rand	0.9.4	sentinel-projection	0.1.0	sentinel-dashboard-backend	0.1.0	normal:all	true	A	true
rand	0.9.4	sentinel-projection	0.1.0	sentinel-gaia-memory	0.1.0	dev:all	true		true
rand	0.9.4	sentinel-projection	0.1.0	sentinel-projection-service	0.1.0	normal:all	true	A	true
rand	0.9.4	sentinel-runtime	0.1.0	sentinel-daemon	0.1.0	normal:all	true	A	true
rand	0.9.4	sentinel-sandbox	0.1.0	sentinel-daemon	0.1.0	normal:all	true	A	true
rand	0.9.4	sentinel-zenoh	0.1.0	sentinel-daemon	0.1.0	normal:all	true	A	true
rand	0.9.4	sentinel-zenoh	0.1.0	sentinel-sandbox	0.1.0	normal:all	true		true
rand	0.9.4	wtransport	0.6.1	sentinel-dashboard-backend	0.1.0	normal:all	true	A	true
rand	0.9.4	zenoh	1.7.2	sentinel-zenoh	0.1.0	normal:all	true		true
rand	0.9.4	zenoh-link	1.7.2	zenoh	1.7.2	normal:all	false		true
rand	0.9.4	zenoh-link	1.7.2	zenoh-transport	1.7.2	normal:all	false		true
rand	0.9.4	zenoh-link-commons	1.7.2	zenoh	1.7.2	normal:all	false		true
rand	0.9.4	zenoh-link-commons	1.7.2	zenoh-link	1.7.2	normal:all	false		true
rand	0.9.4	zenoh-link-commons	1.7.2	zenoh-link-quic	1.7.2	normal:all	false		true
rand	0.9.4	zenoh-link-commons	1.7.2	zenoh-link-quic_datagram	1.7.2	normal:all	false		true
rand	0.9.4	zenoh-link-commons	1.7.2	zenoh-link-tcp	1.7.2	normal:all	false		true
rand	0.9.4	zenoh-link-commons	1.7.2	zenoh-link-tls	1.7.2	normal:all	false		true
rand	0.9.4	zenoh-link-commons	1.7.2	zenoh-link-udp	1.7.2	normal:all	false		true
rand	0.9.4	zenoh-link-commons	1.7.2	zenoh-link-unixsock_stream	1.7.2	normal:all	false		true
rand	0.9.4	zenoh-link-commons	1.7.2	zenoh-link-ws	1.7.2	normal:all	false		true
rand	0.9.4	zenoh-link-commons	1.7.2	zenoh-transport	1.7.2	normal:all	false		true
rand	0.9.4	zenoh-link-quic	1.7.2	zenoh-link	1.7.2	normal:all	false		true
rand	0.9.4	zenoh-link-quic_datagram	1.7.2	zenoh-link	1.7.2	normal:all	false		true
rand	0.9.4	zenoh-link-tcp	1.7.2	zenoh-link	1.7.2	normal:all	false		true
rand	0.9.4	zenoh-link-tls	1.7.2	zenoh-link	1.7.2	normal:all	false		true
rand	0.9.4	zenoh-link-udp	1.7.2	zenoh-link	1.7.2	normal:all	false		true
rand	0.9.4	zenoh-link-unixsock_stream	1.7.2	zenoh-link	1.7.2	normal:all	false		true
rand	0.9.4	zenoh-link-ws	1.7.2	zenoh-link	1.7.2	normal:all	false		true
rand	0.9.4	zenoh-transport	1.7.2	zenoh	1.7.2	normal:all	false		true
rand_chacha	0.3.1	async-nats	0.47.0	sentinel-daemon	0.1.0	normal:all	true	A	true
rand_chacha	0.3.1	async-nats	0.47.0	sentinel-dashboard-backend	0.1.0	normal:all	true	A	true
rand_chacha	0.3.1	async-nats	0.47.0	sentinel-gaia-loop	0.1.0	normal:all	true	A	true
rand_chacha	0.3.1	nkeys	0.4.5	async-nats	0.47.0	normal:all	false		true
rand_chacha	0.3.1	nuid	0.5.0	async-nats	0.47.0	normal:all	false		true
rand_chacha	0.3.1	num-bigint-dig	0.8.6	rsa	0.9.10	normal:all	false		true
rand_chacha	0.3.1	rand	0.8.6	async-nats	0.47.0	normal:all	false		true
rand_chacha	0.3.1	rand	0.8.6	nkeys	0.4.5	normal:all	false		true
rand_chacha	0.3.1	rand	0.8.6	nuid	0.5.0	normal:all	false		true
rand_chacha	0.3.1	rand	0.8.6	num-bigint-dig	0.8.6	normal:all	false		true
rand_chacha	0.3.1	rand	0.8.6	stabby-macros	72.1.4	normal:all	false		true
rand_chacha	0.3.1	rand	0.8.6	tokio-websockets	0.10.1	normal:all	false		true
rand_chacha	0.3.1	rand	0.8.6	tungstenite	0.24.0	normal:all	false		true
rand_chacha	0.3.1	rand	0.8.6	uhlc	0.8.2	normal:all	false		true
rand_chacha	0.3.1	rand	0.8.6	zenoh	1.7.2	normal:all	false		true
rand_chacha	0.3.1	rand	0.8.6	zenoh-crypto	1.7.2	normal:all	false		true
rand_chacha	0.3.1	rand	0.8.6	zenoh-keyexpr	1.7.2	normal:all	false		true
rand_chacha	0.3.1	rand	0.8.6	zenoh-transport	1.7.2	normal:all	false		true
rand_chacha	0.3.1	rand_chacha	0.3.1	rand	0.8.6	normal:all	false		true
rand_chacha	0.3.1	rand_chacha	0.3.1	zenoh-crypto	1.7.2	normal:all	false		true
rand_chacha	0.3.1	rsa	0.9.10	zenoh-transport	1.7.2	normal:all	false		true
rand_chacha	0.3.1	sentinel-gaia-loop	0.1.0	sentinel-dashboard-backend	0.1.0	normal:all	true	A	true
rand_chacha	0.3.1	sentinel-sandbox	0.1.0	sentinel-daemon	0.1.0	normal:all	true	A	true
rand_chacha	0.3.1	sentinel-zenoh	0.1.0	sentinel-daemon	0.1.0	normal:all	true	A	true
rand_chacha	0.3.1	sentinel-zenoh	0.1.0	sentinel-sandbox	0.1.0	normal:all	true		true
rand_chacha	0.3.1	stabby	72.1.4	zenoh-plugin-trait	1.7.2	normal:all	false		true
rand_chacha	0.3.1	stabby-abi	72.1.4	stabby	72.1.4	normal:all	false		true
rand_chacha	0.3.1	stabby-macros	72.1.4	stabby-abi	72.1.4	normal:all	false		true
rand_chacha	0.3.1	tokio-tungstenite	0.24.0	zenoh-link-ws	1.7.2	normal:all	false		true
rand_chacha	0.3.1	tokio-websockets	0.10.1	async-nats	0.47.0	normal:all	false		true
rand_chacha	0.3.1	tungstenite	0.24.0	tokio-tungstenite	0.24.0	normal:all	false		true
rand_chacha	0.3.1	uhlc	0.8.2	zenoh	1.7.2	normal:all	false		true
rand_chacha	0.3.1	uhlc	0.8.2	zenoh-codec	1.7.2	normal:all	false		true
rand_chacha	0.3.1	uhlc	0.8.2	zenoh-config	1.7.2	normal:all	false		true
rand_chacha	0.3.1	uhlc	0.8.2	zenoh-protocol	1.7.2	normal:all	false		true
rand_chacha	0.3.1	zenoh	1.7.2	sentinel-zenoh	0.1.0	normal:all	true		true
rand_chacha	0.3.1	zenoh-codec	1.7.2	zenoh	1.7.2	normal:all	false		true
rand_chacha	0.3.1	zenoh-codec	1.7.2	zenoh-link-commons	1.7.2	normal:all	false		true
rand_chacha	0.3.1	zenoh-codec	1.7.2	zenoh-transport	1.7.2	normal:all	false		true
rand_chacha	0.3.1	zenoh-config	1.7.2	zenoh	1.7.2	normal:all	false		true
rand_chacha	0.3.1	zenoh-config	1.7.2	zenoh-link	1.7.2	normal:all	false		true
rand_chacha	0.3.1	zenoh-config	1.7.2	zenoh-link-commons	1.7.2	normal:all	false		true
rand_chacha	0.3.1	zenoh-config	1.7.2	zenoh-link-quic	1.7.2	normal:all	false		true
rand_chacha	0.3.1	zenoh-config	1.7.2	zenoh-link-tcp	1.7.2	normal:all	false		true
rand_chacha	0.3.1	zenoh-config	1.7.2	zenoh-link-tls	1.7.2	normal:all	false		true
rand_chacha	0.3.1	zenoh-config	1.7.2	zenoh-plugin-trait	1.7.2	normal:all	false		true
rand_chacha	0.3.1	zenoh-config	1.7.2	zenoh-transport	1.7.2	normal:all	false		true
rand_chacha	0.3.1	zenoh-core	1.7.2	zenoh	1.7.2	normal:all	false		true
rand_chacha	0.3.1	zenoh-core	1.7.2	zenoh-config	1.7.2	normal:all	false		true
rand_chacha	0.3.1	zenoh-core	1.7.2	zenoh-link-commons	1.7.2	normal:all	false		true
rand_chacha	0.3.1	zenoh-core	1.7.2	zenoh-link-quic	1.7.2	normal:all	false		true
rand_chacha	0.3.1	zenoh-core	1.7.2	zenoh-link-quic_datagram	1.7.2	normal:all	false		true
rand_chacha	0.3.1	zenoh-core	1.7.2	zenoh-link-tcp	1.7.2	normal:all	false		true
rand_chacha	0.3.1	zenoh-core	1.7.2	zenoh-link-tls	1.7.2	normal:all	false		true
rand_chacha	0.3.1	zenoh-core	1.7.2	zenoh-link-udp	1.7.2	normal:all	false		true
rand_chacha	0.3.1	zenoh-core	1.7.2	zenoh-link-unixsock_stream	1.7.2	normal:all	false		true
rand_chacha	0.3.1	zenoh-core	1.7.2	zenoh-link-ws	1.7.2	normal:all	false		true
rand_chacha	0.3.1	zenoh-core	1.7.2	zenoh-sync	1.7.2	normal:all	false		true
rand_chacha	0.3.1	zenoh-core	1.7.2	zenoh-task	1.7.2	normal:all	false		true
rand_chacha	0.3.1	zenoh-core	1.7.2	zenoh-transport	1.7.2	normal:all	false		true
rand_chacha	0.3.1	zenoh-core	1.7.2	zenoh-util	1.7.2	normal:all	false		true
rand_chacha	0.3.1	zenoh-crypto	1.7.2	zenoh-transport	1.7.2	normal:all	false		true
rand_chacha	0.3.1	zenoh-keyexpr	1.7.2	zenoh	1.7.2	normal:all	false		true
rand_chacha	0.3.1	zenoh-keyexpr	1.7.2	zenoh-config	1.7.2	normal:all	false		true
rand_chacha	0.3.1	zenoh-keyexpr	1.7.2	zenoh-macros	1.7.2	normal:all	false		true
rand_chacha	0.3.1	zenoh-keyexpr	1.7.2	zenoh-plugin-trait	1.7.2	normal:all	false		true
rand_chacha	0.3.1	zenoh-keyexpr	1.7.2	zenoh-protocol	1.7.2	normal:all	false		true
rand_chacha	0.3.1	zenoh-link	1.7.2	zenoh	1.7.2	normal:all	false		true
rand_chacha	0.3.1	zenoh-link	1.7.2	zenoh-transport	1.7.2	normal:all	false		true
rand_chacha	0.3.1	zenoh-link-commons	1.7.2	zenoh	1.7.2	normal:all	false		true
rand_chacha	0.3.1	zenoh-link-commons	1.7.2	zenoh-link	1.7.2	normal:all	false		true
rand_chacha	0.3.1	zenoh-link-commons	1.7.2	zenoh-link-quic	1.7.2	normal:all	false		true
rand_chacha	0.3.1	zenoh-link-commons	1.7.2	zenoh-link-quic_datagram	1.7.2	normal:all	false		true
rand_chacha	0.3.1	zenoh-link-commons	1.7.2	zenoh-link-tcp	1.7.2	normal:all	false		true
rand_chacha	0.3.1	zenoh-link-commons	1.7.2	zenoh-link-tls	1.7.2	normal:all	false		true
rand_chacha	0.3.1	zenoh-link-commons	1.7.2	zenoh-link-udp	1.7.2	normal:all	false		true
rand_chacha	0.3.1	zenoh-link-commons	1.7.2	zenoh-link-unixsock_stream	1.7.2	normal:all	false		true
rand_chacha	0.3.1	zenoh-link-commons	1.7.2	zenoh-link-ws	1.7.2	normal:all	false		true
rand_chacha	0.3.1	zenoh-link-commons	1.7.2	zenoh-transport	1.7.2	normal:all	false		true
rand_chacha	0.3.1	zenoh-link-quic	1.7.2	zenoh-link	1.7.2	normal:all	false		true
rand_chacha	0.3.1	zenoh-link-quic_datagram	1.7.2	zenoh-link	1.7.2	normal:all	false		true
rand_chacha	0.3.1	zenoh-link-tcp	1.7.2	zenoh-link	1.7.2	normal:all	false		true
rand_chacha	0.3.1	zenoh-link-tls	1.7.2	zenoh-link	1.7.2	normal:all	false		true
rand_chacha	0.3.1	zenoh-link-udp	1.7.2	zenoh-link	1.7.2	normal:all	false		true
rand_chacha	0.3.1	zenoh-link-unixsock_stream	1.7.2	zenoh-link	1.7.2	normal:all	false		true
rand_chacha	0.3.1	zenoh-link-ws	1.7.2	zenoh-link	1.7.2	normal:all	false		true
rand_chacha	0.3.1	zenoh-macros	1.7.2	zenoh	1.7.2	normal:all	false		true
rand_chacha	0.3.1	zenoh-macros	1.7.2	zenoh-config	1.7.2	normal:all	false		true
rand_chacha	0.3.1	zenoh-macros	1.7.2	zenoh-plugin-trait	1.7.2	normal:all	false		true
rand_chacha	0.3.1	zenoh-macros	1.7.2	zenoh-runtime	1.7.2	normal:all	false		true
rand_chacha	0.3.1	zenoh-plugin-trait	1.7.2	zenoh	1.7.2	normal:all	false		true
rand_chacha	0.3.1	zenoh-protocol	1.7.2	zenoh	1.7.2	normal:all	false		true
rand_chacha	0.3.1	zenoh-protocol	1.7.2	zenoh-codec	1.7.2	normal:all	false		true
rand_chacha	0.3.1	zenoh-protocol	1.7.2	zenoh-config	1.7.2	normal:all	false		true
rand_chacha	0.3.1	zenoh-protocol	1.7.2	zenoh-link	1.7.2	normal:all	false		true
rand_chacha	0.3.1	zenoh-protocol	1.7.2	zenoh-link-commons	1.7.2	normal:all	false		true
rand_chacha	0.3.1	zenoh-protocol	1.7.2	zenoh-link-quic	1.7.2	normal:all	false		true
rand_chacha	0.3.1	zenoh-protocol	1.7.2	zenoh-link-quic_datagram	1.7.2	normal:all	false		true
rand_chacha	0.3.1	zenoh-protocol	1.7.2	zenoh-link-tcp	1.7.2	normal:all	false		true
rand_chacha	0.3.1	zenoh-protocol	1.7.2	zenoh-link-tls	1.7.2	normal:all	false		true
rand_chacha	0.3.1	zenoh-protocol	1.7.2	zenoh-link-udp	1.7.2	normal:all	false		true
rand_chacha	0.3.1	zenoh-protocol	1.7.2	zenoh-link-unixsock_stream	1.7.2	normal:all	false		true
rand_chacha	0.3.1	zenoh-protocol	1.7.2	zenoh-link-ws	1.7.2	normal:all	false		true
rand_chacha	0.3.1	zenoh-protocol	1.7.2	zenoh-transport	1.7.2	normal:all	false		true
rand_chacha	0.3.1	zenoh-runtime	1.7.2	zenoh	1.7.2	normal:all	false		true
rand_chacha	0.3.1	zenoh-runtime	1.7.2	zenoh-core	1.7.2	normal:all	false		true
rand_chacha	0.3.1	zenoh-runtime	1.7.2	zenoh-link-commons	1.7.2	normal:all	false		true
rand_chacha	0.3.1	zenoh-runtime	1.7.2	zenoh-link-tls	1.7.2	normal:all	false		true
rand_chacha	0.3.1	zenoh-runtime	1.7.2	zenoh-link-unixsock_stream	1.7.2	normal:all	false		true
rand_chacha	0.3.1	zenoh-runtime	1.7.2	zenoh-link-ws	1.7.2	normal:all	false		true
rand_chacha	0.3.1	zenoh-runtime	1.7.2	zenoh-task	1.7.2	normal:all	false		true
rand_chacha	0.3.1	zenoh-runtime	1.7.2	zenoh-transport	1.7.2	normal:all	false		true
rand_chacha	0.3.1	zenoh-sync	1.7.2	zenoh	1.7.2	normal:all	false		true
rand_chacha	0.3.1	zenoh-sync	1.7.2	zenoh-link-udp	1.7.2	normal:all	false		true
rand_chacha	0.3.1	zenoh-sync	1.7.2	zenoh-transport	1.7.2	normal:all	false		true
rand_chacha	0.3.1	zenoh-task	1.7.2	zenoh	1.7.2	normal:all	false		true
rand_chacha	0.3.1	zenoh-task	1.7.2	zenoh-transport	1.7.2	normal:all	false		true
rand_chacha	0.3.1	zenoh-transport	1.7.2	zenoh	1.7.2	normal:all	false		true
rand_chacha	0.3.1	zenoh-util	1.7.2	zenoh	1.7.2	normal:all	false		true
rand_chacha	0.3.1	zenoh-util	1.7.2	zenoh-config	1.7.2	normal:all	false		true
rand_chacha	0.3.1	zenoh-util	1.7.2	zenoh-link-commons	1.7.2	normal:all	false		true
rand_chacha	0.3.1	zenoh-util	1.7.2	zenoh-link-quic	1.7.2	normal:all	false		true
rand_chacha	0.3.1	zenoh-util	1.7.2	zenoh-link-quic_datagram	1.7.2	normal:all	false		true
rand_chacha	0.3.1	zenoh-util	1.7.2	zenoh-link-udp	1.7.2	normal:all	false		true
rand_chacha	0.3.1	zenoh-util	1.7.2	zenoh-link-ws	1.7.2	normal:all	false		true
rand_chacha	0.3.1	zenoh-util	1.7.2	zenoh-plugin-trait	1.7.2	normal:all	false		true
rand_chacha	0.3.1	zenoh-util	1.7.2	zenoh-transport	1.7.2	normal:all	false		true
rand_chacha	0.9.0	bolero	0.13.4	sentinel-bio	0.1.0	dev:all	true		true
rand_chacha	0.9.0	bolero	0.13.4	sentinel-physics	0.1.0	dev:all	true		true
rand_chacha	0.9.0	bolero-afl	0.13.0	bolero	0.13.4	normal:cfg(fuzzing_afl)	false		true
rand_chacha	0.9.0	bolero-engine	0.13.4	bolero	0.13.4	normal:all;normal:cfg(fuzzing_random);normal:cfg(not(any(fuzzing, kani)))	false		true
rand_chacha	0.9.0	bolero-engine	0.13.4	bolero-afl	0.13.0	normal:all	false		true
rand_chacha	0.9.0	bolero-engine	0.13.4	bolero-honggfuzz	0.13.0	normal:all	false		true
rand_chacha	0.9.0	bolero-engine	0.13.4	bolero-kani	0.13.0	normal:all	false		true
rand_chacha	0.9.0	bolero-engine	0.13.4	bolero-libfuzzer	0.13.0	normal:all	false		true
rand_chacha	0.9.0	bolero-honggfuzz	0.13.0	bolero	0.13.4	normal:cfg(fuzzing_honggfuzz)	false		true
rand_chacha	0.9.0	bolero-kani	0.13.0	bolero	0.13.4	normal:cfg(kani)	false		true
rand_chacha	0.9.0	bolero-libfuzzer	0.13.0	bolero	0.13.4	normal:cfg(fuzzing_libfuzzer)	false		true
rand_chacha	0.9.0	fastbloom	0.14.1	quinn-proto	0.11.15	normal:all	false		true
rand_chacha	0.9.0	quinn	0.11.9	sentinel-cluster-control	0.1.0	normal:all	true		true
rand_chacha	0.9.0	quinn	0.11.9	wtransport	0.6.1	normal:all	false		true
rand_chacha	0.9.0	quinn	0.11.9	zenoh-link-commons	1.7.2	normal:all	false		true
rand_chacha	0.9.0	quinn	0.11.9	zenoh-link-quic	1.7.2	normal:all	false		true
rand_chacha	0.9.0	quinn	0.11.9	zenoh-link-quic_datagram	1.7.2	normal:all	false		true
rand_chacha	0.9.0	quinn-proto	0.11.15	quinn	0.11.9	normal:all	false		true
rand_chacha	0.9.0	rand	0.9.4	bolero	0.13.4	normal:cfg(fuzzing_random);normal:cfg(not(any(fuzzing, kani)))	false		true
rand_chacha	0.9.0	rand	0.9.4	bolero-engine	0.13.4	normal:all	false		true
rand_chacha	0.9.0	rand	0.9.4	fastbloom	0.14.1	normal:all	false		true
rand_chacha	0.9.0	rand	0.9.4	quinn-proto	0.11.15	normal:all	false		true
rand_chacha	0.9.0	rand_chacha	0.9.0	rand	0.9.4	normal:all	false		true
rand_chacha	0.9.0	sentinel-bio	0.1.0	sentinel-ecs	0.1.0	normal:all	true		true
rand_chacha	0.9.0	sentinel-cluster-control	0.1.0	sentinel-daemon	0.1.0	normal:all	true	A	true
rand_chacha	0.9.0	sentinel-ecs	0.1.0	sentinel-daemon	0.1.0	normal:all	true	A	true
rand_chacha	0.9.0	sentinel-ecs	0.1.0	sentinel-runtime	0.1.0	normal:all	true		true
rand_chacha	0.9.0	sentinel-physics	0.1.0	sentinel-ecs	0.1.0	normal:all	true		true
rand_chacha	0.9.0	sentinel-physics	0.1.0	sentinel-projection	0.1.0	normal:all	true		true
rand_chacha	0.9.0	sentinel-projection	0.1.0	sentinel-daemon	0.1.0	normal:all	true	A	true
rand_chacha	0.9.0	sentinel-projection	0.1.0	sentinel-dashboard-backend	0.1.0	normal:all	true	A	true
rand_chacha	0.9.0	sentinel-projection	0.1.0	sentinel-gaia-memory	0.1.0	dev:all	true		true
rand_chacha	0.9.0	sentinel-projection	0.1.0	sentinel-projection-service	0.1.0	normal:all	true	A	true
rand_chacha	0.9.0	sentinel-runtime	0.1.0	sentinel-daemon	0.1.0	normal:all	true	A	true
rand_chacha	0.9.0	sentinel-sandbox	0.1.0	sentinel-daemon	0.1.0	normal:all	true	A	true
rand_chacha	0.9.0	sentinel-zenoh	0.1.0	sentinel-daemon	0.1.0	normal:all	true	A	true
rand_chacha	0.9.0	sentinel-zenoh	0.1.0	sentinel-sandbox	0.1.0	normal:all	true		true
rand_chacha	0.9.0	wtransport	0.6.1	sentinel-dashboard-backend	0.1.0	normal:all	true	A	true
rand_chacha	0.9.0	zenoh	1.7.2	sentinel-zenoh	0.1.0	normal:all	true		true
rand_chacha	0.9.0	zenoh-link	1.7.2	zenoh	1.7.2	normal:all	false		true
rand_chacha	0.9.0	zenoh-link	1.7.2	zenoh-transport	1.7.2	normal:all	false		true
rand_chacha	0.9.0	zenoh-link-commons	1.7.2	zenoh	1.7.2	normal:all	false		true
rand_chacha	0.9.0	zenoh-link-commons	1.7.2	zenoh-link	1.7.2	normal:all	false		true
rand_chacha	0.9.0	zenoh-link-commons	1.7.2	zenoh-link-quic	1.7.2	normal:all	false		true
rand_chacha	0.9.0	zenoh-link-commons	1.7.2	zenoh-link-quic_datagram	1.7.2	normal:all	false		true
rand_chacha	0.9.0	zenoh-link-commons	1.7.2	zenoh-link-tcp	1.7.2	normal:all	false		true
rand_chacha	0.9.0	zenoh-link-commons	1.7.2	zenoh-link-tls	1.7.2	normal:all	false		true
rand_chacha	0.9.0	zenoh-link-commons	1.7.2	zenoh-link-udp	1.7.2	normal:all	false		true
rand_chacha	0.9.0	zenoh-link-commons	1.7.2	zenoh-link-unixsock_stream	1.7.2	normal:all	false		true
rand_chacha	0.9.0	zenoh-link-commons	1.7.2	zenoh-link-ws	1.7.2	normal:all	false		true
rand_chacha	0.9.0	zenoh-link-commons	1.7.2	zenoh-transport	1.7.2	normal:all	false		true
rand_chacha	0.9.0	zenoh-link-quic	1.7.2	zenoh-link	1.7.2	normal:all	false		true
rand_chacha	0.9.0	zenoh-link-quic_datagram	1.7.2	zenoh-link	1.7.2	normal:all	false		true
rand_chacha	0.9.0	zenoh-link-tcp	1.7.2	zenoh-link	1.7.2	normal:all	false		true
rand_chacha	0.9.0	zenoh-link-tls	1.7.2	zenoh-link	1.7.2	normal:all	false		true
rand_chacha	0.9.0	zenoh-link-udp	1.7.2	zenoh-link	1.7.2	normal:all	false		true
rand_chacha	0.9.0	zenoh-link-unixsock_stream	1.7.2	zenoh-link	1.7.2	normal:all	false		true
rand_chacha	0.9.0	zenoh-link-ws	1.7.2	zenoh-link	1.7.2	normal:all	false		true
rand_chacha	0.9.0	zenoh-transport	1.7.2	zenoh	1.7.2	normal:all	false		true
rand_core	0.10.1	bevy_ecs	0.18.1	sentinel-common	0.1.0	normal:all	true		true
rand_core	0.10.1	bevy_ecs	0.18.1	sentinel-daemon	0.1.0	normal:all	true	A	true
rand_core	0.10.1	bevy_ecs	0.18.1	sentinel-ecs	0.1.0	normal:all	true		true
rand_core	0.10.1	bevy_ecs	0.18.1	sentinel-runtime	0.1.0	normal:all	true		true
rand_core	0.10.1	bevy_reflect	0.18.0	bevy_ecs	0.18.1	normal:all	false		true
rand_core	0.10.1	bevy_reflect_derive	0.18.0	bevy_reflect	0.18.0	normal:all	false		true
rand_core	0.10.1	chacha20	0.10.0	rand	0.10.1	normal:all	false		true
rand_core	0.10.1	debugid	0.8.0	fxprof-processed-profile	0.8.1	normal:all	false		true
rand_core	0.10.1	fxprof-processed-profile	0.8.1	wasmtime	45.0.3	normal:all	false		true
rand_core	0.10.1	getrandom	0.4.1	rand	0.10.1	normal:all	false		true
rand_core	0.10.1	getrandom	0.4.1	tempfile	3.27.0	"normal:cfg(any(unix, windows, target_os = ""wasi""))"	false		true
rand_core	0.10.1	getrandom	0.4.1	uuid	1.22.0	"normal:cfg(not(all(target_arch = ""wasm32"", any(target_os = ""unknown"", target_os = ""none""))))"	false		true
rand_core	0.10.1	insta	1.46.3	sentinel-ecs	0.1.0	dev:all	true		true
rand_core	0.10.1	insta	1.46.3	sentinel-physics	0.1.0	dev:all	true		true
rand_core	0.10.1	rand	0.10.1	wasmtime-wasi	45.0.3	normal:all	false		true
rand_core	0.10.1	rand_core	0.10.1	chacha20	0.10.0	normal:all	false		true
rand_core	0.10.1	rand_core	0.10.1	getrandom	0.4.1	normal:all	false		true
rand_core	0.10.1	rand_core	0.10.1	rand	0.10.1	normal:all	false		true
rand_core	0.10.1	sentinel-bio	0.1.0	sentinel-ecs	0.1.0	normal:all	true		true
rand_core	0.10.1	sentinel-cluster-control	0.1.0	sentinel-daemon	0.1.0	normal:all	true	A	true
rand_core	0.10.1	sentinel-common	0.1.0	sentinel-bio	0.1.0	normal:all	true		true
rand_core	0.10.1	sentinel-common	0.1.0	sentinel-cluster-control	0.1.0	normal:all	true		true
rand_core	0.10.1	sentinel-common	0.1.0	sentinel-daemon	0.1.0	normal:all	true	A	true
rand_core	0.10.1	sentinel-common	0.1.0	sentinel-dashboard-backend	0.1.0	normal:all	true	A	true
rand_core	0.10.1	sentinel-common	0.1.0	sentinel-ebpf	0.1.0	normal:all	true		true
rand_core	0.10.1	sentinel-common	0.1.0	sentinel-ecs	0.1.0	dev:all;normal:all	true		true
rand_core	0.10.1	sentinel-common	0.1.0	sentinel-fs	0.1.0	normal:all	true		true
rand_core	0.10.1	sentinel-common	0.1.0	sentinel-gaia	0.1.0	normal:all	true	B	true
rand_core	0.10.1	sentinel-common	0.1.0	sentinel-gaia-loop	0.1.0	normal:all	true	A	true
rand_core	0.10.1	sentinel-common	0.1.0	sentinel-hippocampus	0.1.0	normal:all	true		true
rand_core	0.10.1	sentinel-common	0.1.0	sentinel-limbo	0.1.0	normal:all	true		true
rand_core	0.10.1	sentinel-common	0.1.0	sentinel-microvm	0.1.0	dev:all;normal:all	true		true
rand_core	0.10.1	sentinel-common	0.1.0	sentinel-nightrun	0.1.0	normal:all	true	C	true
rand_core	0.10.1	sentinel-common	0.1.0	sentinel-physics	0.1.0	normal:all	true		true
rand_core	0.10.1	sentinel-common	0.1.0	sentinel-projection	0.1.0	normal:all	true		true
rand_core	0.10.1	sentinel-common	0.1.0	sentinel-projection-service	0.1.0	normal:all	true	A	true
rand_core	0.10.1	sentinel-common	0.1.0	sentinel-redb	0.1.0	normal:all	true		true
rand_core	0.10.1	sentinel-common	0.1.0	sentinel-runtime	0.1.0	dev:all;normal:all	true		true
rand_core	0.10.1	sentinel-common	0.1.0	sentinel-sandbox	0.1.0	dev:all;normal:all	true		true
rand_core	0.10.1	sentinel-common	0.1.0	sentinel-telemetry	0.1.0	normal:all	true		true
rand_core	0.10.1	sentinel-common	0.1.0	sentinel-wasm	0.1.0	dev:all;normal:all	true		true
rand_core	0.10.1	sentinel-common	0.1.0	sentinel-zenoh	0.1.0	dev:all;normal:all	true		true
rand_core	0.10.1	sentinel-console-plane	0.1.0	sentinel-dashboard-backend	0.1.0	normal:all	true	A	true
rand_core	0.10.1	sentinel-ebpf	0.1.0	sentinel-daemon	0.1.0	normal:all	true	A	true
rand_core	0.10.1	sentinel-ecs	0.1.0	sentinel-daemon	0.1.0	normal:all	true	A	true
rand_core	0.10.1	sentinel-ecs	0.1.0	sentinel-runtime	0.1.0	normal:all	true		true
rand_core	0.10.1	sentinel-fs	0.1.0	sentinel-console-plane	0.1.0	normal:all	true		true
rand_core	0.10.1	sentinel-fs	0.1.0	sentinel-daemon	0.1.0	normal:all	true	A	true
rand_core	0.10.1	sentinel-fs	0.1.0	sentinel-microvm	0.1.0	normal:all	true		true
rand_core	0.10.1	sentinel-fs	0.1.0	sentinel-sandbox	0.1.0	normal:all	true		true
rand_core	0.10.1	sentinel-gaia	0.1.0	sentinel-dashboard-backend	0.1.0	normal:all	true	A	true
rand_core	0.10.1	sentinel-gaia-loop	0.1.0	sentinel-dashboard-backend	0.1.0	normal:all	true	A	true
rand_core	0.10.1	sentinel-hippocampus	0.1.0	sentinel-daemon	0.1.0	normal:all	true	A	true
rand_core	0.10.1	sentinel-hippocampus	0.1.0	sentinel-gaia-memory	0.1.0	normal:all	true		true
rand_core	0.10.1	sentinel-hippocampus	0.1.0	sentinel-nightrun	0.1.0	normal:all	true	C	true
rand_core	0.10.1	sentinel-limbo	0.1.0	sentinel-daemon	0.1.0	normal:all	true	A	true
rand_core	0.10.1	sentinel-limbo	0.1.0	sentinel-dashboard-backend	0.1.0	normal:all	true	A	true
rand_core	0.10.1	sentinel-limbo	0.1.0	sentinel-ecs	0.1.0	normal:all	true		true
rand_core	0.10.1	sentinel-limbo	0.1.0	sentinel-gaia-loop	0.1.0	normal:all	true	A	true
rand_core	0.10.1	sentinel-limbo	0.1.0	sentinel-gaia-memory	0.1.0	dev:all	true		true
rand_core	0.10.1	sentinel-limbo	0.1.0	sentinel-nightrun	0.1.0	normal:all	true	C	true
rand_core	0.10.1	sentinel-limbo	0.1.0	sentinel-projection	0.1.0	normal:all	true		true
rand_core	0.10.1	sentinel-limbo	0.1.0	sentinel-projection-service	0.1.0	normal:all	true	A	true
rand_core	0.10.1	sentinel-limbo	0.1.0	sentinel-runtime	0.1.0	dev:all;normal:all	true		true
rand_core	0.10.1	sentinel-physics	0.1.0	sentinel-ecs	0.1.0	normal:all	true		true
rand_core	0.10.1	sentinel-physics	0.1.0	sentinel-projection	0.1.0	normal:all	true		true
rand_core	0.10.1	sentinel-projection	0.1.0	sentinel-daemon	0.1.0	normal:all	true	A	true
rand_core	0.10.1	sentinel-projection	0.1.0	sentinel-dashboard-backend	0.1.0	normal:all	true	A	true
rand_core	0.10.1	sentinel-projection	0.1.0	sentinel-gaia-memory	0.1.0	dev:all	true		true
rand_core	0.10.1	sentinel-projection	0.1.0	sentinel-projection-service	0.1.0	normal:all	true	A	true
rand_core	0.10.1	sentinel-redb	0.1.0	sentinel-daemon	0.1.0	normal:all	true	A	true
rand_core	0.10.1	sentinel-redb	0.1.0	sentinel-ecs	0.1.0	normal:all	true		true
rand_core	0.10.1	sentinel-runtime	0.1.0	sentinel-daemon	0.1.0	normal:all	true	A	true
rand_core	0.10.1	sentinel-sandbox	0.1.0	sentinel-daemon	0.1.0	normal:all	true	A	true
rand_core	0.10.1	sentinel-telemetry	0.1.0	sentinel-daemon	0.1.0	normal:all	true	A	true
rand_core	0.10.1	sentinel-telemetry	0.1.0	sentinel-ecs	0.1.0	dev:all	true		true
rand_core	0.10.1	sentinel-telemetry	0.1.0	sentinel-fs	0.1.0	normal:all	true		true
rand_core	0.10.1	sentinel-telemetry	0.1.0	sentinel-limbo	0.1.0	normal:all	true		true
rand_core	0.10.1	sentinel-telemetry	0.1.0	sentinel-nightrun	0.1.0	normal:all	true	C	true
rand_core	0.10.1	sentinel-telemetry	0.1.0	sentinel-projection	0.1.0	normal:all	true		true
rand_core	0.10.1	sentinel-telemetry	0.1.0	sentinel-projection-service	0.1.0	normal:all	true	A	true
rand_core	0.10.1	sentinel-telemetry	0.1.0	sentinel-redb	0.1.0	normal:all	true		true
rand_core	0.10.1	sentinel-telemetry	0.1.0	sentinel-zenoh	0.1.0	normal:all	true		true
rand_core	0.10.1	sentinel-wasm	0.1.0	sentinel-daemon	0.1.0	normal:all	true	A	true
rand_core	0.10.1	sentinel-wasm	0.1.0	sentinel-ecs	0.1.0	normal:all	true		true
rand_core	0.10.1	sentinel-zenoh	0.1.0	sentinel-daemon	0.1.0	normal:all	true	A	true
rand_core	0.10.1	sentinel-zenoh	0.1.0	sentinel-sandbox	0.1.0	normal:all	true		true
rand_core	0.10.1	tempfile	3.27.0	insta	1.46.3	normal:all	false		true
rand_core	0.10.1	tempfile	3.27.0	sentinel-cluster-control	0.1.0	dev:all	true		true
rand_core	0.10.1	tempfile	3.27.0	sentinel-common	0.1.0	dev:all	true		true
rand_core	0.10.1	tempfile	3.27.0	sentinel-daemon	0.1.0	dev:all	true	A	true
rand_core	0.10.1	tempfile	3.27.0	sentinel-dashboard-backend	0.1.0	dev:all	true	A	true
rand_core	0.10.1	tempfile	3.27.0	sentinel-ecs	0.1.0	dev:all	true		true
rand_core	0.10.1	tempfile	3.27.0	sentinel-fs	0.1.0	dev:all	true		true
rand_core	0.10.1	tempfile	3.27.0	sentinel-gaia	0.1.0	dev:all	true	B	true
rand_core	0.10.1	tempfile	3.27.0	sentinel-gaia-loop	0.1.0	dev:all	true	A	true
rand_core	0.10.1	tempfile	3.27.0	sentinel-gaia-memory	0.1.0	dev:all	true		true
rand_core	0.10.1	tempfile	3.27.0	sentinel-hippocampus	0.1.0	dev:all	true		true
rand_core	0.10.1	tempfile	3.27.0	sentinel-limbo	0.1.0	dev:all	true		true
rand_core	0.10.1	tempfile	3.27.0	sentinel-microvm	0.1.0	dev:all	true		true
rand_core	0.10.1	tempfile	3.27.0	sentinel-nightrun	0.1.0	dev:all	true	C	true
rand_core	0.10.1	tempfile	3.27.0	sentinel-projection	0.1.0	dev:all	true		true
rand_core	0.10.1	tempfile	3.27.0	sentinel-redb	0.1.0	dev:all	true		true
rand_core	0.10.1	tempfile	3.27.0	sentinel-runtime	0.1.0	dev:all	true		true
rand_core	0.10.1	tempfile	3.27.0	sentinel-sandbox	0.1.0	dev:all	true		true
rand_core	0.10.1	tempfile	3.27.0	sentinel-wasm	0.1.0	dev:all	true		true
rand_core	0.10.1	tempfile	3.27.0	wasmtime	45.0.3	normal:all	false		true
rand_core	0.10.1	uuid	1.22.0	bevy_reflect_derive	0.18.0	"normal:cfg(target_arch = ""wasm32"")"	false		true
rand_core	0.10.1	uuid	1.22.0	debugid	0.8.0	normal:all	false		true
rand_core	0.10.1	uuid	1.22.0	sentinel-cluster-control	0.1.0	normal:all	true		true
rand_core	0.10.1	uuid	1.22.0	sentinel-common	0.1.0	normal:all	true		true
rand_core	0.10.1	uuid	1.22.0	sentinel-daemon	0.1.0	normal:all	true	A	true
rand_core	0.10.1	uuid	1.22.0	sentinel-dashboard-backend	0.1.0	normal:all	true	A	true
rand_core	0.10.1	uuid	1.22.0	sentinel-ecs	0.1.0	normal:all	true		true
rand_core	0.10.1	uuid	1.22.0	sentinel-fs	0.1.0	normal:all	true		true
rand_core	0.10.1	uuid	1.22.0	sentinel-gaia-loop	0.1.0	normal:all	true	A	true
rand_core	0.10.1	uuid	1.22.0	sentinel-gaia-memory	0.1.0	normal:all	true		true
rand_core	0.10.1	uuid	1.22.0	sentinel-limbo	0.1.0	normal:all	true		true
rand_core	0.10.1	uuid	1.22.0	sentinel-nightrun	0.1.0	normal:all	true	C	true
rand_core	0.10.1	uuid	1.22.0	sentinel-projection	0.1.0	normal:all	true		true
rand_core	0.10.1	uuid	1.22.0	sentinel-redb	0.1.0	dev:all	true		true
rand_core	0.10.1	uuid	1.22.0	sentinel-runtime	0.1.0	normal:all	true		true
rand_core	0.10.1	uuid	1.22.0	sentinel-telemetry	0.1.0	normal:all	true		true
rand_core	0.10.1	uuid	1.22.0	sentinel-zenoh	0.1.0	dev:all;normal:all	true		true
rand_core	0.10.1	uuid	1.22.0	zenoh-link-unixsock_stream	1.7.2	normal:all	false		true
rand_core	0.10.1	wasmtime	45.0.3	sentinel-wasm	0.1.0	normal:all	true		true
rand_core	0.10.1	wasmtime	45.0.3	wasmtime-wasi	45.0.3	normal:all	false		true
rand_core	0.10.1	wasmtime	45.0.3	wasmtime-wasi-io	45.0.3	normal:all	false		true
rand_core	0.10.1	wasmtime	45.0.3	wiggle	45.0.3	normal:all	false		true
rand_core	0.10.1	wasmtime-wasi	45.0.3	sentinel-wasm	0.1.0	normal:all	true		true
rand_core	0.10.1	wasmtime-wasi-io	45.0.3	wasmtime-wasi	45.0.3	normal:all	false		true
rand_core	0.10.1	wiggle	45.0.3	wasmtime-wasi	45.0.3	normal:all	false		true
rand_core	0.10.1	zenoh	1.7.2	sentinel-zenoh	0.1.0	normal:all	true		true
rand_core	0.10.1	zenoh-link	1.7.2	zenoh	1.7.2	normal:all	false		true
rand_core	0.10.1	zenoh-link	1.7.2	zenoh-transport	1.7.2	normal:all	false		true
rand_core	0.10.1	zenoh-link-unixsock_stream	1.7.2	zenoh-link	1.7.2	normal:all	false		true
rand_core	0.10.1	zenoh-transport	1.7.2	zenoh	1.7.2	normal:all	false		true
rand_core	0.6.4	async-nats	0.47.0	sentinel-daemon	0.1.0	normal:all	true	A	true
rand_core	0.6.4	async-nats	0.47.0	sentinel-dashboard-backend	0.1.0	normal:all	true	A	true
rand_core	0.6.4	async-nats	0.47.0	sentinel-gaia-loop	0.1.0	normal:all	true	A	true
rand_core	0.6.4	ed25519	2.2.3	ed25519-dalek	2.2.0	normal:all	false		true
rand_core	0.6.4	ed25519	2.2.3	nkeys	0.4.5	normal:all	false		true
rand_core	0.6.4	ed25519-dalek	2.2.0	nkeys	0.4.5	normal:all	false		true
rand_core	0.6.4	nkeys	0.4.5	async-nats	0.47.0	normal:all	false		true
rand_core	0.6.4	nuid	0.5.0	async-nats	0.47.0	normal:all	false		true
rand_core	0.6.4	num-bigint-dig	0.8.6	rsa	0.9.10	normal:all	false		true
rand_core	0.6.4	rand	0.8.6	async-nats	0.47.0	normal:all	false		true
rand_core	0.6.4	rand	0.8.6	nkeys	0.4.5	normal:all	false		true
rand_core	0.6.4	rand	0.8.6	nuid	0.5.0	normal:all	false		true
rand_core	0.6.4	rand	0.8.6	num-bigint-dig	0.8.6	normal:all	false		true
rand_core	0.6.4	rand	0.8.6	stabby-macros	72.1.4	normal:all	false		true
rand_core	0.6.4	rand	0.8.6	tokio-websockets	0.10.1	normal:all	false		true
rand_core	0.6.4	rand	0.8.6	tungstenite	0.24.0	normal:all	false		true
rand_core	0.6.4	rand	0.8.6	uhlc	0.8.2	normal:all	false		true
rand_core	0.6.4	rand	0.8.6	zenoh	1.7.2	normal:all	false		true
rand_core	0.6.4	rand	0.8.6	zenoh-crypto	1.7.2	normal:all	false		true
rand_core	0.6.4	rand	0.8.6	zenoh-keyexpr	1.7.2	normal:all	false		true
rand_core	0.6.4	rand	0.8.6	zenoh-transport	1.7.2	normal:all	false		true
rand_core	0.6.4	rand_chacha	0.3.1	rand	0.8.6	normal:all	false		true
rand_core	0.6.4	rand_chacha	0.3.1	zenoh-crypto	1.7.2	normal:all	false		true
rand_core	0.6.4	rand_core	0.6.4	rand	0.8.6	normal:all	false		true
rand_core	0.6.4	rand_core	0.6.4	rand_chacha	0.3.1	normal:all	false		true
rand_core	0.6.4	rand_core	0.6.4	rsa	0.9.10	normal:all	false		true
rand_core	0.6.4	rand_core	0.6.4	signatory	0.27.1	normal:all	false		true
rand_core	0.6.4	rand_core	0.6.4	signature	2.2.0	normal:all	false		true
rand_core	0.6.4	rsa	0.9.10	zenoh-transport	1.7.2	normal:all	false		true
rand_core	0.6.4	sentinel-gaia-loop	0.1.0	sentinel-dashboard-backend	0.1.0	normal:all	true	A	true
rand_core	0.6.4	sentinel-sandbox	0.1.0	sentinel-daemon	0.1.0	normal:all	true	A	true
rand_core	0.6.4	sentinel-zenoh	0.1.0	sentinel-daemon	0.1.0	normal:all	true	A	true
rand_core	0.6.4	sentinel-zenoh	0.1.0	sentinel-sandbox	0.1.0	normal:all	true		true
rand_core	0.6.4	signatory	0.27.1	nkeys	0.4.5	normal:all	false		true
rand_core	0.6.4	signature	2.2.0	ed25519	2.2.3	normal:all	false		true
rand_core	0.6.4	signature	2.2.0	ed25519-dalek	2.2.0	normal:all	false		true
rand_core	0.6.4	signature	2.2.0	rsa	0.9.10	normal:all	false		true
rand_core	0.6.4	signature	2.2.0	signatory	0.27.1	normal:all	false		true
rand_core	0.6.4	stabby	72.1.4	zenoh-plugin-trait	1.7.2	normal:all	false		true
rand_core	0.6.4	stabby-abi	72.1.4	stabby	72.1.4	normal:all	false		true
rand_core	0.6.4	stabby-macros	72.1.4	stabby-abi	72.1.4	normal:all	false		true
rand_core	0.6.4	tokio-tungstenite	0.24.0	zenoh-link-ws	1.7.2	normal:all	false		true
rand_core	0.6.4	tokio-websockets	0.10.1	async-nats	0.47.0	normal:all	false		true
rand_core	0.6.4	tungstenite	0.24.0	tokio-tungstenite	0.24.0	normal:all	false		true
rand_core	0.6.4	uhlc	0.8.2	zenoh	1.7.2	normal:all	false		true
rand_core	0.6.4	uhlc	0.8.2	zenoh-codec	1.7.2	normal:all	false		true
rand_core	0.6.4	uhlc	0.8.2	zenoh-config	1.7.2	normal:all	false		true
rand_core	0.6.4	uhlc	0.8.2	zenoh-protocol	1.7.2	normal:all	false		true
rand_core	0.6.4	zenoh	1.7.2	sentinel-zenoh	0.1.0	normal:all	true		true
rand_core	0.6.4	zenoh-codec	1.7.2	zenoh	1.7.2	normal:all	false		true
rand_core	0.6.4	zenoh-codec	1.7.2	zenoh-link-commons	1.7.2	normal:all	false		true
rand_core	0.6.4	zenoh-codec	1.7.2	zenoh-transport	1.7.2	normal:all	false		true
rand_core	0.6.4	zenoh-config	1.7.2	zenoh	1.7.2	normal:all	false		true
rand_core	0.6.4	zenoh-config	1.7.2	zenoh-link	1.7.2	normal:all	false		true
rand_core	0.6.4	zenoh-config	1.7.2	zenoh-link-commons	1.7.2	normal:all	false		true
rand_core	0.6.4	zenoh-config	1.7.2	zenoh-link-quic	1.7.2	normal:all	false		true
rand_core	0.6.4	zenoh-config	1.7.2	zenoh-link-tcp	1.7.2	normal:all	false		true
rand_core	0.6.4	zenoh-config	1.7.2	zenoh-link-tls	1.7.2	normal:all	false		true
rand_core	0.6.4	zenoh-config	1.7.2	zenoh-plugin-trait	1.7.2	normal:all	false		true
rand_core	0.6.4	zenoh-config	1.7.2	zenoh-transport	1.7.2	normal:all	false		true
rand_core	0.6.4	zenoh-core	1.7.2	zenoh	1.7.2	normal:all	false		true
rand_core	0.6.4	zenoh-core	1.7.2	zenoh-config	1.7.2	normal:all	false		true
rand_core	0.6.4	zenoh-core	1.7.2	zenoh-link-commons	1.7.2	normal:all	false		true
rand_core	0.6.4	zenoh-core	1.7.2	zenoh-link-quic	1.7.2	normal:all	false		true
rand_core	0.6.4	zenoh-core	1.7.2	zenoh-link-quic_datagram	1.7.2	normal:all	false		true
rand_core	0.6.4	zenoh-core	1.7.2	zenoh-link-tcp	1.7.2	normal:all	false		true
rand_core	0.6.4	zenoh-core	1.7.2	zenoh-link-tls	1.7.2	normal:all	false		true
rand_core	0.6.4	zenoh-core	1.7.2	zenoh-link-udp	1.7.2	normal:all	false		true
rand_core	0.6.4	zenoh-core	1.7.2	zenoh-link-unixsock_stream	1.7.2	normal:all	false		true
rand_core	0.6.4	zenoh-core	1.7.2	zenoh-link-ws	1.7.2	normal:all	false		true
rand_core	0.6.4	zenoh-core	1.7.2	zenoh-sync	1.7.2	normal:all	false		true
rand_core	0.6.4	zenoh-core	1.7.2	zenoh-task	1.7.2	normal:all	false		true
rand_core	0.6.4	zenoh-core	1.7.2	zenoh-transport	1.7.2	normal:all	false		true
rand_core	0.6.4	zenoh-core	1.7.2	zenoh-util	1.7.2	normal:all	false		true
rand_core	0.6.4	zenoh-crypto	1.7.2	zenoh-transport	1.7.2	normal:all	false		true
rand_core	0.6.4	zenoh-keyexpr	1.7.2	zenoh	1.7.2	normal:all	false		true
rand_core	0.6.4	zenoh-keyexpr	1.7.2	zenoh-config	1.7.2	normal:all	false		true
rand_core	0.6.4	zenoh-keyexpr	1.7.2	zenoh-macros	1.7.2	normal:all	false		true
rand_core	0.6.4	zenoh-keyexpr	1.7.2	zenoh-plugin-trait	1.7.2	normal:all	false		true
rand_core	0.6.4	zenoh-keyexpr	1.7.2	zenoh-protocol	1.7.2	normal:all	false		true
rand_core	0.6.4	zenoh-link	1.7.2	zenoh	1.7.2	normal:all	false		true
rand_core	0.6.4	zenoh-link	1.7.2	zenoh-transport	1.7.2	normal:all	false		true
rand_core	0.6.4	zenoh-link-commons	1.7.2	zenoh	1.7.2	normal:all	false		true
rand_core	0.6.4	zenoh-link-commons	1.7.2	zenoh-link	1.7.2	normal:all	false		true
rand_core	0.6.4	zenoh-link-commons	1.7.2	zenoh-link-quic	1.7.2	normal:all	false		true
rand_core	0.6.4	zenoh-link-commons	1.7.2	zenoh-link-quic_datagram	1.7.2	normal:all	false		true
rand_core	0.6.4	zenoh-link-commons	1.7.2	zenoh-link-tcp	1.7.2	normal:all	false		true
rand_core	0.6.4	zenoh-link-commons	1.7.2	zenoh-link-tls	1.7.2	normal:all	false		true
rand_core	0.6.4	zenoh-link-commons	1.7.2	zenoh-link-udp	1.7.2	normal:all	false		true
rand_core	0.6.4	zenoh-link-commons	1.7.2	zenoh-link-unixsock_stream	1.7.2	normal:all	false		true
rand_core	0.6.4	zenoh-link-commons	1.7.2	zenoh-link-ws	1.7.2	normal:all	false		true
rand_core	0.6.4	zenoh-link-commons	1.7.2	zenoh-transport	1.7.2	normal:all	false		true
rand_core	0.6.4	zenoh-link-quic	1.7.2	zenoh-link	1.7.2	normal:all	false		true
rand_core	0.6.4	zenoh-link-quic_datagram	1.7.2	zenoh-link	1.7.2	normal:all	false		true
rand_core	0.6.4	zenoh-link-tcp	1.7.2	zenoh-link	1.7.2	normal:all	false		true
rand_core	0.6.4	zenoh-link-tls	1.7.2	zenoh-link	1.7.2	normal:all	false		true
rand_core	0.6.4	zenoh-link-udp	1.7.2	zenoh-link	1.7.2	normal:all	false		true
rand_core	0.6.4	zenoh-link-unixsock_stream	1.7.2	zenoh-link	1.7.2	normal:all	false		true
rand_core	0.6.4	zenoh-link-ws	1.7.2	zenoh-link	1.7.2	normal:all	false		true
rand_core	0.6.4	zenoh-macros	1.7.2	zenoh	1.7.2	normal:all	false		true
rand_core	0.6.4	zenoh-macros	1.7.2	zenoh-config	1.7.2	normal:all	false		true
rand_core	0.6.4	zenoh-macros	1.7.2	zenoh-plugin-trait	1.7.2	normal:all	false		true
rand_core	0.6.4	zenoh-macros	1.7.2	zenoh-runtime	1.7.2	normal:all	false		true
rand_core	0.6.4	zenoh-plugin-trait	1.7.2	zenoh	1.7.2	normal:all	false		true
rand_core	0.6.4	zenoh-protocol	1.7.2	zenoh	1.7.2	normal:all	false		true
rand_core	0.6.4	zenoh-protocol	1.7.2	zenoh-codec	1.7.2	normal:all	false		true
rand_core	0.6.4	zenoh-protocol	1.7.2	zenoh-config	1.7.2	normal:all	false		true
rand_core	0.6.4	zenoh-protocol	1.7.2	zenoh-link	1.7.2	normal:all	false		true
rand_core	0.6.4	zenoh-protocol	1.7.2	zenoh-link-commons	1.7.2	normal:all	false		true
rand_core	0.6.4	zenoh-protocol	1.7.2	zenoh-link-quic	1.7.2	normal:all	false		true
rand_core	0.6.4	zenoh-protocol	1.7.2	zenoh-link-quic_datagram	1.7.2	normal:all	false		true
rand_core	0.6.4	zenoh-protocol	1.7.2	zenoh-link-tcp	1.7.2	normal:all	false		true
rand_core	0.6.4	zenoh-protocol	1.7.2	zenoh-link-tls	1.7.2	normal:all	false		true
rand_core	0.6.4	zenoh-protocol	1.7.2	zenoh-link-udp	1.7.2	normal:all	false		true
rand_core	0.6.4	zenoh-protocol	1.7.2	zenoh-link-unixsock_stream	1.7.2	normal:all	false		true
rand_core	0.6.4	zenoh-protocol	1.7.2	zenoh-link-ws	1.7.2	normal:all	false		true
rand_core	0.6.4	zenoh-protocol	1.7.2	zenoh-transport	1.7.2	normal:all	false		true
rand_core	0.6.4	zenoh-runtime	1.7.2	zenoh	1.7.2	normal:all	false		true
rand_core	0.6.4	zenoh-runtime	1.7.2	zenoh-core	1.7.2	normal:all	false		true
rand_core	0.6.4	zenoh-runtime	1.7.2	zenoh-link-commons	1.7.2	normal:all	false		true
rand_core	0.6.4	zenoh-runtime	1.7.2	zenoh-link-tls	1.7.2	normal:all	false		true
rand_core	0.6.4	zenoh-runtime	1.7.2	zenoh-link-unixsock_stream	1.7.2	normal:all	false		true
rand_core	0.6.4	zenoh-runtime	1.7.2	zenoh-link-ws	1.7.2	normal:all	false		true
rand_core	0.6.4	zenoh-runtime	1.7.2	zenoh-task	1.7.2	normal:all	false		true
rand_core	0.6.4	zenoh-runtime	1.7.2	zenoh-transport	1.7.2	normal:all	false		true
rand_core	0.6.4	zenoh-sync	1.7.2	zenoh	1.7.2	normal:all	false		true
rand_core	0.6.4	zenoh-sync	1.7.2	zenoh-link-udp	1.7.2	normal:all	false		true
rand_core	0.6.4	zenoh-sync	1.7.2	zenoh-transport	1.7.2	normal:all	false		true
rand_core	0.6.4	zenoh-task	1.7.2	zenoh	1.7.2	normal:all	false		true
rand_core	0.6.4	zenoh-task	1.7.2	zenoh-transport	1.7.2	normal:all	false		true
rand_core	0.6.4	zenoh-transport	1.7.2	zenoh	1.7.2	normal:all	false		true
rand_core	0.6.4	zenoh-util	1.7.2	zenoh	1.7.2	normal:all	false		true
rand_core	0.6.4	zenoh-util	1.7.2	zenoh-config	1.7.2	normal:all	false		true
rand_core	0.6.4	zenoh-util	1.7.2	zenoh-link-commons	1.7.2	normal:all	false		true
rand_core	0.6.4	zenoh-util	1.7.2	zenoh-link-quic	1.7.2	normal:all	false		true
rand_core	0.6.4	zenoh-util	1.7.2	zenoh-link-quic_datagram	1.7.2	normal:all	false		true
rand_core	0.6.4	zenoh-util	1.7.2	zenoh-link-udp	1.7.2	normal:all	false		true
rand_core	0.6.4	zenoh-util	1.7.2	zenoh-link-ws	1.7.2	normal:all	false		true
rand_core	0.6.4	zenoh-util	1.7.2	zenoh-plugin-trait	1.7.2	normal:all	false		true
rand_core	0.6.4	zenoh-util	1.7.2	zenoh-transport	1.7.2	normal:all	false		true
rand_core	0.9.5	bolero	0.13.4	sentinel-bio	0.1.0	dev:all	true		true
rand_core	0.9.5	bolero	0.13.4	sentinel-physics	0.1.0	dev:all	true		true
rand_core	0.9.5	bolero-afl	0.13.0	bolero	0.13.4	normal:cfg(fuzzing_afl)	false		true
rand_core	0.9.5	bolero-engine	0.13.4	bolero	0.13.4	normal:all;normal:cfg(fuzzing_random);normal:cfg(not(any(fuzzing, kani)))	false		true
rand_core	0.9.5	bolero-engine	0.13.4	bolero-afl	0.13.0	normal:all	false		true
rand_core	0.9.5	bolero-engine	0.13.4	bolero-honggfuzz	0.13.0	normal:all	false		true
rand_core	0.9.5	bolero-engine	0.13.4	bolero-kani	0.13.0	normal:all	false		true
rand_core	0.9.5	bolero-engine	0.13.4	bolero-libfuzzer	0.13.0	normal:all	false		true
rand_core	0.9.5	bolero-generator	0.13.5	bolero	0.13.4	normal:all	false		true
rand_core	0.9.5	bolero-generator	0.13.5	bolero-engine	0.13.4	normal:all	false		true
rand_core	0.9.5	bolero-honggfuzz	0.13.0	bolero	0.13.4	normal:cfg(fuzzing_honggfuzz)	false		true
rand_core	0.9.5	bolero-kani	0.13.0	bolero	0.13.4	normal:cfg(kani)	false		true
rand_core	0.9.5	bolero-libfuzzer	0.13.0	bolero	0.13.4	normal:cfg(fuzzing_libfuzzer)	false		true
rand_core	0.9.5	fastbloom	0.14.1	quinn-proto	0.11.15	normal:all	false		true
rand_core	0.9.5	quinn	0.11.9	sentinel-cluster-control	0.1.0	normal:all	true		true
rand_core	0.9.5	quinn	0.11.9	wtransport	0.6.1	normal:all	false		true
rand_core	0.9.5	quinn	0.11.9	zenoh-link-commons	1.7.2	normal:all	false		true
rand_core	0.9.5	quinn	0.11.9	zenoh-link-quic	1.7.2	normal:all	false		true
rand_core	0.9.5	quinn	0.11.9	zenoh-link-quic_datagram	1.7.2	normal:all	false		true
rand_core	0.9.5	quinn-proto	0.11.15	quinn	0.11.9	normal:all	false		true
rand_core	0.9.5	rand	0.9.4	bolero	0.13.4	normal:cfg(fuzzing_random);normal:cfg(not(any(fuzzing, kani)))	false		true
rand_core	0.9.5	rand	0.9.4	bolero-engine	0.13.4	normal:all	false		true
rand_core	0.9.5	rand	0.9.4	fastbloom	0.14.1	normal:all	false		true
rand_core	0.9.5	rand	0.9.4	quinn-proto	0.11.15	normal:all	false		true
rand_core	0.9.5	rand_chacha	0.9.0	rand	0.9.4	normal:all	false		true
rand_core	0.9.5	rand_core	0.9.5	bolero-generator	0.13.5	normal:all	false		true
rand_core	0.9.5	rand_core	0.9.5	rand	0.9.4	normal:all	false		true
rand_core	0.9.5	rand_core	0.9.5	rand_chacha	0.9.0	normal:all	false		true
rand_core	0.9.5	rand_core	0.9.5	rand_xoshiro	0.7.0	normal:all	false		true
rand_core	0.9.5	rand_xoshiro	0.7.0	bolero-engine	0.13.4	normal:all	false		true
rand_core	0.9.5	rand_xoshiro	0.7.0	bolero-generator	0.13.5	normal:all	false		true
rand_core	0.9.5	sentinel-bio	0.1.0	sentinel-ecs	0.1.0	normal:all	true		true
rand_core	0.9.5	sentinel-cluster-control	0.1.0	sentinel-daemon	0.1.0	normal:all	true	A	true
rand_core	0.9.5	sentinel-ecs	0.1.0	sentinel-daemon	0.1.0	normal:all	true	A	true
rand_core	0.9.5	sentinel-ecs	0.1.0	sentinel-runtime	0.1.0	normal:all	true		true
rand_core	0.9.5	sentinel-physics	0.1.0	sentinel-ecs	0.1.0	normal:all	true		true
rand_core	0.9.5	sentinel-physics	0.1.0	sentinel-projection	0.1.0	normal:all	true		true
rand_core	0.9.5	sentinel-projection	0.1.0	sentinel-daemon	0.1.0	normal:all	true	A	true
rand_core	0.9.5	sentinel-projection	0.1.0	sentinel-dashboard-backend	0.1.0	normal:all	true	A	true
rand_core	0.9.5	sentinel-projection	0.1.0	sentinel-gaia-memory	0.1.0	dev:all	true		true
rand_core	0.9.5	sentinel-projection	0.1.0	sentinel-projection-service	0.1.0	normal:all	true	A	true
rand_core	0.9.5	sentinel-runtime	0.1.0	sentinel-daemon	0.1.0	normal:all	true	A	true
rand_core	0.9.5	sentinel-sandbox	0.1.0	sentinel-daemon	0.1.0	normal:all	true	A	true
rand_core	0.9.5	sentinel-zenoh	0.1.0	sentinel-daemon	0.1.0	normal:all	true	A	true
rand_core	0.9.5	sentinel-zenoh	0.1.0	sentinel-sandbox	0.1.0	normal:all	true		true
rand_core	0.9.5	wtransport	0.6.1	sentinel-dashboard-backend	0.1.0	normal:all	true	A	true
rand_core	0.9.5	zenoh	1.7.2	sentinel-zenoh	0.1.0	normal:all	true		true
rand_core	0.9.5	zenoh-link	1.7.2	zenoh	1.7.2	normal:all	false		true
rand_core	0.9.5	zenoh-link	1.7.2	zenoh-transport	1.7.2	normal:all	false		true
rand_core	0.9.5	zenoh-link-commons	1.7.2	zenoh	1.7.2	normal:all	false		true
rand_core	0.9.5	zenoh-link-commons	1.7.2	zenoh-link	1.7.2	normal:all	false		true
rand_core	0.9.5	zenoh-link-commons	1.7.2	zenoh-link-quic	1.7.2	normal:all	false		true
rand_core	0.9.5	zenoh-link-commons	1.7.2	zenoh-link-quic_datagram	1.7.2	normal:all	false		true
rand_core	0.9.5	zenoh-link-commons	1.7.2	zenoh-link-tcp	1.7.2	normal:all	false		true
rand_core	0.9.5	zenoh-link-commons	1.7.2	zenoh-link-tls	1.7.2	normal:all	false		true
rand_core	0.9.5	zenoh-link-commons	1.7.2	zenoh-link-udp	1.7.2	normal:all	false		true
rand_core	0.9.5	zenoh-link-commons	1.7.2	zenoh-link-unixsock_stream	1.7.2	normal:all	false		true
rand_core	0.9.5	zenoh-link-commons	1.7.2	zenoh-link-ws	1.7.2	normal:all	false		true
rand_core	0.9.5	zenoh-link-commons	1.7.2	zenoh-transport	1.7.2	normal:all	false		true
rand_core	0.9.5	zenoh-link-quic	1.7.2	zenoh-link	1.7.2	normal:all	false		true
rand_core	0.9.5	zenoh-link-quic_datagram	1.7.2	zenoh-link	1.7.2	normal:all	false		true
rand_core	0.9.5	zenoh-link-tcp	1.7.2	zenoh-link	1.7.2	normal:all	false		true
rand_core	0.9.5	zenoh-link-tls	1.7.2	zenoh-link	1.7.2	normal:all	false		true
rand_core	0.9.5	zenoh-link-udp	1.7.2	zenoh-link	1.7.2	normal:all	false		true
rand_core	0.9.5	zenoh-link-unixsock_stream	1.7.2	zenoh-link	1.7.2	normal:all	false		true
rand_core	0.9.5	zenoh-link-ws	1.7.2	zenoh-link	1.7.2	normal:all	false		true
rand_core	0.9.5	zenoh-transport	1.7.2	zenoh	1.7.2	normal:all	false		true
redox_users	0.4.6	directories-next	2.0.0	wasmtime-internal-cache	45.0.3	normal:all	false		true
redox_users	0.4.6	dirs-sys-next	0.1.2	directories-next	2.0.0	normal:all	false		true
redox_users	0.4.6	redox_users	0.4.6	dirs-sys-next	0.1.2	"normal:cfg(target_os = ""redox"")"	false		true
redox_users	0.4.6	sentinel-ecs	0.1.0	sentinel-daemon	0.1.0	normal:all	true	A	true
redox_users	0.4.6	sentinel-ecs	0.1.0	sentinel-runtime	0.1.0	normal:all	true		true
redox_users	0.4.6	sentinel-runtime	0.1.0	sentinel-daemon	0.1.0	normal:all	true	A	true
redox_users	0.4.6	sentinel-wasm	0.1.0	sentinel-daemon	0.1.0	normal:all	true	A	true
redox_users	0.4.6	sentinel-wasm	0.1.0	sentinel-ecs	0.1.0	normal:all	true		true
redox_users	0.4.6	wasmtime	45.0.3	sentinel-wasm	0.1.0	normal:all	true		true
redox_users	0.4.6	wasmtime	45.0.3	wasmtime-wasi	45.0.3	normal:all	false		true
redox_users	0.4.6	wasmtime	45.0.3	wasmtime-wasi-io	45.0.3	normal:all	false		true
redox_users	0.4.6	wasmtime	45.0.3	wiggle	45.0.3	normal:all	false		true
redox_users	0.4.6	wasmtime-internal-cache	45.0.3	wasmtime	45.0.3	normal:all	false		true
redox_users	0.4.6	wasmtime-wasi	45.0.3	sentinel-wasm	0.1.0	normal:all	true		true
redox_users	0.4.6	wasmtime-wasi-io	45.0.3	wasmtime-wasi	45.0.3	normal:all	false		true
redox_users	0.4.6	wiggle	45.0.3	wasmtime-wasi	45.0.3	normal:all	false		true
redox_users	0.5.2	dirs	6.0.0	shellexpand	3.1.2	normal:all	false		true
redox_users	0.5.2	dirs-sys	0.5.0	dirs	6.0.0	normal:all	false		true
redox_users	0.5.2	redox_users	0.5.2	dirs-sys	0.5.0	"normal:cfg(target_os = ""redox"")"	false		true
redox_users	0.5.2	sentinel-sandbox	0.1.0	sentinel-daemon	0.1.0	normal:all	true	A	true
redox_users	0.5.2	sentinel-zenoh	0.1.0	sentinel-daemon	0.1.0	normal:all	true	A	true
redox_users	0.5.2	sentinel-zenoh	0.1.0	sentinel-sandbox	0.1.0	normal:all	true		true
redox_users	0.5.2	shellexpand	3.1.2	zenoh-util	1.7.2	normal:all	false		true
redox_users	0.5.2	zenoh	1.7.2	sentinel-zenoh	0.1.0	normal:all	true		true
redox_users	0.5.2	zenoh-config	1.7.2	zenoh	1.7.2	normal:all	false		true
redox_users	0.5.2	zenoh-config	1.7.2	zenoh-link	1.7.2	normal:all	false		true
redox_users	0.5.2	zenoh-config	1.7.2	zenoh-link-commons	1.7.2	normal:all	false		true
redox_users	0.5.2	zenoh-config	1.7.2	zenoh-link-quic	1.7.2	normal:all	false		true
redox_users	0.5.2	zenoh-config	1.7.2	zenoh-link-tcp	1.7.2	normal:all	false		true
redox_users	0.5.2	zenoh-config	1.7.2	zenoh-link-tls	1.7.2	normal:all	false		true
redox_users	0.5.2	zenoh-config	1.7.2	zenoh-plugin-trait	1.7.2	normal:all	false		true
redox_users	0.5.2	zenoh-config	1.7.2	zenoh-transport	1.7.2	normal:all	false		true
redox_users	0.5.2	zenoh-link	1.7.2	zenoh	1.7.2	normal:all	false		true
redox_users	0.5.2	zenoh-link	1.7.2	zenoh-transport	1.7.2	normal:all	false		true
redox_users	0.5.2	zenoh-link-commons	1.7.2	zenoh	1.7.2	normal:all	false		true
redox_users	0.5.2	zenoh-link-commons	1.7.2	zenoh-link	1.7.2	normal:all	false		true
redox_users	0.5.2	zenoh-link-commons	1.7.2	zenoh-link-quic	1.7.2	normal:all	false		true
redox_users	0.5.2	zenoh-link-commons	1.7.2	zenoh-link-quic_datagram	1.7.2	normal:all	false		true
redox_users	0.5.2	zenoh-link-commons	1.7.2	zenoh-link-tcp	1.7.2	normal:all	false		true
redox_users	0.5.2	zenoh-link-commons	1.7.2	zenoh-link-tls	1.7.2	normal:all	false		true
redox_users	0.5.2	zenoh-link-commons	1.7.2	zenoh-link-udp	1.7.2	normal:all	false		true
redox_users	0.5.2	zenoh-link-commons	1.7.2	zenoh-link-unixsock_stream	1.7.2	normal:all	false		true
redox_users	0.5.2	zenoh-link-commons	1.7.2	zenoh-link-ws	1.7.2	normal:all	false		true
redox_users	0.5.2	zenoh-link-commons	1.7.2	zenoh-transport	1.7.2	normal:all	false		true
redox_users	0.5.2	zenoh-link-quic	1.7.2	zenoh-link	1.7.2	normal:all	false		true
redox_users	0.5.2	zenoh-link-quic_datagram	1.7.2	zenoh-link	1.7.2	normal:all	false		true
redox_users	0.5.2	zenoh-link-tcp	1.7.2	zenoh-link	1.7.2	normal:all	false		true
redox_users	0.5.2	zenoh-link-tls	1.7.2	zenoh-link	1.7.2	normal:all	false		true
redox_users	0.5.2	zenoh-link-udp	1.7.2	zenoh-link	1.7.2	normal:all	false		true
redox_users	0.5.2	zenoh-link-unixsock_stream	1.7.2	zenoh-link	1.7.2	normal:all	false		true
redox_users	0.5.2	zenoh-link-ws	1.7.2	zenoh-link	1.7.2	normal:all	false		true
redox_users	0.5.2	zenoh-plugin-trait	1.7.2	zenoh	1.7.2	normal:all	false		true
redox_users	0.5.2	zenoh-transport	1.7.2	zenoh	1.7.2	normal:all	false		true
redox_users	0.5.2	zenoh-util	1.7.2	zenoh	1.7.2	normal:all	false		true
redox_users	0.5.2	zenoh-util	1.7.2	zenoh-config	1.7.2	normal:all	false		true
redox_users	0.5.2	zenoh-util	1.7.2	zenoh-link-commons	1.7.2	normal:all	false		true
redox_users	0.5.2	zenoh-util	1.7.2	zenoh-link-quic	1.7.2	normal:all	false		true
redox_users	0.5.2	zenoh-util	1.7.2	zenoh-link-quic_datagram	1.7.2	normal:all	false		true
redox_users	0.5.2	zenoh-util	1.7.2	zenoh-link-udp	1.7.2	normal:all	false		true
redox_users	0.5.2	zenoh-util	1.7.2	zenoh-link-ws	1.7.2	normal:all	false		true
redox_users	0.5.2	zenoh-util	1.7.2	zenoh-plugin-trait	1.7.2	normal:all	false		true
redox_users	0.5.2	zenoh-util	1.7.2	zenoh-transport	1.7.2	normal:all	false		true
schemars	0.9.0	schemars	0.9.0	serde_with	3.17.0	normal:all	false		false
schemars	0.9.0	sentinel-sandbox	0.1.0	sentinel-daemon	0.1.0	normal:all	true	A	true
schemars	0.9.0	sentinel-zenoh	0.1.0	sentinel-daemon	0.1.0	normal:all	true	A	true
schemars	0.9.0	sentinel-zenoh	0.1.0	sentinel-sandbox	0.1.0	normal:all	true		true
schemars	0.9.0	serde_with	3.17.0	zenoh-config	1.7.2	normal:all	false		true
schemars	0.9.0	zenoh	1.7.2	sentinel-zenoh	0.1.0	normal:all	true		true
schemars	0.9.0	zenoh-config	1.7.2	zenoh	1.7.2	normal:all	false		true
schemars	0.9.0	zenoh-config	1.7.2	zenoh-link	1.7.2	normal:all	false		true
schemars	0.9.0	zenoh-config	1.7.2	zenoh-link-commons	1.7.2	normal:all	false		true
schemars	0.9.0	zenoh-config	1.7.2	zenoh-link-quic	1.7.2	normal:all	false		true
schemars	0.9.0	zenoh-config	1.7.2	zenoh-link-tcp	1.7.2	normal:all	false		true
schemars	0.9.0	zenoh-config	1.7.2	zenoh-link-tls	1.7.2	normal:all	false		true
schemars	0.9.0	zenoh-config	1.7.2	zenoh-plugin-trait	1.7.2	normal:all	false		true
schemars	0.9.0	zenoh-config	1.7.2	zenoh-transport	1.7.2	normal:all	false		true
schemars	0.9.0	zenoh-link	1.7.2	zenoh	1.7.2	normal:all	false		true
schemars	0.9.0	zenoh-link	1.7.2	zenoh-transport	1.7.2	normal:all	false		true
schemars	0.9.0	zenoh-link-commons	1.7.2	zenoh	1.7.2	normal:all	false		true
schemars	0.9.0	zenoh-link-commons	1.7.2	zenoh-link	1.7.2	normal:all	false		true
schemars	0.9.0	zenoh-link-commons	1.7.2	zenoh-link-quic	1.7.2	normal:all	false		true
schemars	0.9.0	zenoh-link-commons	1.7.2	zenoh-link-quic_datagram	1.7.2	normal:all	false		true
schemars	0.9.0	zenoh-link-commons	1.7.2	zenoh-link-tcp	1.7.2	normal:all	false		true
schemars	0.9.0	zenoh-link-commons	1.7.2	zenoh-link-tls	1.7.2	normal:all	false		true
schemars	0.9.0	zenoh-link-commons	1.7.2	zenoh-link-udp	1.7.2	normal:all	false		true
schemars	0.9.0	zenoh-link-commons	1.7.2	zenoh-link-unixsock_stream	1.7.2	normal:all	false		true
schemars	0.9.0	zenoh-link-commons	1.7.2	zenoh-link-ws	1.7.2	normal:all	false		true
schemars	0.9.0	zenoh-link-commons	1.7.2	zenoh-transport	1.7.2	normal:all	false		true
schemars	0.9.0	zenoh-link-quic	1.7.2	zenoh-link	1.7.2	normal:all	false		true
schemars	0.9.0	zenoh-link-quic_datagram	1.7.2	zenoh-link	1.7.2	normal:all	false		true
schemars	0.9.0	zenoh-link-tcp	1.7.2	zenoh-link	1.7.2	normal:all	false		true
schemars	0.9.0	zenoh-link-tls	1.7.2	zenoh-link	1.7.2	normal:all	false		true
schemars	0.9.0	zenoh-link-udp	1.7.2	zenoh-link	1.7.2	normal:all	false		true
schemars	0.9.0	zenoh-link-unixsock_stream	1.7.2	zenoh-link	1.7.2	normal:all	false		true
schemars	0.9.0	zenoh-link-ws	1.7.2	zenoh-link	1.7.2	normal:all	false		true
schemars	0.9.0	zenoh-plugin-trait	1.7.2	zenoh	1.7.2	normal:all	false		true
schemars	0.9.0	zenoh-transport	1.7.2	zenoh	1.7.2	normal:all	false		true
schemars	1.2.1	schemars	1.2.1	zenoh-keyexpr	1.7.2	normal:all	false		true
schemars	1.2.1	schemars	1.2.1	zenoh-util	1.7.2	normal:all	false		true
schemars	1.2.1	sentinel-sandbox	0.1.0	sentinel-daemon	0.1.0	normal:all	true	A	true
schemars	1.2.1	sentinel-zenoh	0.1.0	sentinel-daemon	0.1.0	normal:all	true	A	true
schemars	1.2.1	sentinel-zenoh	0.1.0	sentinel-sandbox	0.1.0	normal:all	true		true
schemars	1.2.1	zenoh	1.7.2	sentinel-zenoh	0.1.0	normal:all	true		true
schemars	1.2.1	zenoh-codec	1.7.2	zenoh	1.7.2	normal:all	false		true
schemars	1.2.1	zenoh-codec	1.7.2	zenoh-link-commons	1.7.2	normal:all	false		true
schemars	1.2.1	zenoh-codec	1.7.2	zenoh-transport	1.7.2	normal:all	false		true
schemars	1.2.1	zenoh-config	1.7.2	zenoh	1.7.2	normal:all	false		true
schemars	1.2.1	zenoh-config	1.7.2	zenoh-link	1.7.2	normal:all	false		true
schemars	1.2.1	zenoh-config	1.7.2	zenoh-link-commons	1.7.2	normal:all	false		true
schemars	1.2.1	zenoh-config	1.7.2	zenoh-link-quic	1.7.2	normal:all	false		true
schemars	1.2.1	zenoh-config	1.7.2	zenoh-link-tcp	1.7.2	normal:all	false		true
schemars	1.2.1	zenoh-config	1.7.2	zenoh-link-tls	1.7.2	normal:all	false		true
schemars	1.2.1	zenoh-config	1.7.2	zenoh-plugin-trait	1.7.2	normal:all	false		true
schemars	1.2.1	zenoh-config	1.7.2	zenoh-transport	1.7.2	normal:all	false		true
schemars	1.2.1	zenoh-core	1.7.2	zenoh	1.7.2	normal:all	false		true
schemars	1.2.1	zenoh-core	1.7.2	zenoh-config	1.7.2	normal:all	false		true
schemars	1.2.1	zenoh-core	1.7.2	zenoh-link-commons	1.7.2	normal:all	false		true
schemars	1.2.1	zenoh-core	1.7.2	zenoh-link-quic	1.7.2	normal:all	false		true
schemars	1.2.1	zenoh-core	1.7.2	zenoh-link-quic_datagram	1.7.2	normal:all	false		true
schemars	1.2.1	zenoh-core	1.7.2	zenoh-link-tcp	1.7.2	normal:all	false		true
schemars	1.2.1	zenoh-core	1.7.2	zenoh-link-tls	1.7.2	normal:all	false		true
schemars	1.2.1	zenoh-core	1.7.2	zenoh-link-udp	1.7.2	normal:all	false		true
schemars	1.2.1	zenoh-core	1.7.2	zenoh-link-unixsock_stream	1.7.2	normal:all	false		true
schemars	1.2.1	zenoh-core	1.7.2	zenoh-link-ws	1.7.2	normal:all	false		true
schemars	1.2.1	zenoh-core	1.7.2	zenoh-sync	1.7.2	normal:all	false		true
schemars	1.2.1	zenoh-core	1.7.2	zenoh-task	1.7.2	normal:all	false		true
schemars	1.2.1	zenoh-core	1.7.2	zenoh-transport	1.7.2	normal:all	false		true
schemars	1.2.1	zenoh-core	1.7.2	zenoh-util	1.7.2	normal:all	false		true
schemars	1.2.1	zenoh-keyexpr	1.7.2	zenoh	1.7.2	normal:all	false		true
schemars	1.2.1	zenoh-keyexpr	1.7.2	zenoh-config	1.7.2	normal:all	false		true
schemars	1.2.1	zenoh-keyexpr	1.7.2	zenoh-macros	1.7.2	normal:all	false		true
schemars	1.2.1	zenoh-keyexpr	1.7.2	zenoh-plugin-trait	1.7.2	normal:all	false		true
schemars	1.2.1	zenoh-keyexpr	1.7.2	zenoh-protocol	1.7.2	normal:all	false		true
schemars	1.2.1	zenoh-link	1.7.2	zenoh	1.7.2	normal:all	false		true
schemars	1.2.1	zenoh-link	1.7.2	zenoh-transport	1.7.2	normal:all	false		true
schemars	1.2.1	zenoh-link-commons	1.7.2	zenoh	1.7.2	normal:all	false		true
schemars	1.2.1	zenoh-link-commons	1.7.2	zenoh-link	1.7.2	normal:all	false		true
schemars	1.2.1	zenoh-link-commons	1.7.2	zenoh-link-quic	1.7.2	normal:all	false		true
schemars	1.2.1	zenoh-link-commons	1.7.2	zenoh-link-quic_datagram	1.7.2	normal:all	false		true
schemars	1.2.1	zenoh-link-commons	1.7.2	zenoh-link-tcp	1.7.2	normal:all	false		true
schemars	1.2.1	zenoh-link-commons	1.7.2	zenoh-link-tls	1.7.2	normal:all	false		true
schemars	1.2.1	zenoh-link-commons	1.7.2	zenoh-link-udp	1.7.2	normal:all	false		true
schemars	1.2.1	zenoh-link-commons	1.7.2	zenoh-link-unixsock_stream	1.7.2	normal:all	false		true
schemars	1.2.1	zenoh-link-commons	1.7.2	zenoh-link-ws	1.7.2	normal:all	false		true
schemars	1.2.1	zenoh-link-commons	1.7.2	zenoh-transport	1.7.2	normal:all	false		true
schemars	1.2.1	zenoh-link-quic	1.7.2	zenoh-link	1.7.2	normal:all	false		true
schemars	1.2.1	zenoh-link-quic_datagram	1.7.2	zenoh-link	1.7.2	normal:all	false		true
schemars	1.2.1	zenoh-link-tcp	1.7.2	zenoh-link	1.7.2	normal:all	false		true
schemars	1.2.1	zenoh-link-tls	1.7.2	zenoh-link	1.7.2	normal:all	false		true
schemars	1.2.1	zenoh-link-udp	1.7.2	zenoh-link	1.7.2	normal:all	false		true
schemars	1.2.1	zenoh-link-unixsock_stream	1.7.2	zenoh-link	1.7.2	normal:all	false		true
schemars	1.2.1	zenoh-link-ws	1.7.2	zenoh-link	1.7.2	normal:all	false		true
schemars	1.2.1	zenoh-macros	1.7.2	zenoh	1.7.2	normal:all	false		true
schemars	1.2.1	zenoh-macros	1.7.2	zenoh-config	1.7.2	normal:all	false		true
schemars	1.2.1	zenoh-macros	1.7.2	zenoh-plugin-trait	1.7.2	normal:all	false		true
schemars	1.2.1	zenoh-macros	1.7.2	zenoh-runtime	1.7.2	normal:all	false		true
schemars	1.2.1	zenoh-plugin-trait	1.7.2	zenoh	1.7.2	normal:all	false		true
schemars	1.2.1	zenoh-protocol	1.7.2	zenoh	1.7.2	normal:all	false		true
schemars	1.2.1	zenoh-protocol	1.7.2	zenoh-codec	1.7.2	normal:all	false		true
schemars	1.2.1	zenoh-protocol	1.7.2	zenoh-config	1.7.2	normal:all	false		true
schemars	1.2.1	zenoh-protocol	1.7.2	zenoh-link	1.7.2	normal:all	false		true
schemars	1.2.1	zenoh-protocol	1.7.2	zenoh-link-commons	1.7.2	normal:all	false		true
schemars	1.2.1	zenoh-protocol	1.7.2	zenoh-link-quic	1.7.2	normal:all	false		true
schemars	1.2.1	zenoh-protocol	1.7.2	zenoh-link-quic_datagram	1.7.2	normal:all	false		true
schemars	1.2.1	zenoh-protocol	1.7.2	zenoh-link-tcp	1.7.2	normal:all	false		true
schemars	1.2.1	zenoh-protocol	1.7.2	zenoh-link-tls	1.7.2	normal:all	false		true
schemars	1.2.1	zenoh-protocol	1.7.2	zenoh-link-udp	1.7.2	normal:all	false		true
schemars	1.2.1	zenoh-protocol	1.7.2	zenoh-link-unixsock_stream	1.7.2	normal:all	false		true
schemars	1.2.1	zenoh-protocol	1.7.2	zenoh-link-ws	1.7.2	normal:all	false		true
schemars	1.2.1	zenoh-protocol	1.7.2	zenoh-transport	1.7.2	normal:all	false		true
schemars	1.2.1	zenoh-runtime	1.7.2	zenoh	1.7.2	normal:all	false		true
schemars	1.2.1	zenoh-runtime	1.7.2	zenoh-core	1.7.2	normal:all	false		true
schemars	1.2.1	zenoh-runtime	1.7.2	zenoh-link-commons	1.7.2	normal:all	false		true
schemars	1.2.1	zenoh-runtime	1.7.2	zenoh-link-tls	1.7.2	normal:all	false		true
schemars	1.2.1	zenoh-runtime	1.7.2	zenoh-link-unixsock_stream	1.7.2	normal:all	false		true
schemars	1.2.1	zenoh-runtime	1.7.2	zenoh-link-ws	1.7.2	normal:all	false		true
schemars	1.2.1	zenoh-runtime	1.7.2	zenoh-task	1.7.2	normal:all	false		true
schemars	1.2.1	zenoh-runtime	1.7.2	zenoh-transport	1.7.2	normal:all	false		true
schemars	1.2.1	zenoh-sync	1.7.2	zenoh	1.7.2	normal:all	false		true
schemars	1.2.1	zenoh-sync	1.7.2	zenoh-link-udp	1.7.2	normal:all	false		true
schemars	1.2.1	zenoh-sync	1.7.2	zenoh-transport	1.7.2	normal:all	false		true
schemars	1.2.1	zenoh-task	1.7.2	zenoh	1.7.2	normal:all	false		true
schemars	1.2.1	zenoh-task	1.7.2	zenoh-transport	1.7.2	normal:all	false		true
schemars	1.2.1	zenoh-transport	1.7.2	zenoh	1.7.2	normal:all	false		true
schemars	1.2.1	zenoh-util	1.7.2	zenoh	1.7.2	normal:all	false		true
schemars	1.2.1	zenoh-util	1.7.2	zenoh-config	1.7.2	normal:all	false		true
schemars	1.2.1	zenoh-util	1.7.2	zenoh-link-commons	1.7.2	normal:all	false		true
schemars	1.2.1	zenoh-util	1.7.2	zenoh-link-quic	1.7.2	normal:all	false		true
schemars	1.2.1	zenoh-util	1.7.2	zenoh-link-quic_datagram	1.7.2	normal:all	false		true
schemars	1.2.1	zenoh-util	1.7.2	zenoh-link-udp	1.7.2	normal:all	false		true
schemars	1.2.1	zenoh-util	1.7.2	zenoh-link-ws	1.7.2	normal:all	false		true
schemars	1.2.1	zenoh-util	1.7.2	zenoh-plugin-trait	1.7.2	normal:all	false		true
schemars	1.2.1	zenoh-util	1.7.2	zenoh-transport	1.7.2	normal:all	false		true
socket2	0.5.10	sentinel-sandbox	0.1.0	sentinel-daemon	0.1.0	normal:all	true	A	true
socket2	0.5.10	sentinel-zenoh	0.1.0	sentinel-daemon	0.1.0	normal:all	true	A	true
socket2	0.5.10	sentinel-zenoh	0.1.0	sentinel-sandbox	0.1.0	normal:all	true		true
socket2	0.5.10	socket2	0.5.10	wtransport	0.6.1	normal:all	false		true
socket2	0.5.10	socket2	0.5.10	zenoh	1.7.2	normal:all	false		true
socket2	0.5.10	socket2	0.5.10	zenoh-link-commons	1.7.2	normal:all	false		true
socket2	0.5.10	socket2	0.5.10	zenoh-link-tcp	1.7.2	normal:all	false		true
socket2	0.5.10	socket2	0.5.10	zenoh-link-tls	1.7.2	normal:all	false		true
socket2	0.5.10	socket2	0.5.10	zenoh-link-udp	1.7.2	normal:all	false		true
socket2	0.5.10	wtransport	0.6.1	sentinel-dashboard-backend	0.1.0	normal:all	true	A	true
socket2	0.5.10	zenoh	1.7.2	sentinel-zenoh	0.1.0	normal:all	true		true
socket2	0.5.10	zenoh-link	1.7.2	zenoh	1.7.2	normal:all	false		true
socket2	0.5.10	zenoh-link	1.7.2	zenoh-transport	1.7.2	normal:all	false		true
socket2	0.5.10	zenoh-link-commons	1.7.2	zenoh	1.7.2	normal:all	false		true
socket2	0.5.10	zenoh-link-commons	1.7.2	zenoh-link	1.7.2	normal:all	false		true
socket2	0.5.10	zenoh-link-commons	1.7.2	zenoh-link-quic	1.7.2	normal:all	false		true
socket2	0.5.10	zenoh-link-commons	1.7.2	zenoh-link-quic_datagram	1.7.2	normal:all	false		true
socket2	0.5.10	zenoh-link-commons	1.7.2	zenoh-link-tcp	1.7.2	normal:all	false		true
socket2	0.5.10	zenoh-link-commons	1.7.2	zenoh-link-tls	1.7.2	normal:all	false		true
socket2	0.5.10	zenoh-link-commons	1.7.2	zenoh-link-udp	1.7.2	normal:all	false		true
socket2	0.5.10	zenoh-link-commons	1.7.2	zenoh-link-unixsock_stream	1.7.2	normal:all	false		true
socket2	0.5.10	zenoh-link-commons	1.7.2	zenoh-link-ws	1.7.2	normal:all	false		true
socket2	0.5.10	zenoh-link-commons	1.7.2	zenoh-transport	1.7.2	normal:all	false		true
socket2	0.5.10	zenoh-link-quic	1.7.2	zenoh-link	1.7.2	normal:all	false		true
socket2	0.5.10	zenoh-link-quic_datagram	1.7.2	zenoh-link	1.7.2	normal:all	false		true
socket2	0.5.10	zenoh-link-tcp	1.7.2	zenoh-link	1.7.2	normal:all	false		true
socket2	0.5.10	zenoh-link-tls	1.7.2	zenoh-link	1.7.2	normal:all	false		true
socket2	0.5.10	zenoh-link-udp	1.7.2	zenoh-link	1.7.2	normal:all	false		true
socket2	0.5.10	zenoh-link-unixsock_stream	1.7.2	zenoh-link	1.7.2	normal:all	false		true
socket2	0.5.10	zenoh-link-ws	1.7.2	zenoh-link	1.7.2	normal:all	false		true
socket2	0.5.10	zenoh-transport	1.7.2	zenoh	1.7.2	normal:all	false		true
socket2	0.6.4	async-nats	0.47.0	sentinel-daemon	0.1.0	normal:all	true	A	true
socket2	0.6.4	async-nats	0.47.0	sentinel-dashboard-backend	0.1.0	normal:all	true	A	true
socket2	0.6.4	async-nats	0.47.0	sentinel-gaia-loop	0.1.0	normal:all	true	A	true
socket2	0.6.4	axum	0.8.9	sentinel-dashboard-backend	0.1.0	normal:all	true	A	true
socket2	0.6.4	axum-server	0.7.3	sentinel-dashboard-backend	0.1.0	normal:all	true	A	true
socket2	0.6.4	criterion	0.5.1	sentinel-telemetry	0.1.0	dev:all	true		true
socket2	0.6.4	criterion	0.5.1	sentinel-zenoh	0.1.0	dev:all	true		true
socket2	0.6.4	fs-err	3.3.0	axum-server	0.7.3	normal:all	false		true
socket2	0.6.4	h2	0.4.14	hyper	1.8.1	normal:all	false		true
socket2	0.6.4	hyper	1.8.1	axum	0.8.9	normal:all	false		true
socket2	0.6.4	hyper	1.8.1	axum-server	0.7.3	normal:all	false		true
socket2	0.6.4	hyper	1.8.1	hyper-rustls	0.27.7	normal:all	false		true
socket2	0.6.4	hyper	1.8.1	hyper-util	0.1.20	normal:all	false		true
socket2	0.6.4	hyper	1.8.1	reqwest	0.12.28	"normal:cfg(not(target_arch = ""wasm32""))"	false		true
socket2	0.6.4	hyper-rustls	0.27.7	reqwest	0.12.28	"normal:cfg(not(target_arch = ""wasm32""))"	false		true
socket2	0.6.4	hyper-util	0.1.20	axum	0.8.9	normal:all	false		true
socket2	0.6.4	hyper-util	0.1.20	axum-server	0.7.3	normal:all	false		true
socket2	0.6.4	hyper-util	0.1.20	hyper-rustls	0.27.7	normal:all	false		true
socket2	0.6.4	hyper-util	0.1.20	reqwest	0.12.28	"normal:cfg(not(target_arch = ""wasm32""))"	false		true
socket2	0.6.4	quinn	0.11.9	sentinel-cluster-control	0.1.0	normal:all	true		true
socket2	0.6.4	quinn	0.11.9	wtransport	0.6.1	normal:all	false		true
socket2	0.6.4	quinn	0.11.9	zenoh-link-commons	1.7.2	normal:all	false		true
socket2	0.6.4	quinn	0.11.9	zenoh-link-quic	1.7.2	normal:all	false		true
socket2	0.6.4	quinn	0.11.9	zenoh-link-quic_datagram	1.7.2	normal:all	false		true
socket2	0.6.4	quinn-udp	0.5.14	quinn	0.11.9	normal:all	false		true
socket2	0.6.4	reqwest	0.12.28	sentinel-ctl	0.1.0	normal:all	true	B	true
socket2	0.6.4	reqwest	0.12.28	sentinel-daemon	0.1.0	normal:all	true	A	true
socket2	0.6.4	reqwest	0.12.28	sentinel-dashboard-backend	0.1.0	normal:all	true	A	true
socket2	0.6.4	sentinel-cluster-control	0.1.0	sentinel-daemon	0.1.0	normal:all	true	A	true
socket2	0.6.4	sentinel-console-plane	0.1.0	sentinel-dashboard-backend	0.1.0	normal:all	true	A	true
socket2	0.6.4	sentinel-ebpf	0.1.0	sentinel-daemon	0.1.0	normal:all	true	A	true
socket2	0.6.4	sentinel-ecs	0.1.0	sentinel-daemon	0.1.0	normal:all	true	A	true
socket2	0.6.4	sentinel-ecs	0.1.0	sentinel-runtime	0.1.0	normal:all	true		true
socket2	0.6.4	sentinel-fs	0.1.0	sentinel-console-plane	0.1.0	normal:all	true		true
socket2	0.6.4	sentinel-fs	0.1.0	sentinel-daemon	0.1.0	normal:all	true	A	true
socket2	0.6.4	sentinel-fs	0.1.0	sentinel-microvm	0.1.0	normal:all	true		true
socket2	0.6.4	sentinel-fs	0.1.0	sentinel-sandbox	0.1.0	normal:all	true		true
socket2	0.6.4	sentinel-gaia-loop	0.1.0	sentinel-dashboard-backend	0.1.0	normal:all	true	A	true
socket2	0.6.4	sentinel-limbo	0.1.0	sentinel-daemon	0.1.0	normal:all	true	A	true
socket2	0.6.4	sentinel-limbo	0.1.0	sentinel-dashboard-backend	0.1.0	normal:all	true	A	true
socket2	0.6.4	sentinel-limbo	0.1.0	sentinel-ecs	0.1.0	normal:all	true		true
socket2	0.6.4	sentinel-limbo	0.1.0	sentinel-gaia-loop	0.1.0	normal:all	true	A	true
socket2	0.6.4	sentinel-limbo	0.1.0	sentinel-gaia-memory	0.1.0	dev:all	true		true
socket2	0.6.4	sentinel-limbo	0.1.0	sentinel-nightrun	0.1.0	normal:all	true	C	true
socket2	0.6.4	sentinel-limbo	0.1.0	sentinel-projection	0.1.0	normal:all	true		true
socket2	0.6.4	sentinel-limbo	0.1.0	sentinel-projection-service	0.1.0	normal:all	true	A	true
socket2	0.6.4	sentinel-limbo	0.1.0	sentinel-runtime	0.1.0	dev:all;normal:all	true		true
socket2	0.6.4	sentinel-projection	0.1.0	sentinel-daemon	0.1.0	normal:all	true	A	true
socket2	0.6.4	sentinel-projection	0.1.0	sentinel-dashboard-backend	0.1.0	normal:all	true	A	true
socket2	0.6.4	sentinel-projection	0.1.0	sentinel-gaia-memory	0.1.0	dev:all	true		true
socket2	0.6.4	sentinel-projection	0.1.0	sentinel-projection-service	0.1.0	normal:all	true	A	true
socket2	0.6.4	sentinel-redb	0.1.0	sentinel-daemon	0.1.0	normal:all	true	A	true
socket2	0.6.4	sentinel-redb	0.1.0	sentinel-ecs	0.1.0	normal:all	true		true
socket2	0.6.4	sentinel-runtime	0.1.0	sentinel-daemon	0.1.0	normal:all	true	A	true
socket2	0.6.4	sentinel-sandbox	0.1.0	sentinel-daemon	0.1.0	normal:all	true	A	true
socket2	0.6.4	sentinel-telemetry	0.1.0	sentinel-daemon	0.1.0	normal:all	true	A	true
socket2	0.6.4	sentinel-telemetry	0.1.0	sentinel-ecs	0.1.0	dev:all	true		true
socket2	0.6.4	sentinel-telemetry	0.1.0	sentinel-fs	0.1.0	normal:all	true		true
socket2	0.6.4	sentinel-telemetry	0.1.0	sentinel-limbo	0.1.0	normal:all	true		true
socket2	0.6.4	sentinel-telemetry	0.1.0	sentinel-nightrun	0.1.0	normal:all	true	C	true
socket2	0.6.4	sentinel-telemetry	0.1.0	sentinel-projection	0.1.0	normal:all	true		true
socket2	0.6.4	sentinel-telemetry	0.1.0	sentinel-projection-service	0.1.0	normal:all	true	A	true
socket2	0.6.4	sentinel-telemetry	0.1.0	sentinel-redb	0.1.0	normal:all	true		true
socket2	0.6.4	sentinel-telemetry	0.1.0	sentinel-zenoh	0.1.0	normal:all	true		true
socket2	0.6.4	sentinel-wasm	0.1.0	sentinel-daemon	0.1.0	normal:all	true	A	true
socket2	0.6.4	sentinel-wasm	0.1.0	sentinel-ecs	0.1.0	normal:all	true		true
socket2	0.6.4	sentinel-zenoh	0.1.0	sentinel-daemon	0.1.0	normal:all	true	A	true
socket2	0.6.4	sentinel-zenoh	0.1.0	sentinel-sandbox	0.1.0	normal:all	true		true
socket2	0.6.4	socket2	0.6.4	hyper-util	0.1.20	normal:all	false		true
socket2	0.6.4	socket2	0.6.4	quinn	0.11.9	"normal:cfg(not(all(target_family = ""wasm"", target_os = ""unknown"")))"	false		true
socket2	0.6.4	socket2	0.6.4	quinn-udp	0.5.14	"normal:cfg(not(all(target_family = ""wasm"", target_os = ""unknown"")))"	false		true
socket2	0.6.4	socket2	0.6.4	tokio	1.52.3	"normal:cfg(any(not(target_family = ""wasm""), all(target_os = ""wasi"", not(target_env = ""p1""))))"	false		true
socket2	0.6.4	tls-listener	0.11.2	zenoh-link-tls	1.7.2	normal:all	false		true
socket2	0.6.4	tokio	1.52.3	async-nats	0.47.0	normal:all	false		true
socket2	0.6.4	tokio	1.52.3	axum	0.8.9	normal:all	false		true
socket2	0.6.4	tokio	1.52.3	axum-server	0.7.3	normal:all	false		true
socket2	0.6.4	tokio	1.52.3	criterion	0.5.1	normal:all	false		true
socket2	0.6.4	tokio	1.52.3	fs-err	3.3.0	normal:all	false		true
socket2	0.6.4	tokio	1.52.3	h2	0.4.14	normal:all	false		true
socket2	0.6.4	tokio	1.52.3	hyper	1.8.1	normal:all	false		true
socket2	0.6.4	tokio	1.52.3	hyper-rustls	0.27.7	normal:all	false		true
socket2	0.6.4	tokio	1.52.3	hyper-util	0.1.20	normal:all	false		true
socket2	0.6.4	tokio	1.52.3	quinn	0.11.9	normal:all	false		true
socket2	0.6.4	tokio	1.52.3	reqwest	0.12.28	"normal:cfg(not(target_arch = ""wasm32""))"	false		true
socket2	0.6.4	tokio	1.52.3	sentinel-cluster-control	0.1.0	dev:all;normal:all	true		true
socket2	0.6.4	tokio	1.52.3	sentinel-daemon	0.1.0	normal:all	true	A	true
socket2	0.6.4	tokio	1.52.3	sentinel-dashboard-backend	0.1.0	dev:all;normal:all	true	A	true
socket2	0.6.4	tokio	1.52.3	sentinel-ebpf	0.1.0	normal:all	true		true
socket2	0.6.4	tokio	1.52.3	sentinel-ecs	0.1.0	normal:all	true		true
socket2	0.6.4	tokio	1.52.3	sentinel-gaia-loop	0.1.0	normal:all	true	A	true
socket2	0.6.4	tokio	1.52.3	sentinel-limbo	0.1.0	dev:all;normal:all	true		true
socket2	0.6.4	tokio	1.52.3	sentinel-nightrun	0.1.0	normal:all	true	C	true
socket2	0.6.4	tokio	1.52.3	sentinel-projection-service	0.1.0	normal:all	true	A	true
socket2	0.6.4	tokio	1.52.3	sentinel-sandbox	0.1.0	normal:all	true		true
socket2	0.6.4	tokio	1.52.3	sentinel-zenoh	0.1.0	dev:all;normal:all	true		true
socket2	0.6.4	tokio	1.52.3	tls-listener	0.11.2	normal:all	false		true
socket2	0.6.4	tokio	1.52.3	tokio-rustls	0.26.4	normal:all	false		true
socket2	0.6.4	tokio	1.52.3	tokio-stream	0.1.18	normal:all	false		true
socket2	0.6.4	tokio	1.52.3	tokio-tungstenite	0.24.0	normal:all	false		true
socket2	0.6.4	tokio	1.52.3	tokio-util	0.7.18	normal:all	false		true
socket2	0.6.4	tokio	1.52.3	tokio-websockets	0.10.1	normal:all	false		true
socket2	0.6.4	tokio	1.52.3	tower	0.5.3	normal:all	false		true
socket2	0.6.4	tokio	1.52.3	tower-http	0.6.8	normal:all	false		true
socket2	0.6.4	tokio	1.52.3	tryhard	0.5.2	normal:all	false		true
socket2	0.6.4	tokio	1.52.3	wasmtime-wasi	45.0.3	normal:all	false		true
socket2	0.6.4	tokio	1.52.3	wtransport	0.6.1	normal:all	false		true
socket2	0.6.4	tokio	1.52.3	zenoh	1.7.2	normal:all	false		true
socket2	0.6.4	tokio	1.52.3	zenoh-core	1.7.2	normal:all	false		true
socket2	0.6.4	tokio	1.52.3	zenoh-link-commons	1.7.2	normal:all	false		true
socket2	0.6.4	tokio	1.52.3	zenoh-link-quic	1.7.2	normal:all	false		true
socket2	0.6.4	tokio	1.52.3	zenoh-link-quic_datagram	1.7.2	normal:all	false		true
socket2	0.6.4	tokio	1.52.3	zenoh-link-tcp	1.7.2	normal:all	false		true
socket2	0.6.4	tokio	1.52.3	zenoh-link-tls	1.7.2	normal:all	false		true
socket2	0.6.4	tokio	1.52.3	zenoh-link-udp	1.7.2	normal:all	false		true
socket2	0.6.4	tokio	1.52.3	zenoh-link-unixsock_stream	1.7.2	normal:all	false		true
socket2	0.6.4	tokio	1.52.3	zenoh-link-ws	1.7.2	normal:all	false		true
socket2	0.6.4	tokio	1.52.3	zenoh-runtime	1.7.2	normal:all	false		true
socket2	0.6.4	tokio	1.52.3	zenoh-sync	1.7.2	normal:all	false		true
socket2	0.6.4	tokio	1.52.3	zenoh-task	1.7.2	normal:all	false		true
socket2	0.6.4	tokio	1.52.3	zenoh-transport	1.7.2	normal:all	false		true
socket2	0.6.4	tokio	1.52.3	zenoh-util	1.7.2	normal:all	false		true
socket2	0.6.4	tokio-rustls	0.26.4	async-nats	0.47.0	normal:all	false		true
socket2	0.6.4	tokio-rustls	0.26.4	axum-server	0.7.3	normal:all	false		true
socket2	0.6.4	tokio-rustls	0.26.4	hyper-rustls	0.27.7	normal:all	false		true
socket2	0.6.4	tokio-rustls	0.26.4	reqwest	0.12.28	"normal:cfg(not(target_arch = ""wasm32""))"	false		true
socket2	0.6.4	tokio-rustls	0.26.4	tls-listener	0.11.2	normal:all	false		true
socket2	0.6.4	tokio-rustls	0.26.4	tokio-websockets	0.10.1	normal:all	false		true
socket2	0.6.4	tokio-rustls	0.26.4	zenoh-link-tls	1.7.2	normal:all	false		true
socket2	0.6.4	tokio-stream	0.1.18	async-nats	0.47.0	normal:all	false		true
socket2	0.6.4	tokio-tungstenite	0.24.0	zenoh-link-ws	1.7.2	normal:all	false		true
socket2	0.6.4	tokio-util	0.7.18	async-nats	0.47.0	normal:all	false		true
socket2	0.6.4	tokio-util	0.7.18	h2	0.4.14	normal:all	false		true
socket2	0.6.4	tokio-util	0.7.18	tokio-websockets	0.10.1	normal:all	false		true
socket2	0.6.4	tokio-util	0.7.18	tower-http	0.6.8	normal:all	false		true
socket2	0.6.4	tokio-util	0.7.18	zenoh	1.7.2	normal:all	false		true
socket2	0.6.4	tokio-util	0.7.18	zenoh-link-commons	1.7.2	normal:all	false		true
socket2	0.6.4	tokio-util	0.7.18	zenoh-link-quic	1.7.2	normal:all	false		true
socket2	0.6.4	tokio-util	0.7.18	zenoh-link-quic_datagram	1.7.2	normal:all	false		true
socket2	0.6.4	tokio-util	0.7.18	zenoh-link-tcp	1.7.2	normal:all	false		true
socket2	0.6.4	tokio-util	0.7.18	zenoh-link-tls	1.7.2	normal:all	false		true
socket2	0.6.4	tokio-util	0.7.18	zenoh-link-udp	1.7.2	normal:all	false		true
socket2	0.6.4	tokio-util	0.7.18	zenoh-link-unixsock_stream	1.7.2	normal:all	false		true
socket2	0.6.4	tokio-util	0.7.18	zenoh-link-ws	1.7.2	normal:all	false		true
socket2	0.6.4	tokio-util	0.7.18	zenoh-task	1.7.2	normal:all	false		true
socket2	0.6.4	tokio-util	0.7.18	zenoh-transport	1.7.2	normal:all	false		true
socket2	0.6.4	tokio-websockets	0.10.1	async-nats	0.47.0	normal:all	false		true
socket2	0.6.4	tower	0.5.3	axum	0.8.9	normal:all	false		true
socket2	0.6.4	tower	0.5.3	reqwest	0.12.28	"normal:cfg(not(target_arch = ""wasm32""))"	false		true
socket2	0.6.4	tower	0.5.3	sentinel-dashboard-backend	0.1.0	dev:all;normal:all	true	A	true
socket2	0.6.4	tower	0.5.3	tower-http	0.6.8	normal:all	false		true
socket2	0.6.4	tower-http	0.6.8	reqwest	0.12.28	"normal:cfg(not(target_arch = ""wasm32""))"	false		true
socket2	0.6.4	tower-http	0.6.8	sentinel-dashboard-backend	0.1.0	normal:all	true	A	true
socket2	0.6.4	tryhard	0.5.2	async-nats	0.47.0	normal:all	false		true
socket2	0.6.4	wasmtime-wasi	45.0.3	sentinel-wasm	0.1.0	normal:all	true		true
socket2	0.6.4	wtransport	0.6.1	sentinel-dashboard-backend	0.1.0	normal:all	true	A	true
socket2	0.6.4	zenoh	1.7.2	sentinel-zenoh	0.1.0	normal:all	true		true
socket2	0.6.4	zenoh-config	1.7.2	zenoh	1.7.2	normal:all	false		true
socket2	0.6.4	zenoh-config	1.7.2	zenoh-link	1.7.2	normal:all	false		true
socket2	0.6.4	zenoh-config	1.7.2	zenoh-link-commons	1.7.2	normal:all	false		true
socket2	0.6.4	zenoh-config	1.7.2	zenoh-link-quic	1.7.2	normal:all	false		true
socket2	0.6.4	zenoh-config	1.7.2	zenoh-link-tcp	1.7.2	normal:all	false		true
socket2	0.6.4	zenoh-config	1.7.2	zenoh-link-tls	1.7.2	normal:all	false		true
socket2	0.6.4	zenoh-config	1.7.2	zenoh-plugin-trait	1.7.2	normal:all	false		true
socket2	0.6.4	zenoh-config	1.7.2	zenoh-transport	1.7.2	normal:all	false		true
socket2	0.6.4	zenoh-core	1.7.2	zenoh	1.7.2	normal:all	false		true
socket2	0.6.4	zenoh-core	1.7.2	zenoh-config	1.7.2	normal:all	false		true
socket2	0.6.4	zenoh-core	1.7.2	zenoh-link-commons	1.7.2	normal:all	false		true
socket2	0.6.4	zenoh-core	1.7.2	zenoh-link-quic	1.7.2	normal:all	false		true
socket2	0.6.4	zenoh-core	1.7.2	zenoh-link-quic_datagram	1.7.2	normal:all	false		true
socket2	0.6.4	zenoh-core	1.7.2	zenoh-link-tcp	1.7.2	normal:all	false		true
socket2	0.6.4	zenoh-core	1.7.2	zenoh-link-tls	1.7.2	normal:all	false		true
socket2	0.6.4	zenoh-core	1.7.2	zenoh-link-udp	1.7.2	normal:all	false		true
socket2	0.6.4	zenoh-core	1.7.2	zenoh-link-unixsock_stream	1.7.2	normal:all	false		true
socket2	0.6.4	zenoh-core	1.7.2	zenoh-link-ws	1.7.2	normal:all	false		true
socket2	0.6.4	zenoh-core	1.7.2	zenoh-sync	1.7.2	normal:all	false		true
socket2	0.6.4	zenoh-core	1.7.2	zenoh-task	1.7.2	normal:all	false		true
socket2	0.6.4	zenoh-core	1.7.2	zenoh-transport	1.7.2	normal:all	false		true
socket2	0.6.4	zenoh-core	1.7.2	zenoh-util	1.7.2	normal:all	false		true
socket2	0.6.4	zenoh-link	1.7.2	zenoh	1.7.2	normal:all	false		true
socket2	0.6.4	zenoh-link	1.7.2	zenoh-transport	1.7.2	normal:all	false		true
socket2	0.6.4	zenoh-link-commons	1.7.2	zenoh	1.7.2	normal:all	false		true
socket2	0.6.4	zenoh-link-commons	1.7.2	zenoh-link	1.7.2	normal:all	false		true
socket2	0.6.4	zenoh-link-commons	1.7.2	zenoh-link-quic	1.7.2	normal:all	false		true
socket2	0.6.4	zenoh-link-commons	1.7.2	zenoh-link-quic_datagram	1.7.2	normal:all	false		true
socket2	0.6.4	zenoh-link-commons	1.7.2	zenoh-link-tcp	1.7.2	normal:all	false		true
socket2	0.6.4	zenoh-link-commons	1.7.2	zenoh-link-tls	1.7.2	normal:all	false		true
socket2	0.6.4	zenoh-link-commons	1.7.2	zenoh-link-udp	1.7.2	normal:all	false		true
socket2	0.6.4	zenoh-link-commons	1.7.2	zenoh-link-unixsock_stream	1.7.2	normal:all	false		true
socket2	0.6.4	zenoh-link-commons	1.7.2	zenoh-link-ws	1.7.2	normal:all	false		true
socket2	0.6.4	zenoh-link-commons	1.7.2	zenoh-transport	1.7.2	normal:all	false		true
socket2	0.6.4	zenoh-link-quic	1.7.2	zenoh-link	1.7.2	normal:all	false		true
socket2	0.6.4	zenoh-link-quic_datagram	1.7.2	zenoh-link	1.7.2	normal:all	false		true
socket2	0.6.4	zenoh-link-tcp	1.7.2	zenoh-link	1.7.2	normal:all	false		true
socket2	0.6.4	zenoh-link-tls	1.7.2	zenoh-link	1.7.2	normal:all	false		true
socket2	0.6.4	zenoh-link-udp	1.7.2	zenoh-link	1.7.2	normal:all	false		true
socket2	0.6.4	zenoh-link-unixsock_stream	1.7.2	zenoh-link	1.7.2	normal:all	false		true
socket2	0.6.4	zenoh-link-ws	1.7.2	zenoh-link	1.7.2	normal:all	false		true
socket2	0.6.4	zenoh-plugin-trait	1.7.2	zenoh	1.7.2	normal:all	false		true
socket2	0.6.4	zenoh-runtime	1.7.2	zenoh	1.7.2	normal:all	false		true
socket2	0.6.4	zenoh-runtime	1.7.2	zenoh-core	1.7.2	normal:all	false		true
socket2	0.6.4	zenoh-runtime	1.7.2	zenoh-link-commons	1.7.2	normal:all	false		true
socket2	0.6.4	zenoh-runtime	1.7.2	zenoh-link-tls	1.7.2	normal:all	false		true
socket2	0.6.4	zenoh-runtime	1.7.2	zenoh-link-unixsock_stream	1.7.2	normal:all	false		true
socket2	0.6.4	zenoh-runtime	1.7.2	zenoh-link-ws	1.7.2	normal:all	false		true
socket2	0.6.4	zenoh-runtime	1.7.2	zenoh-task	1.7.2	normal:all	false		true
socket2	0.6.4	zenoh-runtime	1.7.2	zenoh-transport	1.7.2	normal:all	false		true
socket2	0.6.4	zenoh-sync	1.7.2	zenoh	1.7.2	normal:all	false		true
socket2	0.6.4	zenoh-sync	1.7.2	zenoh-link-udp	1.7.2	normal:all	false		true
socket2	0.6.4	zenoh-sync	1.7.2	zenoh-transport	1.7.2	normal:all	false		true
socket2	0.6.4	zenoh-task	1.7.2	zenoh	1.7.2	normal:all	false		true
socket2	0.6.4	zenoh-task	1.7.2	zenoh-transport	1.7.2	normal:all	false		true
socket2	0.6.4	zenoh-transport	1.7.2	zenoh	1.7.2	normal:all	false		true
socket2	0.6.4	zenoh-util	1.7.2	zenoh	1.7.2	normal:all	false		true
socket2	0.6.4	zenoh-util	1.7.2	zenoh-config	1.7.2	normal:all	false		true
socket2	0.6.4	zenoh-util	1.7.2	zenoh-link-commons	1.7.2	normal:all	false		true
socket2	0.6.4	zenoh-util	1.7.2	zenoh-link-quic	1.7.2	normal:all	false		true
socket2	0.6.4	zenoh-util	1.7.2	zenoh-link-quic_datagram	1.7.2	normal:all	false		true
socket2	0.6.4	zenoh-util	1.7.2	zenoh-link-udp	1.7.2	normal:all	false		true
socket2	0.6.4	zenoh-util	1.7.2	zenoh-link-ws	1.7.2	normal:all	false		true
socket2	0.6.4	zenoh-util	1.7.2	zenoh-plugin-trait	1.7.2	normal:all	false		true
socket2	0.6.4	zenoh-util	1.7.2	zenoh-transport	1.7.2	normal:all	false		true
spin	0.10.1	bevy_ecs	0.18.1	sentinel-common	0.1.0	normal:all	true		true
spin	0.10.1	bevy_ecs	0.18.1	sentinel-daemon	0.1.0	normal:all	true	A	true
spin	0.10.1	bevy_ecs	0.18.1	sentinel-ecs	0.1.0	normal:all	true		true
spin	0.10.1	bevy_ecs	0.18.1	sentinel-runtime	0.1.0	normal:all	true		true
spin	0.10.1	bevy_platform	0.18.0	bevy_ecs	0.18.1	normal:all	false		true
spin	0.10.1	bevy_platform	0.18.0	bevy_reflect	0.18.0	normal:all	false		true
spin	0.10.1	bevy_platform	0.18.0	bevy_tasks	0.18.0	normal:all	false		true
spin	0.10.1	bevy_platform	0.18.0	bevy_utils	0.18.0	normal:all	false		true
spin	0.10.1	bevy_reflect	0.18.0	bevy_ecs	0.18.1	normal:all	false		true
spin	0.10.1	bevy_tasks	0.18.0	bevy_ecs	0.18.1	normal:all	false		true
spin	0.10.1	bevy_utils	0.18.0	bevy_ecs	0.18.1	normal:all	false		true
spin	0.10.1	bevy_utils	0.18.0	bevy_reflect	0.18.0	normal:all	false		true
spin	0.10.1	sentinel-bio	0.1.0	sentinel-ecs	0.1.0	normal:all	true		true
spin	0.10.1	sentinel-cluster-control	0.1.0	sentinel-daemon	0.1.0	normal:all	true	A	true
spin	0.10.1	sentinel-common	0.1.0	sentinel-bio	0.1.0	normal:all	true		true
spin	0.10.1	sentinel-common	0.1.0	sentinel-cluster-control	0.1.0	normal:all	true		true
spin	0.10.1	sentinel-common	0.1.0	sentinel-daemon	0.1.0	normal:all	true	A	true
spin	0.10.1	sentinel-common	0.1.0	sentinel-dashboard-backend	0.1.0	normal:all	true	A	true
spin	0.10.1	sentinel-common	0.1.0	sentinel-ebpf	0.1.0	normal:all	true		true
spin	0.10.1	sentinel-common	0.1.0	sentinel-ecs	0.1.0	dev:all;normal:all	true		true
spin	0.10.1	sentinel-common	0.1.0	sentinel-fs	0.1.0	normal:all	true		true
spin	0.10.1	sentinel-common	0.1.0	sentinel-gaia	0.1.0	normal:all	true	B	true
spin	0.10.1	sentinel-common	0.1.0	sentinel-gaia-loop	0.1.0	normal:all	true	A	true
spin	0.10.1	sentinel-common	0.1.0	sentinel-hippocampus	0.1.0	normal:all	true		true
spin	0.10.1	sentinel-common	0.1.0	sentinel-limbo	0.1.0	normal:all	true		true
spin	0.10.1	sentinel-common	0.1.0	sentinel-microvm	0.1.0	dev:all;normal:all	true		true
spin	0.10.1	sentinel-common	0.1.0	sentinel-nightrun	0.1.0	normal:all	true	C	true
spin	0.10.1	sentinel-common	0.1.0	sentinel-physics	0.1.0	normal:all	true		true
spin	0.10.1	sentinel-common	0.1.0	sentinel-projection	0.1.0	normal:all	true		true
spin	0.10.1	sentinel-common	0.1.0	sentinel-projection-service	0.1.0	normal:all	true	A	true
spin	0.10.1	sentinel-common	0.1.0	sentinel-redb	0.1.0	normal:all	true		true
spin	0.10.1	sentinel-common	0.1.0	sentinel-runtime	0.1.0	dev:all;normal:all	true		true
spin	0.10.1	sentinel-common	0.1.0	sentinel-sandbox	0.1.0	dev:all;normal:all	true		true
spin	0.10.1	sentinel-common	0.1.0	sentinel-telemetry	0.1.0	normal:all	true		true
spin	0.10.1	sentinel-common	0.1.0	sentinel-wasm	0.1.0	dev:all;normal:all	true		true
spin	0.10.1	sentinel-common	0.1.0	sentinel-zenoh	0.1.0	dev:all;normal:all	true		true
spin	0.10.1	sentinel-console-plane	0.1.0	sentinel-dashboard-backend	0.1.0	normal:all	true	A	true
spin	0.10.1	sentinel-ebpf	0.1.0	sentinel-daemon	0.1.0	normal:all	true	A	true
spin	0.10.1	sentinel-ecs	0.1.0	sentinel-daemon	0.1.0	normal:all	true	A	true
spin	0.10.1	sentinel-ecs	0.1.0	sentinel-runtime	0.1.0	normal:all	true		true
spin	0.10.1	sentinel-fs	0.1.0	sentinel-console-plane	0.1.0	normal:all	true		true
spin	0.10.1	sentinel-fs	0.1.0	sentinel-daemon	0.1.0	normal:all	true	A	true
spin	0.10.1	sentinel-fs	0.1.0	sentinel-microvm	0.1.0	normal:all	true		true
spin	0.10.1	sentinel-fs	0.1.0	sentinel-sandbox	0.1.0	normal:all	true		true
spin	0.10.1	sentinel-gaia	0.1.0	sentinel-dashboard-backend	0.1.0	normal:all	true	A	true
spin	0.10.1	sentinel-gaia-loop	0.1.0	sentinel-dashboard-backend	0.1.0	normal:all	true	A	true
spin	0.10.1	sentinel-hippocampus	0.1.0	sentinel-daemon	0.1.0	normal:all	true	A	true
spin	0.10.1	sentinel-hippocampus	0.1.0	sentinel-gaia-memory	0.1.0	normal:all	true		true
spin	0.10.1	sentinel-hippocampus	0.1.0	sentinel-nightrun	0.1.0	normal:all	true	C	true
spin	0.10.1	sentinel-limbo	0.1.0	sentinel-daemon	0.1.0	normal:all	true	A	true
spin	0.10.1	sentinel-limbo	0.1.0	sentinel-dashboard-backend	0.1.0	normal:all	true	A	true
spin	0.10.1	sentinel-limbo	0.1.0	sentinel-ecs	0.1.0	normal:all	true		true
spin	0.10.1	sentinel-limbo	0.1.0	sentinel-gaia-loop	0.1.0	normal:all	true	A	true
spin	0.10.1	sentinel-limbo	0.1.0	sentinel-gaia-memory	0.1.0	dev:all	true		true
spin	0.10.1	sentinel-limbo	0.1.0	sentinel-nightrun	0.1.0	normal:all	true	C	true
spin	0.10.1	sentinel-limbo	0.1.0	sentinel-projection	0.1.0	normal:all	true		true
spin	0.10.1	sentinel-limbo	0.1.0	sentinel-projection-service	0.1.0	normal:all	true	A	true
spin	0.10.1	sentinel-limbo	0.1.0	sentinel-runtime	0.1.0	dev:all;normal:all	true		true
spin	0.10.1	sentinel-physics	0.1.0	sentinel-ecs	0.1.0	normal:all	true		true
spin	0.10.1	sentinel-physics	0.1.0	sentinel-projection	0.1.0	normal:all	true		true
spin	0.10.1	sentinel-projection	0.1.0	sentinel-daemon	0.1.0	normal:all	true	A	true
spin	0.10.1	sentinel-projection	0.1.0	sentinel-dashboard-backend	0.1.0	normal:all	true	A	true
spin	0.10.1	sentinel-projection	0.1.0	sentinel-gaia-memory	0.1.0	dev:all	true		true
spin	0.10.1	sentinel-projection	0.1.0	sentinel-projection-service	0.1.0	normal:all	true	A	true
spin	0.10.1	sentinel-redb	0.1.0	sentinel-daemon	0.1.0	normal:all	true	A	true
spin	0.10.1	sentinel-redb	0.1.0	sentinel-ecs	0.1.0	normal:all	true		true
spin	0.10.1	sentinel-runtime	0.1.0	sentinel-daemon	0.1.0	normal:all	true	A	true
spin	0.10.1	sentinel-sandbox	0.1.0	sentinel-daemon	0.1.0	normal:all	true	A	true
spin	0.10.1	sentinel-telemetry	0.1.0	sentinel-daemon	0.1.0	normal:all	true	A	true
spin	0.10.1	sentinel-telemetry	0.1.0	sentinel-ecs	0.1.0	dev:all	true		true
spin	0.10.1	sentinel-telemetry	0.1.0	sentinel-fs	0.1.0	normal:all	true		true
spin	0.10.1	sentinel-telemetry	0.1.0	sentinel-limbo	0.1.0	normal:all	true		true
spin	0.10.1	sentinel-telemetry	0.1.0	sentinel-nightrun	0.1.0	normal:all	true	C	true
spin	0.10.1	sentinel-telemetry	0.1.0	sentinel-projection	0.1.0	normal:all	true		true
spin	0.10.1	sentinel-telemetry	0.1.0	sentinel-projection-service	0.1.0	normal:all	true	A	true
spin	0.10.1	sentinel-telemetry	0.1.0	sentinel-redb	0.1.0	normal:all	true		true
spin	0.10.1	sentinel-telemetry	0.1.0	sentinel-zenoh	0.1.0	normal:all	true		true
spin	0.10.1	sentinel-wasm	0.1.0	sentinel-daemon	0.1.0	normal:all	true	A	true
spin	0.10.1	sentinel-wasm	0.1.0	sentinel-ecs	0.1.0	normal:all	true		true
spin	0.10.1	sentinel-zenoh	0.1.0	sentinel-daemon	0.1.0	normal:all	true	A	true
spin	0.10.1	sentinel-zenoh	0.1.0	sentinel-sandbox	0.1.0	normal:all	true		true
spin	0.10.1	spin	0.10.1	bevy_platform	0.18.0	"normal:all;normal:cfg(not(all(target_has_atomic = ""8"", target_has_atomic = ""16"", target_has_atomic = ""32"", target_has_atomic = ""64"", target_has_atomic = ""ptr"")))"	false		true
spin	0.10.1	spin	0.10.1	uhlc	0.8.2	normal:all	false		true
spin	0.10.1	uhlc	0.8.2	zenoh	1.7.2	normal:all	false		true
spin	0.10.1	uhlc	0.8.2	zenoh-codec	1.7.2	normal:all	false		true
spin	0.10.1	uhlc	0.8.2	zenoh-config	1.7.2	normal:all	false		true
spin	0.10.1	uhlc	0.8.2	zenoh-protocol	1.7.2	normal:all	false		true
spin	0.10.1	zenoh	1.7.2	sentinel-zenoh	0.1.0	normal:all	true		true
spin	0.10.1	zenoh-codec	1.7.2	zenoh	1.7.2	normal:all	false		true
spin	0.10.1	zenoh-codec	1.7.2	zenoh-link-commons	1.7.2	normal:all	false		true
spin	0.10.1	zenoh-codec	1.7.2	zenoh-transport	1.7.2	normal:all	false		true
spin	0.10.1	zenoh-config	1.7.2	zenoh	1.7.2	normal:all	false		true
spin	0.10.1	zenoh-config	1.7.2	zenoh-link	1.7.2	normal:all	false		true
spin	0.10.1	zenoh-config	1.7.2	zenoh-link-commons	1.7.2	normal:all	false		true
spin	0.10.1	zenoh-config	1.7.2	zenoh-link-quic	1.7.2	normal:all	false		true
spin	0.10.1	zenoh-config	1.7.2	zenoh-link-tcp	1.7.2	normal:all	false		true
spin	0.10.1	zenoh-config	1.7.2	zenoh-link-tls	1.7.2	normal:all	false		true
spin	0.10.1	zenoh-config	1.7.2	zenoh-plugin-trait	1.7.2	normal:all	false		true
spin	0.10.1	zenoh-config	1.7.2	zenoh-transport	1.7.2	normal:all	false		true
spin	0.10.1	zenoh-link	1.7.2	zenoh	1.7.2	normal:all	false		true
spin	0.10.1	zenoh-link	1.7.2	zenoh-transport	1.7.2	normal:all	false		true
spin	0.10.1	zenoh-link-commons	1.7.2	zenoh	1.7.2	normal:all	false		true
spin	0.10.1	zenoh-link-commons	1.7.2	zenoh-link	1.7.2	normal:all	false		true
spin	0.10.1	zenoh-link-commons	1.7.2	zenoh-link-quic	1.7.2	normal:all	false		true
spin	0.10.1	zenoh-link-commons	1.7.2	zenoh-link-quic_datagram	1.7.2	normal:all	false		true
spin	0.10.1	zenoh-link-commons	1.7.2	zenoh-link-tcp	1.7.2	normal:all	false		true
spin	0.10.1	zenoh-link-commons	1.7.2	zenoh-link-tls	1.7.2	normal:all	false		true
spin	0.10.1	zenoh-link-commons	1.7.2	zenoh-link-udp	1.7.2	normal:all	false		true
spin	0.10.1	zenoh-link-commons	1.7.2	zenoh-link-unixsock_stream	1.7.2	normal:all	false		true
spin	0.10.1	zenoh-link-commons	1.7.2	zenoh-link-ws	1.7.2	normal:all	false		true
spin	0.10.1	zenoh-link-commons	1.7.2	zenoh-transport	1.7.2	normal:all	false		true
spin	0.10.1	zenoh-link-quic	1.7.2	zenoh-link	1.7.2	normal:all	false		true
spin	0.10.1	zenoh-link-quic_datagram	1.7.2	zenoh-link	1.7.2	normal:all	false		true
spin	0.10.1	zenoh-link-tcp	1.7.2	zenoh-link	1.7.2	normal:all	false		true
spin	0.10.1	zenoh-link-tls	1.7.2	zenoh-link	1.7.2	normal:all	false		true
spin	0.10.1	zenoh-link-udp	1.7.2	zenoh-link	1.7.2	normal:all	false		true
spin	0.10.1	zenoh-link-unixsock_stream	1.7.2	zenoh-link	1.7.2	normal:all	false		true
spin	0.10.1	zenoh-link-ws	1.7.2	zenoh-link	1.7.2	normal:all	false		true
spin	0.10.1	zenoh-plugin-trait	1.7.2	zenoh	1.7.2	normal:all	false		true
spin	0.10.1	zenoh-protocol	1.7.2	zenoh	1.7.2	normal:all	false		true
spin	0.10.1	zenoh-protocol	1.7.2	zenoh-codec	1.7.2	normal:all	false		true
spin	0.10.1	zenoh-protocol	1.7.2	zenoh-config	1.7.2	normal:all	false		true
spin	0.10.1	zenoh-protocol	1.7.2	zenoh-link	1.7.2	normal:all	false		true
spin	0.10.1	zenoh-protocol	1.7.2	zenoh-link-commons	1.7.2	normal:all	false		true
spin	0.10.1	zenoh-protocol	1.7.2	zenoh-link-quic	1.7.2	normal:all	false		true
spin	0.10.1	zenoh-protocol	1.7.2	zenoh-link-quic_datagram	1.7.2	normal:all	false		true
spin	0.10.1	zenoh-protocol	1.7.2	zenoh-link-tcp	1.7.2	normal:all	false		true
spin	0.10.1	zenoh-protocol	1.7.2	zenoh-link-tls	1.7.2	normal:all	false		true
spin	0.10.1	zenoh-protocol	1.7.2	zenoh-link-udp	1.7.2	normal:all	false		true
spin	0.10.1	zenoh-protocol	1.7.2	zenoh-link-unixsock_stream	1.7.2	normal:all	false		true
spin	0.10.1	zenoh-protocol	1.7.2	zenoh-link-ws	1.7.2	normal:all	false		true
spin	0.10.1	zenoh-protocol	1.7.2	zenoh-transport	1.7.2	normal:all	false		true
spin	0.10.1	zenoh-transport	1.7.2	zenoh	1.7.2	normal:all	false		true
spin	0.9.9	bolero	0.13.4	sentinel-bio	0.1.0	dev:all	true		true
spin	0.9.9	bolero	0.13.4	sentinel-physics	0.1.0	dev:all	true		true
spin	0.9.9	bolero-afl	0.13.0	bolero	0.13.4	normal:cfg(fuzzing_afl)	false		true
spin	0.9.9	bolero-engine	0.13.4	bolero	0.13.4	normal:all;normal:cfg(fuzzing_random);normal:cfg(not(any(fuzzing, kani)))	false		true
spin	0.9.9	bolero-engine	0.13.4	bolero-afl	0.13.0	normal:all	false		true
spin	0.9.9	bolero-engine	0.13.4	bolero-honggfuzz	0.13.0	normal:all	false		true
spin	0.9.9	bolero-engine	0.13.4	bolero-kani	0.13.0	normal:all	false		true
spin	0.9.9	bolero-engine	0.13.4	bolero-libfuzzer	0.13.0	normal:all	false		true
spin	0.9.9	bolero-honggfuzz	0.13.0	bolero	0.13.4	normal:cfg(fuzzing_honggfuzz)	false		true
spin	0.9.9	bolero-kani	0.13.0	bolero	0.13.4	normal:cfg(kani)	false		true
spin	0.9.9	bolero-libfuzzer	0.13.0	bolero	0.13.4	normal:cfg(fuzzing_libfuzzer)	false		true
spin	0.9.9	flume	0.11.1	zenoh	1.7.2	normal:all	false		true
spin	0.9.9	flume	0.11.1	zenoh-link-commons	1.7.2	normal:all	false		true
spin	0.9.9	flume	0.11.1	zenoh-transport	1.7.2	normal:all	false		true
spin	0.9.9	flume	0.11.1	zenoh-util	1.7.2	normal:all	false		true
spin	0.9.9	lazy_static	1.5.0	bolero-engine	0.13.4	normal:all	false		true
spin	0.9.9	lazy_static	1.5.0	num-bigint-dig	0.8.6	normal:all	false		true
spin	0.9.9	lazy_static	1.5.0	sharded-slab	0.1.7	normal:all	false		true
spin	0.9.9	lazy_static	1.5.0	uhlc	0.8.2	normal:all	false		true
spin	0.9.9	lazy_static	1.5.0	x509-parser	0.17.0	normal:all	false		true
spin	0.9.9	lazy_static	1.5.0	x509-parser	0.18.1	normal:all	false		true
spin	0.9.9	lazy_static	1.5.0	zenoh	1.7.2	normal:all	false		true
spin	0.9.9	lazy_static	1.5.0	zenoh-core	1.7.2	normal:all	false		true
spin	0.9.9	lazy_static	1.5.0	zenoh-runtime	1.7.2	normal:all	false		true
spin	0.9.9	lazy_static	1.5.0	zenoh-transport	1.7.2	normal:all	false		true
spin	0.9.9	lazy_static	1.5.0	zenoh-util	1.7.2	normal:all	false		true
spin	0.9.9	num-bigint-dig	0.8.6	rsa	0.9.10	normal:all	false		true
spin	0.9.9	rsa	0.9.10	zenoh-transport	1.7.2	normal:all	false		true
spin	0.9.9	sentinel-bio	0.1.0	sentinel-ecs	0.1.0	normal:all	true		true
spin	0.9.9	sentinel-console-plane	0.1.0	sentinel-dashboard-backend	0.1.0	normal:all	true	A	true
spin	0.9.9	sentinel-ebpf	0.1.0	sentinel-daemon	0.1.0	normal:all	true	A	true
spin	0.9.9	sentinel-ecs	0.1.0	sentinel-daemon	0.1.0	normal:all	true	A	true
spin	0.9.9	sentinel-ecs	0.1.0	sentinel-runtime	0.1.0	normal:all	true		true
spin	0.9.9	sentinel-fs	0.1.0	sentinel-console-plane	0.1.0	normal:all	true		true
spin	0.9.9	sentinel-fs	0.1.0	sentinel-daemon	0.1.0	normal:all	true	A	true
spin	0.9.9	sentinel-fs	0.1.0	sentinel-microvm	0.1.0	normal:all	true		true
spin	0.9.9	sentinel-fs	0.1.0	sentinel-sandbox	0.1.0	normal:all	true		true
spin	0.9.9	sentinel-gaia-loop	0.1.0	sentinel-dashboard-backend	0.1.0	normal:all	true	A	true
spin	0.9.9	sentinel-limbo	0.1.0	sentinel-daemon	0.1.0	normal:all	true	A	true
spin	0.9.9	sentinel-limbo	0.1.0	sentinel-dashboard-backend	0.1.0	normal:all	true	A	true
spin	0.9.9	sentinel-limbo	0.1.0	sentinel-ecs	0.1.0	normal:all	true		true
spin	0.9.9	sentinel-limbo	0.1.0	sentinel-gaia-loop	0.1.0	normal:all	true	A	true
spin	0.9.9	sentinel-limbo	0.1.0	sentinel-gaia-memory	0.1.0	dev:all	true		true
spin	0.9.9	sentinel-limbo	0.1.0	sentinel-nightrun	0.1.0	normal:all	true	C	true
spin	0.9.9	sentinel-limbo	0.1.0	sentinel-projection	0.1.0	normal:all	true		true
spin	0.9.9	sentinel-limbo	0.1.0	sentinel-projection-service	0.1.0	normal:all	true	A	true
spin	0.9.9	sentinel-limbo	0.1.0	sentinel-runtime	0.1.0	dev:all;normal:all	true		true
spin	0.9.9	sentinel-physics	0.1.0	sentinel-ecs	0.1.0	normal:all	true		true
spin	0.9.9	sentinel-physics	0.1.0	sentinel-projection	0.1.0	normal:all	true		true
spin	0.9.9	sentinel-projection	0.1.0	sentinel-daemon	0.1.0	normal:all	true	A	true
spin	0.9.9	sentinel-projection	0.1.0	sentinel-dashboard-backend	0.1.0	normal:all	true	A	true
spin	0.9.9	sentinel-projection	0.1.0	sentinel-gaia-memory	0.1.0	dev:all	true		true
spin	0.9.9	sentinel-projection	0.1.0	sentinel-projection-service	0.1.0	normal:all	true	A	true
spin	0.9.9	sentinel-redb	0.1.0	sentinel-daemon	0.1.0	normal:all	true	A	true
spin	0.9.9	sentinel-redb	0.1.0	sentinel-ecs	0.1.0	normal:all	true		true
spin	0.9.9	sentinel-runtime	0.1.0	sentinel-daemon	0.1.0	normal:all	true	A	true
spin	0.9.9	sentinel-sandbox	0.1.0	sentinel-daemon	0.1.0	normal:all	true	A	true
spin	0.9.9	sentinel-telemetry	0.1.0	sentinel-daemon	0.1.0	normal:all	true	A	true
spin	0.9.9	sentinel-telemetry	0.1.0	sentinel-ecs	0.1.0	dev:all	true		true
spin	0.9.9	sentinel-telemetry	0.1.0	sentinel-fs	0.1.0	normal:all	true		true
spin	0.9.9	sentinel-telemetry	0.1.0	sentinel-limbo	0.1.0	normal:all	true		true
spin	0.9.9	sentinel-telemetry	0.1.0	sentinel-nightrun	0.1.0	normal:all	true	C	true
spin	0.9.9	sentinel-telemetry	0.1.0	sentinel-projection	0.1.0	normal:all	true		true
spin	0.9.9	sentinel-telemetry	0.1.0	sentinel-projection-service	0.1.0	normal:all	true	A	true
spin	0.9.9	sentinel-telemetry	0.1.0	sentinel-redb	0.1.0	normal:all	true		true
spin	0.9.9	sentinel-telemetry	0.1.0	sentinel-zenoh	0.1.0	normal:all	true		true
spin	0.9.9	sentinel-zenoh	0.1.0	sentinel-daemon	0.1.0	normal:all	true	A	true
spin	0.9.9	sentinel-zenoh	0.1.0	sentinel-sandbox	0.1.0	normal:all	true		true
spin	0.9.9	sharded-slab	0.1.7	tracing-subscriber	0.3.22	normal:all	false		true
spin	0.9.9	spin	0.9.9	flume	0.11.1	normal:all	false		true
spin	0.9.9	spin	0.9.9	lazy_static	1.5.0	normal:all	false		true
spin	0.9.9	tracing-subscriber	0.3.22	sentinel-daemon	0.1.0	normal:all	true	A	true
spin	0.9.9	tracing-subscriber	0.3.22	sentinel-dashboard-backend	0.1.0	normal:all	true	A	true
spin	0.9.9	tracing-subscriber	0.3.22	sentinel-ebpf	0.1.0	dev:all;normal:all	true		true
spin	0.9.9	tracing-subscriber	0.3.22	sentinel-gaia-loop	0.1.0	normal:all	true	A	true
spin	0.9.9	tracing-subscriber	0.3.22	sentinel-nightrun	0.1.0	normal:all	true	C	true
spin	0.9.9	tracing-subscriber	0.3.22	sentinel-projection-service	0.1.0	normal:all	true	A	true
spin	0.9.9	tracing-subscriber	0.3.22	sentinel-telemetry	0.1.0	normal:all	true		true
spin	0.9.9	tracing-subscriber	0.3.22	sentinel-zenoh	0.1.0	dev:all	true		true
spin	0.9.9	tracing-subscriber	0.3.22	zenoh-util	1.7.2	normal:all	false		true
spin	0.9.9	uhlc	0.8.2	zenoh	1.7.2	normal:all	false		true
spin	0.9.9	uhlc	0.8.2	zenoh-codec	1.7.2	normal:all	false		true
spin	0.9.9	uhlc	0.8.2	zenoh-config	1.7.2	normal:all	false		true
spin	0.9.9	uhlc	0.8.2	zenoh-protocol	1.7.2	normal:all	false		true
spin	0.9.9	wtransport	0.6.1	sentinel-dashboard-backend	0.1.0	normal:all	true	A	true
spin	0.9.9	x509-parser	0.17.0	wtransport	0.6.1	normal:all	false		true
spin	0.9.9	x509-parser	0.18.1	zenoh-link-commons	1.7.2	normal:all	false		true
spin	0.9.9	x509-parser	0.18.1	zenoh-link-tls	1.7.2	normal:all	false		true
spin	0.9.9	zenoh	1.7.2	sentinel-zenoh	0.1.0	normal:all	true		true
spin	0.9.9	zenoh-codec	1.7.2	zenoh	1.7.2	normal:all	false		true
spin	0.9.9	zenoh-codec	1.7.2	zenoh-link-commons	1.7.2	normal:all	false		true
spin	0.9.9	zenoh-codec	1.7.2	zenoh-transport	1.7.2	normal:all	false		true
spin	0.9.9	zenoh-config	1.7.2	zenoh	1.7.2	normal:all	false		true
spin	0.9.9	zenoh-config	1.7.2	zenoh-link	1.7.2	normal:all	false		true
spin	0.9.9	zenoh-config	1.7.2	zenoh-link-commons	1.7.2	normal:all	false		true
spin	0.9.9	zenoh-config	1.7.2	zenoh-link-quic	1.7.2	normal:all	false		true
spin	0.9.9	zenoh-config	1.7.2	zenoh-link-tcp	1.7.2	normal:all	false		true
spin	0.9.9	zenoh-config	1.7.2	zenoh-link-tls	1.7.2	normal:all	false		true
spin	0.9.9	zenoh-config	1.7.2	zenoh-plugin-trait	1.7.2	normal:all	false		true
spin	0.9.9	zenoh-config	1.7.2	zenoh-transport	1.7.2	normal:all	false		true
spin	0.9.9	zenoh-core	1.7.2	zenoh	1.7.2	normal:all	false		true
spin	0.9.9	zenoh-core	1.7.2	zenoh-config	1.7.2	normal:all	false		true
spin	0.9.9	zenoh-core	1.7.2	zenoh-link-commons	1.7.2	normal:all	false		true
spin	0.9.9	zenoh-core	1.7.2	zenoh-link-quic	1.7.2	normal:all	false		true
spin	0.9.9	zenoh-core	1.7.2	zenoh-link-quic_datagram	1.7.2	normal:all	false		true
spin	0.9.9	zenoh-core	1.7.2	zenoh-link-tcp	1.7.2	normal:all	false		true
spin	0.9.9	zenoh-core	1.7.2	zenoh-link-tls	1.7.2	normal:all	false		true
spin	0.9.9	zenoh-core	1.7.2	zenoh-link-udp	1.7.2	normal:all	false		true
spin	0.9.9	zenoh-core	1.7.2	zenoh-link-unixsock_stream	1.7.2	normal:all	false		true
spin	0.9.9	zenoh-core	1.7.2	zenoh-link-ws	1.7.2	normal:all	false		true
spin	0.9.9	zenoh-core	1.7.2	zenoh-sync	1.7.2	normal:all	false		true
spin	0.9.9	zenoh-core	1.7.2	zenoh-task	1.7.2	normal:all	false		true
spin	0.9.9	zenoh-core	1.7.2	zenoh-transport	1.7.2	normal:all	false		true
spin	0.9.9	zenoh-core	1.7.2	zenoh-util	1.7.2	normal:all	false		true
spin	0.9.9	zenoh-link	1.7.2	zenoh	1.7.2	normal:all	false		true
spin	0.9.9	zenoh-link	1.7.2	zenoh-transport	1.7.2	normal:all	false		true
spin	0.9.9	zenoh-link-commons	1.7.2	zenoh	1.7.2	normal:all	false		true
spin	0.9.9	zenoh-link-commons	1.7.2	zenoh-link	1.7.2	normal:all	false		true
spin	0.9.9	zenoh-link-commons	1.7.2	zenoh-link-quic	1.7.2	normal:all	false		true
spin	0.9.9	zenoh-link-commons	1.7.2	zenoh-link-quic_datagram	1.7.2	normal:all	false		true
spin	0.9.9	zenoh-link-commons	1.7.2	zenoh-link-tcp	1.7.2	normal:all	false		true
spin	0.9.9	zenoh-link-commons	1.7.2	zenoh-link-tls	1.7.2	normal:all	false		true
spin	0.9.9	zenoh-link-commons	1.7.2	zenoh-link-udp	1.7.2	normal:all	false		true
spin	0.9.9	zenoh-link-commons	1.7.2	zenoh-link-unixsock_stream	1.7.2	normal:all	false		true
spin	0.9.9	zenoh-link-commons	1.7.2	zenoh-link-ws	1.7.2	normal:all	false		true
spin	0.9.9	zenoh-link-commons	1.7.2	zenoh-transport	1.7.2	normal:all	false		true
spin	0.9.9	zenoh-link-quic	1.7.2	zenoh-link	1.7.2	normal:all	false		true
spin	0.9.9	zenoh-link-quic_datagram	1.7.2	zenoh-link	1.7.2	normal:all	false		true
spin	0.9.9	zenoh-link-tcp	1.7.2	zenoh-link	1.7.2	normal:all	false		true
spin	0.9.9	zenoh-link-tls	1.7.2	zenoh-link	1.7.2	normal:all	false		true
spin	0.9.9	zenoh-link-udp	1.7.2	zenoh-link	1.7.2	normal:all	false		true
spin	0.9.9	zenoh-link-unixsock_stream	1.7.2	zenoh-link	1.7.2	normal:all	false		true
spin	0.9.9	zenoh-link-ws	1.7.2	zenoh-link	1.7.2	normal:all	false		true
spin	0.9.9	zenoh-plugin-trait	1.7.2	zenoh	1.7.2	normal:all	false		true
spin	0.9.9	zenoh-protocol	1.7.2	zenoh	1.7.2	normal:all	false		true
spin	0.9.9	zenoh-protocol	1.7.2	zenoh-codec	1.7.2	normal:all	false		true
spin	0.9.9	zenoh-protocol	1.7.2	zenoh-config	1.7.2	normal:all	false		true
spin	0.9.9	zenoh-protocol	1.7.2	zenoh-link	1.7.2	normal:all	false		true
spin	0.9.9	zenoh-protocol	1.7.2	zenoh-link-commons	1.7.2	normal:all	false		true
spin	0.9.9	zenoh-protocol	1.7.2	zenoh-link-quic	1.7.2	normal:all	false		true
spin	0.9.9	zenoh-protocol	1.7.2	zenoh-link-quic_datagram	1.7.2	normal:all	false		true
spin	0.9.9	zenoh-protocol	1.7.2	zenoh-link-tcp	1.7.2	normal:all	false		true
spin	0.9.9	zenoh-protocol	1.7.2	zenoh-link-tls	1.7.2	normal:all	false		true
spin	0.9.9	zenoh-protocol	1.7.2	zenoh-link-udp	1.7.2	normal:all	false		true
spin	0.9.9	zenoh-protocol	1.7.2	zenoh-link-unixsock_stream	1.7.2	normal:all	false		true
spin	0.9.9	zenoh-protocol	1.7.2	zenoh-link-ws	1.7.2	normal:all	false		true
spin	0.9.9	zenoh-protocol	1.7.2	zenoh-transport	1.7.2	normal:all	false		true
spin	0.9.9	zenoh-runtime	1.7.2	zenoh	1.7.2	normal:all	false		true
spin	0.9.9	zenoh-runtime	1.7.2	zenoh-core	1.7.2	normal:all	false		true
spin	0.9.9	zenoh-runtime	1.7.2	zenoh-link-commons	1.7.2	normal:all	false		true
spin	0.9.9	zenoh-runtime	1.7.2	zenoh-link-tls	1.7.2	normal:all	false		true
spin	0.9.9	zenoh-runtime	1.7.2	zenoh-link-unixsock_stream	1.7.2	normal:all	false		true
spin	0.9.9	zenoh-runtime	1.7.2	zenoh-link-ws	1.7.2	normal:all	false		true
spin	0.9.9	zenoh-runtime	1.7.2	zenoh-task	1.7.2	normal:all	false		true
spin	0.9.9	zenoh-runtime	1.7.2	zenoh-transport	1.7.2	normal:all	false		true
spin	0.9.9	zenoh-sync	1.7.2	zenoh	1.7.2	normal:all	false		true
spin	0.9.9	zenoh-sync	1.7.2	zenoh-link-udp	1.7.2	normal:all	false		true
spin	0.9.9	zenoh-sync	1.7.2	zenoh-transport	1.7.2	normal:all	false		true
spin	0.9.9	zenoh-task	1.7.2	zenoh	1.7.2	normal:all	false		true
spin	0.9.9	zenoh-task	1.7.2	zenoh-transport	1.7.2	normal:all	false		true
spin	0.9.9	zenoh-transport	1.7.2	zenoh	1.7.2	normal:all	false		true
spin	0.9.9	zenoh-util	1.7.2	zenoh	1.7.2	normal:all	false		true
spin	0.9.9	zenoh-util	1.7.2	zenoh-config	1.7.2	normal:all	false		true
spin	0.9.9	zenoh-util	1.7.2	zenoh-link-commons	1.7.2	normal:all	false		true
spin	0.9.9	zenoh-util	1.7.2	zenoh-link-quic	1.7.2	normal:all	false		true
spin	0.9.9	zenoh-util	1.7.2	zenoh-link-quic_datagram	1.7.2	normal:all	false		true
spin	0.9.9	zenoh-util	1.7.2	zenoh-link-udp	1.7.2	normal:all	false		true
spin	0.9.9	zenoh-util	1.7.2	zenoh-link-ws	1.7.2	normal:all	false		true
spin	0.9.9	zenoh-util	1.7.2	zenoh-plugin-trait	1.7.2	normal:all	false		true
spin	0.9.9	zenoh-util	1.7.2	zenoh-transport	1.7.2	normal:all	false		true
thiserror	1.0.69	async-nats	0.47.0	sentinel-daemon	0.1.0	normal:all	true	A	true
thiserror	1.0.69	async-nats	0.47.0	sentinel-dashboard-backend	0.1.0	normal:all	true	A	true
thiserror	1.0.69	async-nats	0.47.0	sentinel-gaia-loop	0.1.0	normal:all	true	A	true
thiserror	1.0.69	directories-next	2.0.0	wasmtime-internal-cache	45.0.3	normal:all	false		true
thiserror	1.0.69	dirs-sys-next	0.1.2	directories-next	2.0.0	normal:all	false		true
thiserror	1.0.69	jni	0.21.1	rustls-platform-verifier	0.6.2	"normal:cfg(target_os = ""android"")"	false		true
thiserror	1.0.69	quinn	0.11.9	sentinel-cluster-control	0.1.0	normal:all	true		true
thiserror	1.0.69	quinn	0.11.9	wtransport	0.6.1	normal:all	false		true
thiserror	1.0.69	quinn	0.11.9	zenoh-link-commons	1.7.2	normal:all	false		true
thiserror	1.0.69	quinn	0.11.9	zenoh-link-quic	1.7.2	normal:all	false		true
thiserror	1.0.69	quinn	0.11.9	zenoh-link-quic_datagram	1.7.2	normal:all	false		true
thiserror	1.0.69	quinn-proto	0.11.15	quinn	0.11.9	normal:all	false		true
thiserror	1.0.69	redox_users	0.4.6	dirs-sys-next	0.1.2	"normal:cfg(target_os = ""redox"")"	false		true
thiserror	1.0.69	rustls-platform-verifier	0.6.2	quinn-proto	0.11.15	normal:all	false		true
thiserror	1.0.69	sentinel-cluster-control	0.1.0	sentinel-daemon	0.1.0	normal:all	true	A	true
thiserror	1.0.69	sentinel-ecs	0.1.0	sentinel-daemon	0.1.0	normal:all	true	A	true
thiserror	1.0.69	sentinel-ecs	0.1.0	sentinel-runtime	0.1.0	normal:all	true		true
thiserror	1.0.69	sentinel-gaia-loop	0.1.0	sentinel-dashboard-backend	0.1.0	normal:all	true	A	true
thiserror	1.0.69	sentinel-runtime	0.1.0	sentinel-daemon	0.1.0	normal:all	true	A	true
thiserror	1.0.69	sentinel-sandbox	0.1.0	sentinel-daemon	0.1.0	normal:all	true	A	true
thiserror	1.0.69	sentinel-wasm	0.1.0	sentinel-daemon	0.1.0	normal:all	true	A	true
thiserror	1.0.69	sentinel-wasm	0.1.0	sentinel-ecs	0.1.0	normal:all	true		true
thiserror	1.0.69	sentinel-zenoh	0.1.0	sentinel-daemon	0.1.0	normal:all	true	A	true
thiserror	1.0.69	sentinel-zenoh	0.1.0	sentinel-sandbox	0.1.0	normal:all	true		true
thiserror	1.0.69	thiserror	1.0.69	async-nats	0.47.0	normal:all	false		true
thiserror	1.0.69	thiserror	1.0.69	jni	0.21.1	normal:all	false		true
thiserror	1.0.69	thiserror	1.0.69	redox_users	0.4.6	normal:all	false		true
thiserror	1.0.69	thiserror	1.0.69	tungstenite	0.24.0	normal:all	false		true
thiserror	1.0.69	thiserror	1.0.69	witx	0.9.1	normal:all	false		true
thiserror	1.0.69	tokio-tungstenite	0.24.0	zenoh-link-ws	1.7.2	normal:all	false		true
thiserror	1.0.69	tungstenite	0.24.0	tokio-tungstenite	0.24.0	normal:all	false		true
thiserror	1.0.69	wasmtime	45.0.3	sentinel-wasm	0.1.0	normal:all	true		true
thiserror	1.0.69	wasmtime	45.0.3	wasmtime-wasi	45.0.3	normal:all	false		true
thiserror	1.0.69	wasmtime	45.0.3	wasmtime-wasi-io	45.0.3	normal:all	false		true
thiserror	1.0.69	wasmtime	45.0.3	wiggle	45.0.3	normal:all	false		true
thiserror	1.0.69	wasmtime-internal-cache	45.0.3	wasmtime	45.0.3	normal:all	false		true
thiserror	1.0.69	wasmtime-wasi	45.0.3	sentinel-wasm	0.1.0	normal:all	true		true
thiserror	1.0.69	wasmtime-wasi-io	45.0.3	wasmtime-wasi	45.0.3	normal:all	false		true
thiserror	1.0.69	wiggle	45.0.3	wasmtime-wasi	45.0.3	normal:all	false		true
thiserror	1.0.69	wiggle-generate	45.0.3	wiggle-macro	45.0.3	normal:all	false		true
thiserror	1.0.69	wiggle-macro	45.0.3	wiggle	45.0.3	normal:all	false		true
thiserror	1.0.69	witx	0.9.1	wiggle-generate	45.0.3	normal:all	false		true
thiserror	1.0.69	wtransport	0.6.1	sentinel-dashboard-backend	0.1.0	normal:all	true	A	true
thiserror	1.0.69	zenoh	1.7.2	sentinel-zenoh	0.1.0	normal:all	true		true
thiserror	1.0.69	zenoh-link	1.7.2	zenoh	1.7.2	normal:all	false		true
thiserror	1.0.69	zenoh-link	1.7.2	zenoh-transport	1.7.2	normal:all	false		true
thiserror	1.0.69	zenoh-link-commons	1.7.2	zenoh	1.7.2	normal:all	false		true
thiserror	1.0.69	zenoh-link-commons	1.7.2	zenoh-link	1.7.2	normal:all	false		true
thiserror	1.0.69	zenoh-link-commons	1.7.2	zenoh-link-quic	1.7.2	normal:all	false		true
thiserror	1.0.69	zenoh-link-commons	1.7.2	zenoh-link-quic_datagram	1.7.2	normal:all	false		true
thiserror	1.0.69	zenoh-link-commons	1.7.2	zenoh-link-tcp	1.7.2	normal:all	false		true
thiserror	1.0.69	zenoh-link-commons	1.7.2	zenoh-link-tls	1.7.2	normal:all	false		true
thiserror	1.0.69	zenoh-link-commons	1.7.2	zenoh-link-udp	1.7.2	normal:all	false		true
thiserror	1.0.69	zenoh-link-commons	1.7.2	zenoh-link-unixsock_stream	1.7.2	normal:all	false		true
thiserror	1.0.69	zenoh-link-commons	1.7.2	zenoh-link-ws	1.7.2	normal:all	false		true
thiserror	1.0.69	zenoh-link-commons	1.7.2	zenoh-transport	1.7.2	normal:all	false		true
thiserror	1.0.69	zenoh-link-quic	1.7.2	zenoh-link	1.7.2	normal:all	false		true
thiserror	1.0.69	zenoh-link-quic_datagram	1.7.2	zenoh-link	1.7.2	normal:all	false		true
thiserror	1.0.69	zenoh-link-tcp	1.7.2	zenoh-link	1.7.2	normal:all	false		true
thiserror	1.0.69	zenoh-link-tls	1.7.2	zenoh-link	1.7.2	normal:all	false		true
thiserror	1.0.69	zenoh-link-udp	1.7.2	zenoh-link	1.7.2	normal:all	false		true
thiserror	1.0.69	zenoh-link-unixsock_stream	1.7.2	zenoh-link	1.7.2	normal:all	false		true
thiserror	1.0.69	zenoh-link-ws	1.7.2	zenoh-link	1.7.2	normal:all	false		true
thiserror	1.0.69	zenoh-transport	1.7.2	zenoh	1.7.2	normal:all	false		true
thiserror	2.0.18	asn1-rs	0.7.1	der-parser	10.0.0	normal:all	false		true
thiserror	2.0.18	asn1-rs	0.7.1	oid-registry	0.8.1	normal:all	false		true
thiserror	2.0.18	asn1-rs	0.7.1	x509-parser	0.17.0	normal:all	false		true
thiserror	2.0.18	asn1-rs	0.7.1	x509-parser	0.18.1	normal:all	false		true
thiserror	2.0.18	aya	0.13.2	aya-log	0.2.2	normal:all	false		true
thiserror	2.0.18	aya	0.13.2	sentinel-ebpf	0.1.0	normal:all	true		true
thiserror	2.0.18	aya-log	0.2.2	sentinel-ebpf	0.1.0	normal:all	true		true
thiserror	2.0.18	aya-obj	0.2.2	aya	0.13.2	normal:all	false		true
thiserror	2.0.18	bevy_ecs	0.18.1	sentinel-common	0.1.0	normal:all	true		true
thiserror	2.0.18	bevy_ecs	0.18.1	sentinel-daemon	0.1.0	normal:all	true	A	true
thiserror	2.0.18	bevy_ecs	0.18.1	sentinel-ecs	0.1.0	normal:all	true		true
thiserror	2.0.18	bevy_ecs	0.18.1	sentinel-runtime	0.1.0	normal:all	true		true
thiserror	2.0.18	bevy_reflect	0.18.0	bevy_ecs	0.18.1	normal:all	false		true
thiserror	2.0.18	cobs	0.3.0	postcard	1.1.3	normal:all	false		true
thiserror	2.0.18	der-parser	10.0.0	x509-parser	0.17.0	normal:all	false		true
thiserror	2.0.18	der-parser	10.0.0	x509-parser	0.18.1	normal:all	false		true
thiserror	2.0.18	dirs	6.0.0	shellexpand	3.1.2	normal:all	false		true
thiserror	2.0.18	dirs-sys	0.5.0	dirs	6.0.0	normal:all	false		true
thiserror	2.0.18	landlock	0.4.4	sentinel-sandbox	0.1.0	normal:all	true		true
thiserror	2.0.18	oid-registry	0.8.1	x509-parser	0.17.0	normal:all	false		true
thiserror	2.0.18	oid-registry	0.8.1	x509-parser	0.18.1	normal:all	false		true
thiserror	2.0.18	postcard	1.1.3	wasmtime	45.0.3	normal:all	false		true
thiserror	2.0.18	postcard	1.1.3	wasmtime-environ	45.0.3	normal:all	false		true
thiserror	2.0.18	postcard	1.1.3	wasmtime-internal-cache	45.0.3	normal:all	false		true
thiserror	2.0.18	quinn	0.11.9	sentinel-cluster-control	0.1.0	normal:all	true		true
thiserror	2.0.18	quinn	0.11.9	wtransport	0.6.1	normal:all	false		true
thiserror	2.0.18	quinn	0.11.9	zenoh-link-commons	1.7.2	normal:all	false		true
thiserror	2.0.18	quinn	0.11.9	zenoh-link-quic	1.7.2	normal:all	false		true
thiserror	2.0.18	quinn	0.11.9	zenoh-link-quic_datagram	1.7.2	normal:all	false		true
thiserror	2.0.18	quinn-proto	0.11.15	quinn	0.11.9	normal:all	false		true
thiserror	2.0.18	redox_users	0.5.2	dirs-sys	0.5.0	"normal:cfg(target_os = ""redox"")"	false		true
thiserror	2.0.18	rsqlite-vfs	0.1.0	sqlite-wasm-rs	0.5.2	normal:all	false		true
thiserror	2.0.18	rusqlite	0.38.0	sentinel-dashboard-backend	0.1.0	normal:all	true	A	true
thiserror	2.0.18	rusqlite	0.38.0	sentinel-gaia-memory	0.1.0	normal:all	true		true
thiserror	2.0.18	rusqlite	0.38.0	sentinel-limbo	0.1.0	dev:all;normal:all	true		true
thiserror	2.0.18	rusqlite	0.38.0	sentinel-nightrun	0.1.0	normal:all	true	C	true
thiserror	2.0.18	rusqlite	0.38.0	sentinel-projection	0.1.0	normal:all	true		true
thiserror	2.0.18	sentinel-bio	0.1.0	sentinel-ecs	0.1.0	normal:all	true		true
thiserror	2.0.18	sentinel-cluster-control	0.1.0	sentinel-daemon	0.1.0	normal:all	true	A	true
thiserror	2.0.18	sentinel-common	0.1.0	sentinel-bio	0.1.0	normal:all	true		true
thiserror	2.0.18	sentinel-common	0.1.0	sentinel-cluster-control	0.1.0	normal:all	true		true
thiserror	2.0.18	sentinel-common	0.1.0	sentinel-daemon	0.1.0	normal:all	true	A	true
thiserror	2.0.18	sentinel-common	0.1.0	sentinel-dashboard-backend	0.1.0	normal:all	true	A	true
thiserror	2.0.18	sentinel-common	0.1.0	sentinel-ebpf	0.1.0	normal:all	true		true
thiserror	2.0.18	sentinel-common	0.1.0	sentinel-ecs	0.1.0	dev:all;normal:all	true		true
thiserror	2.0.18	sentinel-common	0.1.0	sentinel-fs	0.1.0	normal:all	true		true
thiserror	2.0.18	sentinel-common	0.1.0	sentinel-gaia	0.1.0	normal:all	true	B	true
thiserror	2.0.18	sentinel-common	0.1.0	sentinel-gaia-loop	0.1.0	normal:all	true	A	true
thiserror	2.0.18	sentinel-common	0.1.0	sentinel-hippocampus	0.1.0	normal:all	true		true
thiserror	2.0.18	sentinel-common	0.1.0	sentinel-limbo	0.1.0	normal:all	true		true
thiserror	2.0.18	sentinel-common	0.1.0	sentinel-microvm	0.1.0	dev:all;normal:all	true		true
thiserror	2.0.18	sentinel-common	0.1.0	sentinel-nightrun	0.1.0	normal:all	true	C	true
thiserror	2.0.18	sentinel-common	0.1.0	sentinel-physics	0.1.0	normal:all	true		true
thiserror	2.0.18	sentinel-common	0.1.0	sentinel-projection	0.1.0	normal:all	true		true
thiserror	2.0.18	sentinel-common	0.1.0	sentinel-projection-service	0.1.0	normal:all	true	A	true
thiserror	2.0.18	sentinel-common	0.1.0	sentinel-redb	0.1.0	normal:all	true		true
thiserror	2.0.18	sentinel-common	0.1.0	sentinel-runtime	0.1.0	dev:all;normal:all	true		true
thiserror	2.0.18	sentinel-common	0.1.0	sentinel-sandbox	0.1.0	dev:all;normal:all	true		true
thiserror	2.0.18	sentinel-common	0.1.0	sentinel-telemetry	0.1.0	normal:all	true		true
thiserror	2.0.18	sentinel-common	0.1.0	sentinel-wasm	0.1.0	dev:all;normal:all	true		true
thiserror	2.0.18	sentinel-common	0.1.0	sentinel-zenoh	0.1.0	dev:all;normal:all	true		true
thiserror	2.0.18	sentinel-console-plane	0.1.0	sentinel-dashboard-backend	0.1.0	normal:all	true	A	true
thiserror	2.0.18	sentinel-ebpf	0.1.0	sentinel-daemon	0.1.0	normal:all	true	A	true
thiserror	2.0.18	sentinel-ecs	0.1.0	sentinel-daemon	0.1.0	normal:all	true	A	true
thiserror	2.0.18	sentinel-ecs	0.1.0	sentinel-runtime	0.1.0	normal:all	true		true
thiserror	2.0.18	sentinel-fs	0.1.0	sentinel-console-plane	0.1.0	normal:all	true		true
thiserror	2.0.18	sentinel-fs	0.1.0	sentinel-daemon	0.1.0	normal:all	true	A	true
thiserror	2.0.18	sentinel-fs	0.1.0	sentinel-microvm	0.1.0	normal:all	true		true
thiserror	2.0.18	sentinel-fs	0.1.0	sentinel-sandbox	0.1.0	normal:all	true		true
thiserror	2.0.18	sentinel-gaia	0.1.0	sentinel-dashboard-backend	0.1.0	normal:all	true	A	true
thiserror	2.0.18	sentinel-gaia-loop	0.1.0	sentinel-dashboard-backend	0.1.0	normal:all	true	A	true
thiserror	2.0.18	sentinel-hippocampus	0.1.0	sentinel-daemon	0.1.0	normal:all	true	A	true
thiserror	2.0.18	sentinel-hippocampus	0.1.0	sentinel-gaia-memory	0.1.0	normal:all	true		true
thiserror	2.0.18	sentinel-hippocampus	0.1.0	sentinel-nightrun	0.1.0	normal:all	true	C	true
thiserror	2.0.18	sentinel-limbo	0.1.0	sentinel-daemon	0.1.0	normal:all	true	A	true
thiserror	2.0.18	sentinel-limbo	0.1.0	sentinel-dashboard-backend	0.1.0	normal:all	true	A	true
thiserror	2.0.18	sentinel-limbo	0.1.0	sentinel-ecs	0.1.0	normal:all	true		true
thiserror	2.0.18	sentinel-limbo	0.1.0	sentinel-gaia-loop	0.1.0	normal:all	true	A	true
thiserror	2.0.18	sentinel-limbo	0.1.0	sentinel-gaia-memory	0.1.0	dev:all	true		true
thiserror	2.0.18	sentinel-limbo	0.1.0	sentinel-nightrun	0.1.0	normal:all	true	C	true
thiserror	2.0.18	sentinel-limbo	0.1.0	sentinel-projection	0.1.0	normal:all	true		true
thiserror	2.0.18	sentinel-limbo	0.1.0	sentinel-projection-service	0.1.0	normal:all	true	A	true
thiserror	2.0.18	sentinel-limbo	0.1.0	sentinel-runtime	0.1.0	dev:all;normal:all	true		true
thiserror	2.0.18	sentinel-physics	0.1.0	sentinel-ecs	0.1.0	normal:all	true		true
thiserror	2.0.18	sentinel-physics	0.1.0	sentinel-projection	0.1.0	normal:all	true		true
thiserror	2.0.18	sentinel-projection	0.1.0	sentinel-daemon	0.1.0	normal:all	true	A	true
thiserror	2.0.18	sentinel-projection	0.1.0	sentinel-dashboard-backend	0.1.0	normal:all	true	A	true
thiserror	2.0.18	sentinel-projection	0.1.0	sentinel-gaia-memory	0.1.0	dev:all	true		true
thiserror	2.0.18	sentinel-projection	0.1.0	sentinel-projection-service	0.1.0	normal:all	true	A	true
thiserror	2.0.18	sentinel-redb	0.1.0	sentinel-daemon	0.1.0	normal:all	true	A	true
thiserror	2.0.18	sentinel-redb	0.1.0	sentinel-ecs	0.1.0	normal:all	true		true
thiserror	2.0.18	sentinel-runtime	0.1.0	sentinel-daemon	0.1.0	normal:all	true	A	true
thiserror	2.0.18	sentinel-sandbox	0.1.0	sentinel-daemon	0.1.0	normal:all	true	A	true
thiserror	2.0.18	sentinel-telemetry	0.1.0	sentinel-daemon	0.1.0	normal:all	true	A	true
thiserror	2.0.18	sentinel-telemetry	0.1.0	sentinel-ecs	0.1.0	dev:all	true		true
thiserror	2.0.18	sentinel-telemetry	0.1.0	sentinel-fs	0.1.0	normal:all	true		true
thiserror	2.0.18	sentinel-telemetry	0.1.0	sentinel-limbo	0.1.0	normal:all	true		true
thiserror	2.0.18	sentinel-telemetry	0.1.0	sentinel-nightrun	0.1.0	normal:all	true	C	true
thiserror	2.0.18	sentinel-telemetry	0.1.0	sentinel-projection	0.1.0	normal:all	true		true
thiserror	2.0.18	sentinel-telemetry	0.1.0	sentinel-projection-service	0.1.0	normal:all	true	A	true
thiserror	2.0.18	sentinel-telemetry	0.1.0	sentinel-redb	0.1.0	normal:all	true		true
thiserror	2.0.18	sentinel-telemetry	0.1.0	sentinel-zenoh	0.1.0	normal:all	true		true
thiserror	2.0.18	sentinel-wasm	0.1.0	sentinel-daemon	0.1.0	normal:all	true	A	true
thiserror	2.0.18	sentinel-wasm	0.1.0	sentinel-ecs	0.1.0	normal:all	true		true
thiserror	2.0.18	sentinel-zenoh	0.1.0	sentinel-daemon	0.1.0	normal:all	true	A	true
thiserror	2.0.18	sentinel-zenoh	0.1.0	sentinel-sandbox	0.1.0	normal:all	true		true
thiserror	2.0.18	shellexpand	3.1.2	zenoh-util	1.7.2	normal:all	false		true
thiserror	2.0.18	sqlite-wasm-rs	0.5.2	rusqlite	0.38.0	"normal:cfg(all(target_family = ""wasm"", target_os = ""unknown""))"	false		true
thiserror	2.0.18	thiserror	2.0.18	asn1-rs	0.7.1	normal:all	false		true
thiserror	2.0.18	thiserror	2.0.18	aya	0.13.2	normal:all	false		true
thiserror	2.0.18	thiserror	2.0.18	aya-log	0.2.2	normal:all	false		true
thiserror	2.0.18	thiserror	2.0.18	aya-obj	0.2.2	normal:all	false		true
thiserror	2.0.18	thiserror	2.0.18	bevy_ecs	0.18.1	normal:all	false		true
thiserror	2.0.18	thiserror	2.0.18	bevy_reflect	0.18.0	normal:all	false		true
thiserror	2.0.18	thiserror	2.0.18	cobs	0.3.0	normal:all	false		true
thiserror	2.0.18	thiserror	2.0.18	landlock	0.4.4	normal:all	false		true
thiserror	2.0.18	thiserror	2.0.18	quinn	0.11.9	normal:all	false		true
thiserror	2.0.18	thiserror	2.0.18	quinn-proto	0.11.15	normal:all	false		true
thiserror	2.0.18	thiserror	2.0.18	redox_users	0.5.2	normal:all	false		true
thiserror	2.0.18	thiserror	2.0.18	rsqlite-vfs	0.1.0	normal:all	false		true
thiserror	2.0.18	thiserror	2.0.18	sentinel-cluster-control	0.1.0	normal:all	true		true
thiserror	2.0.18	thiserror	2.0.18	sentinel-common	0.1.0	normal:all	true		true
thiserror	2.0.18	thiserror	2.0.18	sentinel-dashboard-backend	0.1.0	normal:all	true	A	true
thiserror	2.0.18	thiserror	2.0.18	sentinel-ebpf	0.1.0	normal:all	true		true
thiserror	2.0.18	thiserror	2.0.18	sentinel-gaia-loop	0.1.0	normal:all	true	A	true
thiserror	2.0.18	thiserror	2.0.18	sentinel-gaia-memory	0.1.0	normal:all	true		true
thiserror	2.0.18	thiserror	2.0.18	sentinel-hippocampus	0.1.0	normal:all	true		true
thiserror	2.0.18	thiserror	2.0.18	tls-listener	0.11.2	normal:all	false		true
thiserror	2.0.18	thiserror	2.0.18	wasmtime-internal-cranelift	45.0.3	normal:all	false		true
thiserror	2.0.18	thiserror	2.0.18	wasmtime-wasi	45.0.3	normal:all	false		true
thiserror	2.0.18	thiserror	2.0.18	wiggle	45.0.3	normal:all	false		true
thiserror	2.0.18	thiserror	2.0.18	wtransport	0.6.1	normal:all	false		true
thiserror	2.0.18	thiserror	2.0.18	wtransport-proto	0.6.1	normal:all	false		true
thiserror	2.0.18	thiserror	2.0.18	x509-parser	0.17.0	normal:all	false		true
thiserror	2.0.18	thiserror	2.0.18	x509-parser	0.18.1	normal:all	false		true
thiserror	2.0.18	tls-listener	0.11.2	zenoh-link-tls	1.7.2	normal:all	false		true
thiserror	2.0.18	wasmtime	45.0.3	sentinel-wasm	0.1.0	normal:all	true		true
thiserror	2.0.18	wasmtime	45.0.3	wasmtime-wasi	45.0.3	normal:all	false		true
thiserror	2.0.18	wasmtime	45.0.3	wasmtime-wasi-io	45.0.3	normal:all	false		true
thiserror	2.0.18	wasmtime	45.0.3	wiggle	45.0.3	normal:all	false		true
thiserror	2.0.18	wasmtime-environ	45.0.3	wasmtime	45.0.3	normal:all	false		true
thiserror	2.0.18	wasmtime-environ	45.0.3	wasmtime-internal-cache	45.0.3	normal:all	false		true
thiserror	2.0.18	wasmtime-environ	45.0.3	wasmtime-internal-cranelift	45.0.3	normal:all	false		true
thiserror	2.0.18	wasmtime-environ	45.0.3	wasmtime-internal-fiber	45.0.3	normal:all	false		true
thiserror	2.0.18	wasmtime-environ	45.0.3	wasmtime-internal-unwinder	45.0.3	normal:all	false		true
thiserror	2.0.18	wasmtime-environ	45.0.3	wiggle	45.0.3	normal:all	false		true
thiserror	2.0.18	wasmtime-environ	45.0.3	wiggle-generate	45.0.3	normal:all	false		true
thiserror	2.0.18	wasmtime-internal-cache	45.0.3	wasmtime	45.0.3	normal:all	false		true
thiserror	2.0.18	wasmtime-internal-cranelift	45.0.3	wasmtime	45.0.3	normal:all	false		true
thiserror	2.0.18	wasmtime-internal-fiber	45.0.3	wasmtime	45.0.3	normal:all	false		true
thiserror	2.0.18	wasmtime-internal-unwinder	45.0.3	wasmtime	45.0.3	normal:all	false		true
thiserror	2.0.18	wasmtime-internal-unwinder	45.0.3	wasmtime-internal-cranelift	45.0.3	normal:all	false		true
thiserror	2.0.18	wasmtime-wasi	45.0.3	sentinel-wasm	0.1.0	normal:all	true		true
thiserror	2.0.18	wasmtime-wasi-io	45.0.3	wasmtime-wasi	45.0.3	normal:all	false		true
thiserror	2.0.18	wiggle	45.0.3	wasmtime-wasi	45.0.3	normal:all	false		true
thiserror	2.0.18	wiggle-generate	45.0.3	wiggle-macro	45.0.3	normal:all	false		true
thiserror	2.0.18	wiggle-macro	45.0.3	wiggle	45.0.3	normal:all	false		true
thiserror	2.0.18	wtransport	0.6.1	sentinel-dashboard-backend	0.1.0	normal:all	true	A	true
thiserror	2.0.18	wtransport-proto	0.6.1	wtransport	0.6.1	normal:all	false		true
thiserror	2.0.18	x509-parser	0.17.0	wtransport	0.6.1	normal:all	false		true
thiserror	2.0.18	x509-parser	0.18.1	zenoh-link-commons	1.7.2	normal:all	false		true
thiserror	2.0.18	x509-parser	0.18.1	zenoh-link-tls	1.7.2	normal:all	false		true
thiserror	2.0.18	zenoh	1.7.2	sentinel-zenoh	0.1.0	normal:all	true		true
thiserror	2.0.18	zenoh-config	1.7.2	zenoh	1.7.2	normal:all	false		true
thiserror	2.0.18	zenoh-config	1.7.2	zenoh-link	1.7.2	normal:all	false		true
thiserror	2.0.18	zenoh-config	1.7.2	zenoh-link-commons	1.7.2	normal:all	false		true
thiserror	2.0.18	zenoh-config	1.7.2	zenoh-link-quic	1.7.2	normal:all	false		true
thiserror	2.0.18	zenoh-config	1.7.2	zenoh-link-tcp	1.7.2	normal:all	false		true
thiserror	2.0.18	zenoh-config	1.7.2	zenoh-link-tls	1.7.2	normal:all	false		true
thiserror	2.0.18	zenoh-config	1.7.2	zenoh-plugin-trait	1.7.2	normal:all	false		true
thiserror	2.0.18	zenoh-config	1.7.2	zenoh-transport	1.7.2	normal:all	false		true
thiserror	2.0.18	zenoh-link	1.7.2	zenoh	1.7.2	normal:all	false		true
thiserror	2.0.18	zenoh-link	1.7.2	zenoh-transport	1.7.2	normal:all	false		true
thiserror	2.0.18	zenoh-link-commons	1.7.2	zenoh	1.7.2	normal:all	false		true
thiserror	2.0.18	zenoh-link-commons	1.7.2	zenoh-link	1.7.2	normal:all	false		true
thiserror	2.0.18	zenoh-link-commons	1.7.2	zenoh-link-quic	1.7.2	normal:all	false		true
thiserror	2.0.18	zenoh-link-commons	1.7.2	zenoh-link-quic_datagram	1.7.2	normal:all	false		true
thiserror	2.0.18	zenoh-link-commons	1.7.2	zenoh-link-tcp	1.7.2	normal:all	false		true
thiserror	2.0.18	zenoh-link-commons	1.7.2	zenoh-link-tls	1.7.2	normal:all	false		true
thiserror	2.0.18	zenoh-link-commons	1.7.2	zenoh-link-udp	1.7.2	normal:all	false		true
thiserror	2.0.18	zenoh-link-commons	1.7.2	zenoh-link-unixsock_stream	1.7.2	normal:all	false		true
thiserror	2.0.18	zenoh-link-commons	1.7.2	zenoh-link-ws	1.7.2	normal:all	false		true
thiserror	2.0.18	zenoh-link-commons	1.7.2	zenoh-transport	1.7.2	normal:all	false		true
thiserror	2.0.18	zenoh-link-quic	1.7.2	zenoh-link	1.7.2	normal:all	false		true
thiserror	2.0.18	zenoh-link-quic_datagram	1.7.2	zenoh-link	1.7.2	normal:all	false		true
thiserror	2.0.18	zenoh-link-tcp	1.7.2	zenoh-link	1.7.2	normal:all	false		true
thiserror	2.0.18	zenoh-link-tls	1.7.2	zenoh-link	1.7.2	normal:all	false		true
thiserror	2.0.18	zenoh-link-udp	1.7.2	zenoh-link	1.7.2	normal:all	false		true
thiserror	2.0.18	zenoh-link-unixsock_stream	1.7.2	zenoh-link	1.7.2	normal:all	false		true
thiserror	2.0.18	zenoh-link-ws	1.7.2	zenoh-link	1.7.2	normal:all	false		true
thiserror	2.0.18	zenoh-plugin-trait	1.7.2	zenoh	1.7.2	normal:all	false		true
thiserror	2.0.18	zenoh-transport	1.7.2	zenoh	1.7.2	normal:all	false		true
thiserror	2.0.18	zenoh-util	1.7.2	zenoh	1.7.2	normal:all	false		true
thiserror	2.0.18	zenoh-util	1.7.2	zenoh-config	1.7.2	normal:all	false		true
thiserror	2.0.18	zenoh-util	1.7.2	zenoh-link-commons	1.7.2	normal:all	false		true
thiserror	2.0.18	zenoh-util	1.7.2	zenoh-link-quic	1.7.2	normal:all	false		true
thiserror	2.0.18	zenoh-util	1.7.2	zenoh-link-quic_datagram	1.7.2	normal:all	false		true
thiserror	2.0.18	zenoh-util	1.7.2	zenoh-link-udp	1.7.2	normal:all	false		true
thiserror	2.0.18	zenoh-util	1.7.2	zenoh-link-ws	1.7.2	normal:all	false		true
thiserror	2.0.18	zenoh-util	1.7.2	zenoh-plugin-trait	1.7.2	normal:all	false		true
thiserror	2.0.18	zenoh-util	1.7.2	zenoh-transport	1.7.2	normal:all	false		true
thiserror-impl	1.0.69	async-nats	0.47.0	sentinel-daemon	0.1.0	normal:all	true	A	true
thiserror-impl	1.0.69	async-nats	0.47.0	sentinel-dashboard-backend	0.1.0	normal:all	true	A	true
thiserror-impl	1.0.69	async-nats	0.47.0	sentinel-gaia-loop	0.1.0	normal:all	true	A	true
thiserror-impl	1.0.69	directories-next	2.0.0	wasmtime-internal-cache	45.0.3	normal:all	false		true
thiserror-impl	1.0.69	dirs-sys-next	0.1.2	directories-next	2.0.0	normal:all	false		true
thiserror-impl	1.0.69	jni	0.21.1	rustls-platform-verifier	0.6.2	"normal:cfg(target_os = ""android"")"	false		true
thiserror-impl	1.0.69	quinn	0.11.9	sentinel-cluster-control	0.1.0	normal:all	true		true
thiserror-impl	1.0.69	quinn	0.11.9	wtransport	0.6.1	normal:all	false		true
thiserror-impl	1.0.69	quinn	0.11.9	zenoh-link-commons	1.7.2	normal:all	false		true
thiserror-impl	1.0.69	quinn	0.11.9	zenoh-link-quic	1.7.2	normal:all	false		true
thiserror-impl	1.0.69	quinn	0.11.9	zenoh-link-quic_datagram	1.7.2	normal:all	false		true
thiserror-impl	1.0.69	quinn-proto	0.11.15	quinn	0.11.9	normal:all	false		true
thiserror-impl	1.0.69	redox_users	0.4.6	dirs-sys-next	0.1.2	"normal:cfg(target_os = ""redox"")"	false		true
thiserror-impl	1.0.69	rustls-platform-verifier	0.6.2	quinn-proto	0.11.15	normal:all	false		true
thiserror-impl	1.0.69	sentinel-cluster-control	0.1.0	sentinel-daemon	0.1.0	normal:all	true	A	true
thiserror-impl	1.0.69	sentinel-ecs	0.1.0	sentinel-daemon	0.1.0	normal:all	true	A	true
thiserror-impl	1.0.69	sentinel-ecs	0.1.0	sentinel-runtime	0.1.0	normal:all	true		true
thiserror-impl	1.0.69	sentinel-gaia-loop	0.1.0	sentinel-dashboard-backend	0.1.0	normal:all	true	A	true
thiserror-impl	1.0.69	sentinel-runtime	0.1.0	sentinel-daemon	0.1.0	normal:all	true	A	true
thiserror-impl	1.0.69	sentinel-sandbox	0.1.0	sentinel-daemon	0.1.0	normal:all	true	A	true
thiserror-impl	1.0.69	sentinel-wasm	0.1.0	sentinel-daemon	0.1.0	normal:all	true	A	true
thiserror-impl	1.0.69	sentinel-wasm	0.1.0	sentinel-ecs	0.1.0	normal:all	true		true
thiserror-impl	1.0.69	sentinel-zenoh	0.1.0	sentinel-daemon	0.1.0	normal:all	true	A	true
thiserror-impl	1.0.69	sentinel-zenoh	0.1.0	sentinel-sandbox	0.1.0	normal:all	true		true
thiserror-impl	1.0.69	thiserror	1.0.69	async-nats	0.47.0	normal:all	false		true
thiserror-impl	1.0.69	thiserror	1.0.69	jni	0.21.1	normal:all	false		true
thiserror-impl	1.0.69	thiserror	1.0.69	redox_users	0.4.6	normal:all	false		true
thiserror-impl	1.0.69	thiserror	1.0.69	tungstenite	0.24.0	normal:all	false		true
thiserror-impl	1.0.69	thiserror	1.0.69	witx	0.9.1	normal:all	false		true
thiserror-impl	1.0.69	thiserror-impl	1.0.69	thiserror	1.0.69	normal:all	false		true
thiserror-impl	1.0.69	tokio-tungstenite	0.24.0	zenoh-link-ws	1.7.2	normal:all	false		true
thiserror-impl	1.0.69	tungstenite	0.24.0	tokio-tungstenite	0.24.0	normal:all	false		true
thiserror-impl	1.0.69	wasmtime	45.0.3	sentinel-wasm	0.1.0	normal:all	true		true
thiserror-impl	1.0.69	wasmtime	45.0.3	wasmtime-wasi	45.0.3	normal:all	false		true
thiserror-impl	1.0.69	wasmtime	45.0.3	wasmtime-wasi-io	45.0.3	normal:all	false		true
thiserror-impl	1.0.69	wasmtime	45.0.3	wiggle	45.0.3	normal:all	false		true
thiserror-impl	1.0.69	wasmtime-internal-cache	45.0.3	wasmtime	45.0.3	normal:all	false		true
thiserror-impl	1.0.69	wasmtime-wasi	45.0.3	sentinel-wasm	0.1.0	normal:all	true		true
thiserror-impl	1.0.69	wasmtime-wasi-io	45.0.3	wasmtime-wasi	45.0.3	normal:all	false		true
thiserror-impl	1.0.69	wiggle	45.0.3	wasmtime-wasi	45.0.3	normal:all	false		true
thiserror-impl	1.0.69	wiggle-generate	45.0.3	wiggle-macro	45.0.3	normal:all	false		true
thiserror-impl	1.0.69	wiggle-macro	45.0.3	wiggle	45.0.3	normal:all	false		true
thiserror-impl	1.0.69	witx	0.9.1	wiggle-generate	45.0.3	normal:all	false		true
thiserror-impl	1.0.69	wtransport	0.6.1	sentinel-dashboard-backend	0.1.0	normal:all	true	A	true
thiserror-impl	1.0.69	zenoh	1.7.2	sentinel-zenoh	0.1.0	normal:all	true		true
thiserror-impl	1.0.69	zenoh-link	1.7.2	zenoh	1.7.2	normal:all	false		true
thiserror-impl	1.0.69	zenoh-link	1.7.2	zenoh-transport	1.7.2	normal:all	false		true
thiserror-impl	1.0.69	zenoh-link-commons	1.7.2	zenoh	1.7.2	normal:all	false		true
thiserror-impl	1.0.69	zenoh-link-commons	1.7.2	zenoh-link	1.7.2	normal:all	false		true
thiserror-impl	1.0.69	zenoh-link-commons	1.7.2	zenoh-link-quic	1.7.2	normal:all	false		true
thiserror-impl	1.0.69	zenoh-link-commons	1.7.2	zenoh-link-quic_datagram	1.7.2	normal:all	false		true
thiserror-impl	1.0.69	zenoh-link-commons	1.7.2	zenoh-link-tcp	1.7.2	normal:all	false		true
thiserror-impl	1.0.69	zenoh-link-commons	1.7.2	zenoh-link-tls	1.7.2	normal:all	false		true
thiserror-impl	1.0.69	zenoh-link-commons	1.7.2	zenoh-link-udp	1.7.2	normal:all	false		true
thiserror-impl	1.0.69	zenoh-link-commons	1.7.2	zenoh-link-unixsock_stream	1.7.2	normal:all	false		true
thiserror-impl	1.0.69	zenoh-link-commons	1.7.2	zenoh-link-ws	1.7.2	normal:all	false		true
thiserror-impl	1.0.69	zenoh-link-commons	1.7.2	zenoh-transport	1.7.2	normal:all	false		true
thiserror-impl	1.0.69	zenoh-link-quic	1.7.2	zenoh-link	1.7.2	normal:all	false		true
thiserror-impl	1.0.69	zenoh-link-quic_datagram	1.7.2	zenoh-link	1.7.2	normal:all	false		true
thiserror-impl	1.0.69	zenoh-link-tcp	1.7.2	zenoh-link	1.7.2	normal:all	false		true
thiserror-impl	1.0.69	zenoh-link-tls	1.7.2	zenoh-link	1.7.2	normal:all	false		true
thiserror-impl	1.0.69	zenoh-link-udp	1.7.2	zenoh-link	1.7.2	normal:all	false		true
thiserror-impl	1.0.69	zenoh-link-unixsock_stream	1.7.2	zenoh-link	1.7.2	normal:all	false		true
thiserror-impl	1.0.69	zenoh-link-ws	1.7.2	zenoh-link	1.7.2	normal:all	false		true
thiserror-impl	1.0.69	zenoh-transport	1.7.2	zenoh	1.7.2	normal:all	false		true
thiserror-impl	2.0.18	asn1-rs	0.7.1	der-parser	10.0.0	normal:all	false		true
thiserror-impl	2.0.18	asn1-rs	0.7.1	oid-registry	0.8.1	normal:all	false		true
thiserror-impl	2.0.18	asn1-rs	0.7.1	x509-parser	0.17.0	normal:all	false		true
thiserror-impl	2.0.18	asn1-rs	0.7.1	x509-parser	0.18.1	normal:all	false		true
thiserror-impl	2.0.18	aya	0.13.2	aya-log	0.2.2	normal:all	false		true
thiserror-impl	2.0.18	aya	0.13.2	sentinel-ebpf	0.1.0	normal:all	true		true
thiserror-impl	2.0.18	aya-log	0.2.2	sentinel-ebpf	0.1.0	normal:all	true		true
thiserror-impl	2.0.18	aya-obj	0.2.2	aya	0.13.2	normal:all	false		true
thiserror-impl	2.0.18	bevy_ecs	0.18.1	sentinel-common	0.1.0	normal:all	true		true
thiserror-impl	2.0.18	bevy_ecs	0.18.1	sentinel-daemon	0.1.0	normal:all	true	A	true
thiserror-impl	2.0.18	bevy_ecs	0.18.1	sentinel-ecs	0.1.0	normal:all	true		true
thiserror-impl	2.0.18	bevy_ecs	0.18.1	sentinel-runtime	0.1.0	normal:all	true		true
thiserror-impl	2.0.18	bevy_reflect	0.18.0	bevy_ecs	0.18.1	normal:all	false		true
thiserror-impl	2.0.18	cobs	0.3.0	postcard	1.1.3	normal:all	false		true
thiserror-impl	2.0.18	der-parser	10.0.0	x509-parser	0.17.0	normal:all	false		true
thiserror-impl	2.0.18	der-parser	10.0.0	x509-parser	0.18.1	normal:all	false		true
thiserror-impl	2.0.18	dirs	6.0.0	shellexpand	3.1.2	normal:all	false		true
thiserror-impl	2.0.18	dirs-sys	0.5.0	dirs	6.0.0	normal:all	false		true
thiserror-impl	2.0.18	landlock	0.4.4	sentinel-sandbox	0.1.0	normal:all	true		true
thiserror-impl	2.0.18	oid-registry	0.8.1	x509-parser	0.17.0	normal:all	false		true
thiserror-impl	2.0.18	oid-registry	0.8.1	x509-parser	0.18.1	normal:all	false		true
thiserror-impl	2.0.18	postcard	1.1.3	wasmtime	45.0.3	normal:all	false		true
thiserror-impl	2.0.18	postcard	1.1.3	wasmtime-environ	45.0.3	normal:all	false		true
thiserror-impl	2.0.18	postcard	1.1.3	wasmtime-internal-cache	45.0.3	normal:all	false		true
thiserror-impl	2.0.18	quinn	0.11.9	sentinel-cluster-control	0.1.0	normal:all	true		true
thiserror-impl	2.0.18	quinn	0.11.9	wtransport	0.6.1	normal:all	false		true
thiserror-impl	2.0.18	quinn	0.11.9	zenoh-link-commons	1.7.2	normal:all	false		true
thiserror-impl	2.0.18	quinn	0.11.9	zenoh-link-quic	1.7.2	normal:all	false		true
thiserror-impl	2.0.18	quinn	0.11.9	zenoh-link-quic_datagram	1.7.2	normal:all	false		true
thiserror-impl	2.0.18	quinn-proto	0.11.15	quinn	0.11.9	normal:all	false		true
thiserror-impl	2.0.18	redox_users	0.5.2	dirs-sys	0.5.0	"normal:cfg(target_os = ""redox"")"	false		true
thiserror-impl	2.0.18	rsqlite-vfs	0.1.0	sqlite-wasm-rs	0.5.2	normal:all	false		true
thiserror-impl	2.0.18	rusqlite	0.38.0	sentinel-dashboard-backend	0.1.0	normal:all	true	A	true
thiserror-impl	2.0.18	rusqlite	0.38.0	sentinel-gaia-memory	0.1.0	normal:all	true		true
thiserror-impl	2.0.18	rusqlite	0.38.0	sentinel-limbo	0.1.0	dev:all;normal:all	true		true
thiserror-impl	2.0.18	rusqlite	0.38.0	sentinel-nightrun	0.1.0	normal:all	true	C	true
thiserror-impl	2.0.18	rusqlite	0.38.0	sentinel-projection	0.1.0	normal:all	true		true
thiserror-impl	2.0.18	sentinel-bio	0.1.0	sentinel-ecs	0.1.0	normal:all	true		true
thiserror-impl	2.0.18	sentinel-cluster-control	0.1.0	sentinel-daemon	0.1.0	normal:all	true	A	true
thiserror-impl	2.0.18	sentinel-common	0.1.0	sentinel-bio	0.1.0	normal:all	true		true
thiserror-impl	2.0.18	sentinel-common	0.1.0	sentinel-cluster-control	0.1.0	normal:all	true		true
thiserror-impl	2.0.18	sentinel-common	0.1.0	sentinel-daemon	0.1.0	normal:all	true	A	true
thiserror-impl	2.0.18	sentinel-common	0.1.0	sentinel-dashboard-backend	0.1.0	normal:all	true	A	true
thiserror-impl	2.0.18	sentinel-common	0.1.0	sentinel-ebpf	0.1.0	normal:all	true		true
thiserror-impl	2.0.18	sentinel-common	0.1.0	sentinel-ecs	0.1.0	dev:all;normal:all	true		true
thiserror-impl	2.0.18	sentinel-common	0.1.0	sentinel-fs	0.1.0	normal:all	true		true
thiserror-impl	2.0.18	sentinel-common	0.1.0	sentinel-gaia	0.1.0	normal:all	true	B	true
thiserror-impl	2.0.18	sentinel-common	0.1.0	sentinel-gaia-loop	0.1.0	normal:all	true	A	true
thiserror-impl	2.0.18	sentinel-common	0.1.0	sentinel-hippocampus	0.1.0	normal:all	true		true
thiserror-impl	2.0.18	sentinel-common	0.1.0	sentinel-limbo	0.1.0	normal:all	true		true
thiserror-impl	2.0.18	sentinel-common	0.1.0	sentinel-microvm	0.1.0	dev:all;normal:all	true		true
thiserror-impl	2.0.18	sentinel-common	0.1.0	sentinel-nightrun	0.1.0	normal:all	true	C	true
thiserror-impl	2.0.18	sentinel-common	0.1.0	sentinel-physics	0.1.0	normal:all	true		true
thiserror-impl	2.0.18	sentinel-common	0.1.0	sentinel-projection	0.1.0	normal:all	true		true
thiserror-impl	2.0.18	sentinel-common	0.1.0	sentinel-projection-service	0.1.0	normal:all	true	A	true
thiserror-impl	2.0.18	sentinel-common	0.1.0	sentinel-redb	0.1.0	normal:all	true		true
thiserror-impl	2.0.18	sentinel-common	0.1.0	sentinel-runtime	0.1.0	dev:all;normal:all	true		true
thiserror-impl	2.0.18	sentinel-common	0.1.0	sentinel-sandbox	0.1.0	dev:all;normal:all	true		true
thiserror-impl	2.0.18	sentinel-common	0.1.0	sentinel-telemetry	0.1.0	normal:all	true		true
thiserror-impl	2.0.18	sentinel-common	0.1.0	sentinel-wasm	0.1.0	dev:all;normal:all	true		true
thiserror-impl	2.0.18	sentinel-common	0.1.0	sentinel-zenoh	0.1.0	dev:all;normal:all	true		true
thiserror-impl	2.0.18	sentinel-console-plane	0.1.0	sentinel-dashboard-backend	0.1.0	normal:all	true	A	true
thiserror-impl	2.0.18	sentinel-ebpf	0.1.0	sentinel-daemon	0.1.0	normal:all	true	A	true
thiserror-impl	2.0.18	sentinel-ecs	0.1.0	sentinel-daemon	0.1.0	normal:all	true	A	true
thiserror-impl	2.0.18	sentinel-ecs	0.1.0	sentinel-runtime	0.1.0	normal:all	true		true
thiserror-impl	2.0.18	sentinel-fs	0.1.0	sentinel-console-plane	0.1.0	normal:all	true		true
thiserror-impl	2.0.18	sentinel-fs	0.1.0	sentinel-daemon	0.1.0	normal:all	true	A	true
thiserror-impl	2.0.18	sentinel-fs	0.1.0	sentinel-microvm	0.1.0	normal:all	true		true
thiserror-impl	2.0.18	sentinel-fs	0.1.0	sentinel-sandbox	0.1.0	normal:all	true		true
thiserror-impl	2.0.18	sentinel-gaia	0.1.0	sentinel-dashboard-backend	0.1.0	normal:all	true	A	true
thiserror-impl	2.0.18	sentinel-gaia-loop	0.1.0	sentinel-dashboard-backend	0.1.0	normal:all	true	A	true
thiserror-impl	2.0.18	sentinel-hippocampus	0.1.0	sentinel-daemon	0.1.0	normal:all	true	A	true
thiserror-impl	2.0.18	sentinel-hippocampus	0.1.0	sentinel-gaia-memory	0.1.0	normal:all	true		true
thiserror-impl	2.0.18	sentinel-hippocampus	0.1.0	sentinel-nightrun	0.1.0	normal:all	true	C	true
thiserror-impl	2.0.18	sentinel-limbo	0.1.0	sentinel-daemon	0.1.0	normal:all	true	A	true
thiserror-impl	2.0.18	sentinel-limbo	0.1.0	sentinel-dashboard-backend	0.1.0	normal:all	true	A	true
thiserror-impl	2.0.18	sentinel-limbo	0.1.0	sentinel-ecs	0.1.0	normal:all	true		true
thiserror-impl	2.0.18	sentinel-limbo	0.1.0	sentinel-gaia-loop	0.1.0	normal:all	true	A	true
thiserror-impl	2.0.18	sentinel-limbo	0.1.0	sentinel-gaia-memory	0.1.0	dev:all	true		true
thiserror-impl	2.0.18	sentinel-limbo	0.1.0	sentinel-nightrun	0.1.0	normal:all	true	C	true
thiserror-impl	2.0.18	sentinel-limbo	0.1.0	sentinel-projection	0.1.0	normal:all	true		true
thiserror-impl	2.0.18	sentinel-limbo	0.1.0	sentinel-projection-service	0.1.0	normal:all	true	A	true
thiserror-impl	2.0.18	sentinel-limbo	0.1.0	sentinel-runtime	0.1.0	dev:all;normal:all	true		true
thiserror-impl	2.0.18	sentinel-physics	0.1.0	sentinel-ecs	0.1.0	normal:all	true		true
thiserror-impl	2.0.18	sentinel-physics	0.1.0	sentinel-projection	0.1.0	normal:all	true		true
thiserror-impl	2.0.18	sentinel-projection	0.1.0	sentinel-daemon	0.1.0	normal:all	true	A	true
thiserror-impl	2.0.18	sentinel-projection	0.1.0	sentinel-dashboard-backend	0.1.0	normal:all	true	A	true
thiserror-impl	2.0.18	sentinel-projection	0.1.0	sentinel-gaia-memory	0.1.0	dev:all	true		true
thiserror-impl	2.0.18	sentinel-projection	0.1.0	sentinel-projection-service	0.1.0	normal:all	true	A	true
thiserror-impl	2.0.18	sentinel-redb	0.1.0	sentinel-daemon	0.1.0	normal:all	true	A	true
thiserror-impl	2.0.18	sentinel-redb	0.1.0	sentinel-ecs	0.1.0	normal:all	true		true
thiserror-impl	2.0.18	sentinel-runtime	0.1.0	sentinel-daemon	0.1.0	normal:all	true	A	true
thiserror-impl	2.0.18	sentinel-sandbox	0.1.0	sentinel-daemon	0.1.0	normal:all	true	A	true
thiserror-impl	2.0.18	sentinel-telemetry	0.1.0	sentinel-daemon	0.1.0	normal:all	true	A	true
thiserror-impl	2.0.18	sentinel-telemetry	0.1.0	sentinel-ecs	0.1.0	dev:all	true		true
thiserror-impl	2.0.18	sentinel-telemetry	0.1.0	sentinel-fs	0.1.0	normal:all	true		true
thiserror-impl	2.0.18	sentinel-telemetry	0.1.0	sentinel-limbo	0.1.0	normal:all	true		true
thiserror-impl	2.0.18	sentinel-telemetry	0.1.0	sentinel-nightrun	0.1.0	normal:all	true	C	true
thiserror-impl	2.0.18	sentinel-telemetry	0.1.0	sentinel-projection	0.1.0	normal:all	true		true
thiserror-impl	2.0.18	sentinel-telemetry	0.1.0	sentinel-projection-service	0.1.0	normal:all	true	A	true
thiserror-impl	2.0.18	sentinel-telemetry	0.1.0	sentinel-redb	0.1.0	normal:all	true		true
thiserror-impl	2.0.18	sentinel-telemetry	0.1.0	sentinel-zenoh	0.1.0	normal:all	true		true
thiserror-impl	2.0.18	sentinel-wasm	0.1.0	sentinel-daemon	0.1.0	normal:all	true	A	true
thiserror-impl	2.0.18	sentinel-wasm	0.1.0	sentinel-ecs	0.1.0	normal:all	true		true
thiserror-impl	2.0.18	sentinel-zenoh	0.1.0	sentinel-daemon	0.1.0	normal:all	true	A	true
thiserror-impl	2.0.18	sentinel-zenoh	0.1.0	sentinel-sandbox	0.1.0	normal:all	true		true
thiserror-impl	2.0.18	shellexpand	3.1.2	zenoh-util	1.7.2	normal:all	false		true
thiserror-impl	2.0.18	sqlite-wasm-rs	0.5.2	rusqlite	0.38.0	"normal:cfg(all(target_family = ""wasm"", target_os = ""unknown""))"	false		true
thiserror-impl	2.0.18	thiserror	2.0.18	asn1-rs	0.7.1	normal:all	false		true
thiserror-impl	2.0.18	thiserror	2.0.18	aya	0.13.2	normal:all	false		true
thiserror-impl	2.0.18	thiserror	2.0.18	aya-log	0.2.2	normal:all	false		true
thiserror-impl	2.0.18	thiserror	2.0.18	aya-obj	0.2.2	normal:all	false		true
thiserror-impl	2.0.18	thiserror	2.0.18	bevy_ecs	0.18.1	normal:all	false		true
thiserror-impl	2.0.18	thiserror	2.0.18	bevy_reflect	0.18.0	normal:all	false		true
thiserror-impl	2.0.18	thiserror	2.0.18	cobs	0.3.0	normal:all	false		true
thiserror-impl	2.0.18	thiserror	2.0.18	landlock	0.4.4	normal:all	false		true
thiserror-impl	2.0.18	thiserror	2.0.18	quinn	0.11.9	normal:all	false		true
thiserror-impl	2.0.18	thiserror	2.0.18	quinn-proto	0.11.15	normal:all	false		true
thiserror-impl	2.0.18	thiserror	2.0.18	redox_users	0.5.2	normal:all	false		true
thiserror-impl	2.0.18	thiserror	2.0.18	rsqlite-vfs	0.1.0	normal:all	false		true
thiserror-impl	2.0.18	thiserror	2.0.18	sentinel-cluster-control	0.1.0	normal:all	true		true
thiserror-impl	2.0.18	thiserror	2.0.18	sentinel-common	0.1.0	normal:all	true		true
thiserror-impl	2.0.18	thiserror	2.0.18	sentinel-dashboard-backend	0.1.0	normal:all	true	A	true
thiserror-impl	2.0.18	thiserror	2.0.18	sentinel-ebpf	0.1.0	normal:all	true		true
thiserror-impl	2.0.18	thiserror	2.0.18	sentinel-gaia-loop	0.1.0	normal:all	true	A	true
thiserror-impl	2.0.18	thiserror	2.0.18	sentinel-gaia-memory	0.1.0	normal:all	true		true
thiserror-impl	2.0.18	thiserror	2.0.18	sentinel-hippocampus	0.1.0	normal:all	true		true
thiserror-impl	2.0.18	thiserror	2.0.18	tls-listener	0.11.2	normal:all	false		true
thiserror-impl	2.0.18	thiserror	2.0.18	wasmtime-internal-cranelift	45.0.3	normal:all	false		true
thiserror-impl	2.0.18	thiserror	2.0.18	wasmtime-wasi	45.0.3	normal:all	false		true
thiserror-impl	2.0.18	thiserror	2.0.18	wiggle	45.0.3	normal:all	false		true
thiserror-impl	2.0.18	thiserror	2.0.18	wtransport	0.6.1	normal:all	false		true
thiserror-impl	2.0.18	thiserror	2.0.18	wtransport-proto	0.6.1	normal:all	false		true
thiserror-impl	2.0.18	thiserror	2.0.18	x509-parser	0.17.0	normal:all	false		true
thiserror-impl	2.0.18	thiserror	2.0.18	x509-parser	0.18.1	normal:all	false		true
thiserror-impl	2.0.18	thiserror-impl	2.0.18	thiserror	2.0.18	normal:all	false		true
thiserror-impl	2.0.18	tls-listener	0.11.2	zenoh-link-tls	1.7.2	normal:all	false		true
thiserror-impl	2.0.18	wasmtime	45.0.3	sentinel-wasm	0.1.0	normal:all	true		true
thiserror-impl	2.0.18	wasmtime	45.0.3	wasmtime-wasi	45.0.3	normal:all	false		true
thiserror-impl	2.0.18	wasmtime	45.0.3	wasmtime-wasi-io	45.0.3	normal:all	false		true
thiserror-impl	2.0.18	wasmtime	45.0.3	wiggle	45.0.3	normal:all	false		true
thiserror-impl	2.0.18	wasmtime-environ	45.0.3	wasmtime	45.0.3	normal:all	false		true
thiserror-impl	2.0.18	wasmtime-environ	45.0.3	wasmtime-internal-cache	45.0.3	normal:all	false		true
thiserror-impl	2.0.18	wasmtime-environ	45.0.3	wasmtime-internal-cranelift	45.0.3	normal:all	false		true
thiserror-impl	2.0.18	wasmtime-environ	45.0.3	wasmtime-internal-fiber	45.0.3	normal:all	false		true
thiserror-impl	2.0.18	wasmtime-environ	45.0.3	wasmtime-internal-unwinder	45.0.3	normal:all	false		true
thiserror-impl	2.0.18	wasmtime-environ	45.0.3	wiggle	45.0.3	normal:all	false		true
thiserror-impl	2.0.18	wasmtime-environ	45.0.3	wiggle-generate	45.0.3	normal:all	false		true
thiserror-impl	2.0.18	wasmtime-internal-cache	45.0.3	wasmtime	45.0.3	normal:all	false		true
thiserror-impl	2.0.18	wasmtime-internal-cranelift	45.0.3	wasmtime	45.0.3	normal:all	false		true
thiserror-impl	2.0.18	wasmtime-internal-fiber	45.0.3	wasmtime	45.0.3	normal:all	false		true
thiserror-impl	2.0.18	wasmtime-internal-unwinder	45.0.3	wasmtime	45.0.3	normal:all	false		true
thiserror-impl	2.0.18	wasmtime-internal-unwinder	45.0.3	wasmtime-internal-cranelift	45.0.3	normal:all	false		true
thiserror-impl	2.0.18	wasmtime-wasi	45.0.3	sentinel-wasm	0.1.0	normal:all	true		true
thiserror-impl	2.0.18	wasmtime-wasi-io	45.0.3	wasmtime-wasi	45.0.3	normal:all	false		true
thiserror-impl	2.0.18	wiggle	45.0.3	wasmtime-wasi	45.0.3	normal:all	false		true
thiserror-impl	2.0.18	wiggle-generate	45.0.3	wiggle-macro	45.0.3	normal:all	false		true
thiserror-impl	2.0.18	wiggle-macro	45.0.3	wiggle	45.0.3	normal:all	false		true
thiserror-impl	2.0.18	wtransport	0.6.1	sentinel-dashboard-backend	0.1.0	normal:all	true	A	true
thiserror-impl	2.0.18	wtransport-proto	0.6.1	wtransport	0.6.1	normal:all	false		true
thiserror-impl	2.0.18	x509-parser	0.17.0	wtransport	0.6.1	normal:all	false		true
thiserror-impl	2.0.18	x509-parser	0.18.1	zenoh-link-commons	1.7.2	normal:all	false		true
thiserror-impl	2.0.18	x509-parser	0.18.1	zenoh-link-tls	1.7.2	normal:all	false		true
thiserror-impl	2.0.18	zenoh	1.7.2	sentinel-zenoh	0.1.0	normal:all	true		true
thiserror-impl	2.0.18	zenoh-config	1.7.2	zenoh	1.7.2	normal:all	false		true
thiserror-impl	2.0.18	zenoh-config	1.7.2	zenoh-link	1.7.2	normal:all	false		true
thiserror-impl	2.0.18	zenoh-config	1.7.2	zenoh-link-commons	1.7.2	normal:all	false		true
thiserror-impl	2.0.18	zenoh-config	1.7.2	zenoh-link-quic	1.7.2	normal:all	false		true
thiserror-impl	2.0.18	zenoh-config	1.7.2	zenoh-link-tcp	1.7.2	normal:all	false		true
thiserror-impl	2.0.18	zenoh-config	1.7.2	zenoh-link-tls	1.7.2	normal:all	false		true
thiserror-impl	2.0.18	zenoh-config	1.7.2	zenoh-plugin-trait	1.7.2	normal:all	false		true
thiserror-impl	2.0.18	zenoh-config	1.7.2	zenoh-transport	1.7.2	normal:all	false		true
thiserror-impl	2.0.18	zenoh-link	1.7.2	zenoh	1.7.2	normal:all	false		true
thiserror-impl	2.0.18	zenoh-link	1.7.2	zenoh-transport	1.7.2	normal:all	false		true
thiserror-impl	2.0.18	zenoh-link-commons	1.7.2	zenoh	1.7.2	normal:all	false		true
thiserror-impl	2.0.18	zenoh-link-commons	1.7.2	zenoh-link	1.7.2	normal:all	false		true
thiserror-impl	2.0.18	zenoh-link-commons	1.7.2	zenoh-link-quic	1.7.2	normal:all	false		true
thiserror-impl	2.0.18	zenoh-link-commons	1.7.2	zenoh-link-quic_datagram	1.7.2	normal:all	false		true
thiserror-impl	2.0.18	zenoh-link-commons	1.7.2	zenoh-link-tcp	1.7.2	normal:all	false		true
thiserror-impl	2.0.18	zenoh-link-commons	1.7.2	zenoh-link-tls	1.7.2	normal:all	false		true
thiserror-impl	2.0.18	zenoh-link-commons	1.7.2	zenoh-link-udp	1.7.2	normal:all	false		true
thiserror-impl	2.0.18	zenoh-link-commons	1.7.2	zenoh-link-unixsock_stream	1.7.2	normal:all	false		true
thiserror-impl	2.0.18	zenoh-link-commons	1.7.2	zenoh-link-ws	1.7.2	normal:all	false		true
thiserror-impl	2.0.18	zenoh-link-commons	1.7.2	zenoh-transport	1.7.2	normal:all	false		true
thiserror-impl	2.0.18	zenoh-link-quic	1.7.2	zenoh-link	1.7.2	normal:all	false		true
thiserror-impl	2.0.18	zenoh-link-quic_datagram	1.7.2	zenoh-link	1.7.2	normal:all	false		true
thiserror-impl	2.0.18	zenoh-link-tcp	1.7.2	zenoh-link	1.7.2	normal:all	false		true
thiserror-impl	2.0.18	zenoh-link-tls	1.7.2	zenoh-link	1.7.2	normal:all	false		true
thiserror-impl	2.0.18	zenoh-link-udp	1.7.2	zenoh-link	1.7.2	normal:all	false		true
thiserror-impl	2.0.18	zenoh-link-unixsock_stream	1.7.2	zenoh-link	1.7.2	normal:all	false		true
thiserror-impl	2.0.18	zenoh-link-ws	1.7.2	zenoh-link	1.7.2	normal:all	false		true
thiserror-impl	2.0.18	zenoh-plugin-trait	1.7.2	zenoh	1.7.2	normal:all	false		true
thiserror-impl	2.0.18	zenoh-transport	1.7.2	zenoh	1.7.2	normal:all	false		true
thiserror-impl	2.0.18	zenoh-util	1.7.2	zenoh	1.7.2	normal:all	false		true
thiserror-impl	2.0.18	zenoh-util	1.7.2	zenoh-config	1.7.2	normal:all	false		true
thiserror-impl	2.0.18	zenoh-util	1.7.2	zenoh-link-commons	1.7.2	normal:all	false		true
thiserror-impl	2.0.18	zenoh-util	1.7.2	zenoh-link-quic	1.7.2	normal:all	false		true
thiserror-impl	2.0.18	zenoh-util	1.7.2	zenoh-link-quic_datagram	1.7.2	normal:all	false		true
thiserror-impl	2.0.18	zenoh-util	1.7.2	zenoh-link-udp	1.7.2	normal:all	false		true
thiserror-impl	2.0.18	zenoh-util	1.7.2	zenoh-link-ws	1.7.2	normal:all	false		true
thiserror-impl	2.0.18	zenoh-util	1.7.2	zenoh-plugin-trait	1.7.2	normal:all	false		true
thiserror-impl	2.0.18	zenoh-util	1.7.2	zenoh-transport	1.7.2	normal:all	false		true
toml	0.9.12+spec-1.1.0	sentinel-ecs	0.1.0	sentinel-daemon	0.1.0	normal:all	true	A	true
toml	0.9.12+spec-1.1.0	sentinel-ecs	0.1.0	sentinel-runtime	0.1.0	normal:all	true		true
toml	0.9.12+spec-1.1.0	sentinel-runtime	0.1.0	sentinel-daemon	0.1.0	normal:all	true	A	true
toml	0.9.12+spec-1.1.0	sentinel-wasm	0.1.0	sentinel-daemon	0.1.0	normal:all	true	A	true
toml	0.9.12+spec-1.1.0	sentinel-wasm	0.1.0	sentinel-ecs	0.1.0	normal:all	true		true
toml	0.9.12+spec-1.1.0	toml	0.9.12+spec-1.1.0	wasmtime-internal-cache	45.0.3	normal:all	false		true
toml	0.9.12+spec-1.1.0	wasmtime	45.0.3	sentinel-wasm	0.1.0	normal:all	true		true
toml	0.9.12+spec-1.1.0	wasmtime	45.0.3	wasmtime-wasi	45.0.3	normal:all	false		true
toml	0.9.12+spec-1.1.0	wasmtime	45.0.3	wasmtime-wasi-io	45.0.3	normal:all	false		true
toml	0.9.12+spec-1.1.0	wasmtime	45.0.3	wiggle	45.0.3	normal:all	false		true
toml	0.9.12+spec-1.1.0	wasmtime-internal-cache	45.0.3	wasmtime	45.0.3	normal:all	false		true
toml	0.9.12+spec-1.1.0	wasmtime-wasi	45.0.3	sentinel-wasm	0.1.0	normal:all	true		true
toml	0.9.12+spec-1.1.0	wasmtime-wasi-io	45.0.3	wasmtime-wasi	45.0.3	normal:all	false		true
toml	0.9.12+spec-1.1.0	wiggle	45.0.3	wasmtime-wasi	45.0.3	normal:all	false		true
toml	1.0.6+spec-1.1.0	sentinel-bio	0.1.0	sentinel-ecs	0.1.0	normal:all	true		true
toml	1.0.6+spec-1.1.0	sentinel-cluster-control	0.1.0	sentinel-daemon	0.1.0	normal:all	true	A	true
toml	1.0.6+spec-1.1.0	sentinel-common	0.1.0	sentinel-bio	0.1.0	normal:all	true		true
toml	1.0.6+spec-1.1.0	sentinel-common	0.1.0	sentinel-cluster-control	0.1.0	normal:all	true		true
toml	1.0.6+spec-1.1.0	sentinel-common	0.1.0	sentinel-daemon	0.1.0	normal:all	true	A	true
toml	1.0.6+spec-1.1.0	sentinel-common	0.1.0	sentinel-dashboard-backend	0.1.0	normal:all	true	A	true
toml	1.0.6+spec-1.1.0	sentinel-common	0.1.0	sentinel-ebpf	0.1.0	normal:all	true		true
toml	1.0.6+spec-1.1.0	sentinel-common	0.1.0	sentinel-ecs	0.1.0	dev:all;normal:all	true		true
toml	1.0.6+spec-1.1.0	sentinel-common	0.1.0	sentinel-fs	0.1.0	normal:all	true		true
toml	1.0.6+spec-1.1.0	sentinel-common	0.1.0	sentinel-gaia	0.1.0	normal:all	true	B	true
toml	1.0.6+spec-1.1.0	sentinel-common	0.1.0	sentinel-gaia-loop	0.1.0	normal:all	true	A	true
toml	1.0.6+spec-1.1.0	sentinel-common	0.1.0	sentinel-hippocampus	0.1.0	normal:all	true		true
toml	1.0.6+spec-1.1.0	sentinel-common	0.1.0	sentinel-limbo	0.1.0	normal:all	true		true
toml	1.0.6+spec-1.1.0	sentinel-common	0.1.0	sentinel-microvm	0.1.0	dev:all;normal:all	true		true
toml	1.0.6+spec-1.1.0	sentinel-common	0.1.0	sentinel-nightrun	0.1.0	normal:all	true	C	true
toml	1.0.6+spec-1.1.0	sentinel-common	0.1.0	sentinel-physics	0.1.0	normal:all	true		true
toml	1.0.6+spec-1.1.0	sentinel-common	0.1.0	sentinel-projection	0.1.0	normal:all	true		true
toml	1.0.6+spec-1.1.0	sentinel-common	0.1.0	sentinel-projection-service	0.1.0	normal:all	true	A	true
toml	1.0.6+spec-1.1.0	sentinel-common	0.1.0	sentinel-redb	0.1.0	normal:all	true		true
toml	1.0.6+spec-1.1.0	sentinel-common	0.1.0	sentinel-runtime	0.1.0	dev:all;normal:all	true		true
toml	1.0.6+spec-1.1.0	sentinel-common	0.1.0	sentinel-sandbox	0.1.0	dev:all;normal:all	true		true
toml	1.0.6+spec-1.1.0	sentinel-common	0.1.0	sentinel-telemetry	0.1.0	normal:all	true		true
toml	1.0.6+spec-1.1.0	sentinel-common	0.1.0	sentinel-wasm	0.1.0	dev:all;normal:all	true		true
toml	1.0.6+spec-1.1.0	sentinel-common	0.1.0	sentinel-zenoh	0.1.0	dev:all;normal:all	true		true
toml	1.0.6+spec-1.1.0	sentinel-console-plane	0.1.0	sentinel-dashboard-backend	0.1.0	normal:all	true	A	true
toml	1.0.6+spec-1.1.0	sentinel-ebpf	0.1.0	sentinel-daemon	0.1.0	normal:all	true	A	true
toml	1.0.6+spec-1.1.0	sentinel-ecs	0.1.0	sentinel-daemon	0.1.0	normal:all	true	A	true
toml	1.0.6+spec-1.1.0	sentinel-ecs	0.1.0	sentinel-runtime	0.1.0	normal:all	true		true
toml	1.0.6+spec-1.1.0	sentinel-fs	0.1.0	sentinel-console-plane	0.1.0	normal:all	true		true
toml	1.0.6+spec-1.1.0	sentinel-fs	0.1.0	sentinel-daemon	0.1.0	normal:all	true	A	true
toml	1.0.6+spec-1.1.0	sentinel-fs	0.1.0	sentinel-microvm	0.1.0	normal:all	true		true
toml	1.0.6+spec-1.1.0	sentinel-fs	0.1.0	sentinel-sandbox	0.1.0	normal:all	true		true
toml	1.0.6+spec-1.1.0	sentinel-gaia	0.1.0	sentinel-dashboard-backend	0.1.0	normal:all	true	A	true
toml	1.0.6+spec-1.1.0	sentinel-gaia-loop	0.1.0	sentinel-dashboard-backend	0.1.0	normal:all	true	A	true
toml	1.0.6+spec-1.1.0	sentinel-hippocampus	0.1.0	sentinel-daemon	0.1.0	normal:all	true	A	true
toml	1.0.6+spec-1.1.0	sentinel-hippocampus	0.1.0	sentinel-gaia-memory	0.1.0	normal:all	true		true
toml	1.0.6+spec-1.1.0	sentinel-hippocampus	0.1.0	sentinel-nightrun	0.1.0	normal:all	true	C	true
toml	1.0.6+spec-1.1.0	sentinel-limbo	0.1.0	sentinel-daemon	0.1.0	normal:all	true	A	true
toml	1.0.6+spec-1.1.0	sentinel-limbo	0.1.0	sentinel-dashboard-backend	0.1.0	normal:all	true	A	true
toml	1.0.6+spec-1.1.0	sentinel-limbo	0.1.0	sentinel-ecs	0.1.0	normal:all	true		true
toml	1.0.6+spec-1.1.0	sentinel-limbo	0.1.0	sentinel-gaia-loop	0.1.0	normal:all	true	A	true
toml	1.0.6+spec-1.1.0	sentinel-limbo	0.1.0	sentinel-gaia-memory	0.1.0	dev:all	true		true
toml	1.0.6+spec-1.1.0	sentinel-limbo	0.1.0	sentinel-nightrun	0.1.0	normal:all	true	C	true
toml	1.0.6+spec-1.1.0	sentinel-limbo	0.1.0	sentinel-projection	0.1.0	normal:all	true		true
toml	1.0.6+spec-1.1.0	sentinel-limbo	0.1.0	sentinel-projection-service	0.1.0	normal:all	true	A	true
toml	1.0.6+spec-1.1.0	sentinel-limbo	0.1.0	sentinel-runtime	0.1.0	dev:all;normal:all	true		true
toml	1.0.6+spec-1.1.0	sentinel-physics	0.1.0	sentinel-ecs	0.1.0	normal:all	true		true
toml	1.0.6+spec-1.1.0	sentinel-physics	0.1.0	sentinel-projection	0.1.0	normal:all	true		true
toml	1.0.6+spec-1.1.0	sentinel-projection	0.1.0	sentinel-daemon	0.1.0	normal:all	true	A	true
toml	1.0.6+spec-1.1.0	sentinel-projection	0.1.0	sentinel-dashboard-backend	0.1.0	normal:all	true	A	true
toml	1.0.6+spec-1.1.0	sentinel-projection	0.1.0	sentinel-gaia-memory	0.1.0	dev:all	true		true
toml	1.0.6+spec-1.1.0	sentinel-projection	0.1.0	sentinel-projection-service	0.1.0	normal:all	true	A	true
toml	1.0.6+spec-1.1.0	sentinel-redb	0.1.0	sentinel-daemon	0.1.0	normal:all	true	A	true
toml	1.0.6+spec-1.1.0	sentinel-redb	0.1.0	sentinel-ecs	0.1.0	normal:all	true		true
toml	1.0.6+spec-1.1.0	sentinel-runtime	0.1.0	sentinel-daemon	0.1.0	normal:all	true	A	true
toml	1.0.6+spec-1.1.0	sentinel-sandbox	0.1.0	sentinel-daemon	0.1.0	normal:all	true	A	true
toml	1.0.6+spec-1.1.0	sentinel-telemetry	0.1.0	sentinel-daemon	0.1.0	normal:all	true	A	true
toml	1.0.6+spec-1.1.0	sentinel-telemetry	0.1.0	sentinel-ecs	0.1.0	dev:all	true		true
toml	1.0.6+spec-1.1.0	sentinel-telemetry	0.1.0	sentinel-fs	0.1.0	normal:all	true		true
toml	1.0.6+spec-1.1.0	sentinel-telemetry	0.1.0	sentinel-limbo	0.1.0	normal:all	true		true
toml	1.0.6+spec-1.1.0	sentinel-telemetry	0.1.0	sentinel-nightrun	0.1.0	normal:all	true	C	true
toml	1.0.6+spec-1.1.0	sentinel-telemetry	0.1.0	sentinel-projection	0.1.0	normal:all	true		true
toml	1.0.6+spec-1.1.0	sentinel-telemetry	0.1.0	sentinel-projection-service	0.1.0	normal:all	true	A	true
toml	1.0.6+spec-1.1.0	sentinel-telemetry	0.1.0	sentinel-redb	0.1.0	normal:all	true		true
toml	1.0.6+spec-1.1.0	sentinel-telemetry	0.1.0	sentinel-zenoh	0.1.0	normal:all	true		true
toml	1.0.6+spec-1.1.0	sentinel-wasm	0.1.0	sentinel-daemon	0.1.0	normal:all	true	A	true
toml	1.0.6+spec-1.1.0	sentinel-wasm	0.1.0	sentinel-ecs	0.1.0	normal:all	true		true
toml	1.0.6+spec-1.1.0	sentinel-zenoh	0.1.0	sentinel-daemon	0.1.0	normal:all	true	A	true
toml	1.0.6+spec-1.1.0	sentinel-zenoh	0.1.0	sentinel-sandbox	0.1.0	normal:all	true		true
toml	1.0.6+spec-1.1.0	toml	1.0.6+spec-1.1.0	sentinel-common	0.1.0	normal:all	true		true
toml	1.0.6+spec-1.1.0	toml	1.0.6+spec-1.1.0	sentinel-daemon	0.1.0	normal:all	true	A	true
toml	1.0.6+spec-1.1.0	toml	1.0.6+spec-1.1.0	sentinel-dashboard-backend	0.1.0	normal:all	true	A	true
toml	1.0.6+spec-1.1.0	toml	1.0.6+spec-1.1.0	sentinel-ecs	0.1.0	dev:all	true		true
toml	1.0.6+spec-1.1.0	toml	1.0.6+spec-1.1.0	sentinel-gaia	0.1.0	normal:all	true	B	true
toml	1.0.6+spec-1.1.0	toml	1.0.6+spec-1.1.0	sentinel-nightrun	0.1.0	normal:all	true	C	true
toml_datetime	0.6.3	aya-log	0.2.2	sentinel-ebpf	0.1.0	normal:all	true		true
toml_datetime	0.6.3	aya-log-common	0.1.16	aya-log	0.2.2	normal:all	false		true
toml_datetime	0.6.3	bolero	0.13.4	sentinel-bio	0.1.0	dev:all	true		true
toml_datetime	0.6.3	bolero	0.13.4	sentinel-physics	0.1.0	dev:all	true		true
toml_datetime	0.6.3	bolero-afl	0.13.0	bolero	0.13.4	normal:cfg(fuzzing_afl)	false		true
toml_datetime	0.6.3	bolero-engine	0.13.4	bolero	0.13.4	normal:all;normal:cfg(fuzzing_random);normal:cfg(not(any(fuzzing, kani)))	false		true
toml_datetime	0.6.3	bolero-engine	0.13.4	bolero-afl	0.13.0	normal:all	false		true
toml_datetime	0.6.3	bolero-engine	0.13.4	bolero-honggfuzz	0.13.0	normal:all	false		true
toml_datetime	0.6.3	bolero-engine	0.13.4	bolero-kani	0.13.0	normal:all	false		true
toml_datetime	0.6.3	bolero-engine	0.13.4	bolero-libfuzzer	0.13.0	normal:all	false		true
toml_datetime	0.6.3	bolero-generator	0.13.5	bolero	0.13.4	normal:all	false		true
toml_datetime	0.6.3	bolero-generator	0.13.5	bolero-engine	0.13.4	normal:all	false		true
toml_datetime	0.6.3	bolero-generator-derive	0.13.4	bolero-generator	0.13.5	normal:all	false		true
toml_datetime	0.6.3	bolero-honggfuzz	0.13.0	bolero	0.13.4	normal:cfg(fuzzing_honggfuzz)	false		true
toml_datetime	0.6.3	bolero-kani	0.13.0	bolero	0.13.4	normal:cfg(kani)	false		true
toml_datetime	0.6.3	bolero-libfuzzer	0.13.0	bolero	0.13.4	normal:cfg(fuzzing_libfuzzer)	false		true
toml_datetime	0.6.3	fuser	0.17.0	sentinel-fs	0.1.0	normal:all	true		true
toml_datetime	0.6.3	num_enum	0.7.5	aya-log-common	0.1.16	normal:all	false		true
toml_datetime	0.6.3	num_enum	0.7.5	fuser	0.17.0	normal:all	false		true
toml_datetime	0.6.3	num_enum_derive	0.7.5	num_enum	0.7.5	normal:all	false		true
toml_datetime	0.6.3	proc-macro-crate	2.0.2	bolero-generator-derive	0.13.4	normal:all	false		true
toml_datetime	0.6.3	proc-macro-crate	2.0.2	num_enum_derive	0.7.5	normal:all	false		true
toml_datetime	0.6.3	proc-macro-crate	2.0.2	stabby-macros	72.1.4	normal:all	false		true
toml_datetime	0.6.3	sentinel-bio	0.1.0	sentinel-ecs	0.1.0	normal:all	true		true
toml_datetime	0.6.3	sentinel-console-plane	0.1.0	sentinel-dashboard-backend	0.1.0	normal:all	true	A	true
toml_datetime	0.6.3	sentinel-ebpf	0.1.0	sentinel-daemon	0.1.0	normal:all	true	A	true
toml_datetime	0.6.3	sentinel-ecs	0.1.0	sentinel-daemon	0.1.0	normal:all	true	A	true
toml_datetime	0.6.3	sentinel-ecs	0.1.0	sentinel-runtime	0.1.0	normal:all	true		true
toml_datetime	0.6.3	sentinel-fs	0.1.0	sentinel-console-plane	0.1.0	normal:all	true		true
toml_datetime	0.6.3	sentinel-fs	0.1.0	sentinel-daemon	0.1.0	normal:all	true	A	true
toml_datetime	0.6.3	sentinel-fs	0.1.0	sentinel-microvm	0.1.0	normal:all	true		true
toml_datetime	0.6.3	sentinel-fs	0.1.0	sentinel-sandbox	0.1.0	normal:all	true		true
toml_datetime	0.6.3	sentinel-physics	0.1.0	sentinel-ecs	0.1.0	normal:all	true		true
toml_datetime	0.6.3	sentinel-physics	0.1.0	sentinel-projection	0.1.0	normal:all	true		true
toml_datetime	0.6.3	sentinel-projection	0.1.0	sentinel-daemon	0.1.0	normal:all	true	A	true
toml_datetime	0.6.3	sentinel-projection	0.1.0	sentinel-dashboard-backend	0.1.0	normal:all	true	A	true
toml_datetime	0.6.3	sentinel-projection	0.1.0	sentinel-gaia-memory	0.1.0	dev:all	true		true
toml_datetime	0.6.3	sentinel-projection	0.1.0	sentinel-projection-service	0.1.0	normal:all	true	A	true
toml_datetime	0.6.3	sentinel-runtime	0.1.0	sentinel-daemon	0.1.0	normal:all	true	A	true
toml_datetime	0.6.3	sentinel-sandbox	0.1.0	sentinel-daemon	0.1.0	normal:all	true	A	true
toml_datetime	0.6.3	sentinel-zenoh	0.1.0	sentinel-daemon	0.1.0	normal:all	true	A	true
toml_datetime	0.6.3	sentinel-zenoh	0.1.0	sentinel-sandbox	0.1.0	normal:all	true		true
toml_datetime	0.6.3	stabby	72.1.4	zenoh-plugin-trait	1.7.2	normal:all	false		true
toml_datetime	0.6.3	stabby-abi	72.1.4	stabby	72.1.4	normal:all	false		true
toml_datetime	0.6.3	stabby-macros	72.1.4	stabby-abi	72.1.4	normal:all	false		true
toml_datetime	0.6.3	toml_datetime	0.6.3	proc-macro-crate	2.0.2	normal:all	false		true
toml_datetime	0.6.3	toml_datetime	0.6.3	toml_edit	0.20.2	normal:all	false		true
toml_datetime	0.6.3	toml_edit	0.20.2	proc-macro-crate	2.0.2	normal:all	false		true
toml_datetime	0.6.3	zenoh	1.7.2	sentinel-zenoh	0.1.0	normal:all	true		true
toml_datetime	0.6.3	zenoh-plugin-trait	1.7.2	zenoh	1.7.2	normal:all	false		true
toml_datetime	0.7.5+spec-1.1.0	bevy_ecs	0.18.1	sentinel-common	0.1.0	normal:all	true		true
toml_datetime	0.7.5+spec-1.1.0	bevy_ecs	0.18.1	sentinel-daemon	0.1.0	normal:all	true	A	true
toml_datetime	0.7.5+spec-1.1.0	bevy_ecs	0.18.1	sentinel-ecs	0.1.0	normal:all	true		true
toml_datetime	0.7.5+spec-1.1.0	bevy_ecs	0.18.1	sentinel-runtime	0.1.0	normal:all	true		true
toml_datetime	0.7.5+spec-1.1.0	bevy_ecs_macros	0.18.0	bevy_ecs	0.18.1	normal:all	false		true
toml_datetime	0.7.5+spec-1.1.0	bevy_macro_utils	0.18.0	bevy_ecs_macros	0.18.0	normal:all	false		true
toml_datetime	0.7.5+spec-1.1.0	bevy_macro_utils	0.18.0	bevy_reflect_derive	0.18.0	normal:all	false		true
toml_datetime	0.7.5+spec-1.1.0	bevy_reflect	0.18.0	bevy_ecs	0.18.1	normal:all	false		true
toml_datetime	0.7.5+spec-1.1.0	bevy_reflect_derive	0.18.0	bevy_reflect	0.18.0	normal:all	false		true
toml_datetime	0.7.5+spec-1.1.0	sentinel-bio	0.1.0	sentinel-ecs	0.1.0	normal:all	true		true
toml_datetime	0.7.5+spec-1.1.0	sentinel-cluster-control	0.1.0	sentinel-daemon	0.1.0	normal:all	true	A	true
toml_datetime	0.7.5+spec-1.1.0	sentinel-common	0.1.0	sentinel-bio	0.1.0	normal:all	true		true
toml_datetime	0.7.5+spec-1.1.0	sentinel-common	0.1.0	sentinel-cluster-control	0.1.0	normal:all	true		true
toml_datetime	0.7.5+spec-1.1.0	sentinel-common	0.1.0	sentinel-daemon	0.1.0	normal:all	true	A	true
toml_datetime	0.7.5+spec-1.1.0	sentinel-common	0.1.0	sentinel-dashboard-backend	0.1.0	normal:all	true	A	true
toml_datetime	0.7.5+spec-1.1.0	sentinel-common	0.1.0	sentinel-ebpf	0.1.0	normal:all	true		true
toml_datetime	0.7.5+spec-1.1.0	sentinel-common	0.1.0	sentinel-ecs	0.1.0	dev:all;normal:all	true		true
toml_datetime	0.7.5+spec-1.1.0	sentinel-common	0.1.0	sentinel-fs	0.1.0	normal:all	true		true
toml_datetime	0.7.5+spec-1.1.0	sentinel-common	0.1.0	sentinel-gaia	0.1.0	normal:all	true	B	true
toml_datetime	0.7.5+spec-1.1.0	sentinel-common	0.1.0	sentinel-gaia-loop	0.1.0	normal:all	true	A	true
toml_datetime	0.7.5+spec-1.1.0	sentinel-common	0.1.0	sentinel-hippocampus	0.1.0	normal:all	true		true
toml_datetime	0.7.5+spec-1.1.0	sentinel-common	0.1.0	sentinel-limbo	0.1.0	normal:all	true		true
toml_datetime	0.7.5+spec-1.1.0	sentinel-common	0.1.0	sentinel-microvm	0.1.0	dev:all;normal:all	true		true
toml_datetime	0.7.5+spec-1.1.0	sentinel-common	0.1.0	sentinel-nightrun	0.1.0	normal:all	true	C	true
toml_datetime	0.7.5+spec-1.1.0	sentinel-common	0.1.0	sentinel-physics	0.1.0	normal:all	true		true
toml_datetime	0.7.5+spec-1.1.0	sentinel-common	0.1.0	sentinel-projection	0.1.0	normal:all	true		true
toml_datetime	0.7.5+spec-1.1.0	sentinel-common	0.1.0	sentinel-projection-service	0.1.0	normal:all	true	A	true
toml_datetime	0.7.5+spec-1.1.0	sentinel-common	0.1.0	sentinel-redb	0.1.0	normal:all	true		true
toml_datetime	0.7.5+spec-1.1.0	sentinel-common	0.1.0	sentinel-runtime	0.1.0	dev:all;normal:all	true		true
toml_datetime	0.7.5+spec-1.1.0	sentinel-common	0.1.0	sentinel-sandbox	0.1.0	dev:all;normal:all	true		true
toml_datetime	0.7.5+spec-1.1.0	sentinel-common	0.1.0	sentinel-telemetry	0.1.0	normal:all	true		true
toml_datetime	0.7.5+spec-1.1.0	sentinel-common	0.1.0	sentinel-wasm	0.1.0	dev:all;normal:all	true		true
toml_datetime	0.7.5+spec-1.1.0	sentinel-common	0.1.0	sentinel-zenoh	0.1.0	dev:all;normal:all	true		true
toml_datetime	0.7.5+spec-1.1.0	sentinel-console-plane	0.1.0	sentinel-dashboard-backend	0.1.0	normal:all	true	A	true
toml_datetime	0.7.5+spec-1.1.0	sentinel-ebpf	0.1.0	sentinel-daemon	0.1.0	normal:all	true	A	true
toml_datetime	0.7.5+spec-1.1.0	sentinel-ecs	0.1.0	sentinel-daemon	0.1.0	normal:all	true	A	true
toml_datetime	0.7.5+spec-1.1.0	sentinel-ecs	0.1.0	sentinel-runtime	0.1.0	normal:all	true		true
toml_datetime	0.7.5+spec-1.1.0	sentinel-fs	0.1.0	sentinel-console-plane	0.1.0	normal:all	true		true
toml_datetime	0.7.5+spec-1.1.0	sentinel-fs	0.1.0	sentinel-daemon	0.1.0	normal:all	true	A	true
toml_datetime	0.7.5+spec-1.1.0	sentinel-fs	0.1.0	sentinel-microvm	0.1.0	normal:all	true		true
toml_datetime	0.7.5+spec-1.1.0	sentinel-fs	0.1.0	sentinel-sandbox	0.1.0	normal:all	true		true
toml_datetime	0.7.5+spec-1.1.0	sentinel-gaia	0.1.0	sentinel-dashboard-backend	0.1.0	normal:all	true	A	true
toml_datetime	0.7.5+spec-1.1.0	sentinel-gaia-loop	0.1.0	sentinel-dashboard-backend	0.1.0	normal:all	true	A	true
toml_datetime	0.7.5+spec-1.1.0	sentinel-hippocampus	0.1.0	sentinel-daemon	0.1.0	normal:all	true	A	true
toml_datetime	0.7.5+spec-1.1.0	sentinel-hippocampus	0.1.0	sentinel-gaia-memory	0.1.0	normal:all	true		true
toml_datetime	0.7.5+spec-1.1.0	sentinel-hippocampus	0.1.0	sentinel-nightrun	0.1.0	normal:all	true	C	true
toml_datetime	0.7.5+spec-1.1.0	sentinel-limbo	0.1.0	sentinel-daemon	0.1.0	normal:all	true	A	true
toml_datetime	0.7.5+spec-1.1.0	sentinel-limbo	0.1.0	sentinel-dashboard-backend	0.1.0	normal:all	true	A	true
toml_datetime	0.7.5+spec-1.1.0	sentinel-limbo	0.1.0	sentinel-ecs	0.1.0	normal:all	true		true
toml_datetime	0.7.5+spec-1.1.0	sentinel-limbo	0.1.0	sentinel-gaia-loop	0.1.0	normal:all	true	A	true
toml_datetime	0.7.5+spec-1.1.0	sentinel-limbo	0.1.0	sentinel-gaia-memory	0.1.0	dev:all	true		true
toml_datetime	0.7.5+spec-1.1.0	sentinel-limbo	0.1.0	sentinel-nightrun	0.1.0	normal:all	true	C	true
toml_datetime	0.7.5+spec-1.1.0	sentinel-limbo	0.1.0	sentinel-projection	0.1.0	normal:all	true		true
toml_datetime	0.7.5+spec-1.1.0	sentinel-limbo	0.1.0	sentinel-projection-service	0.1.0	normal:all	true	A	true
toml_datetime	0.7.5+spec-1.1.0	sentinel-limbo	0.1.0	sentinel-runtime	0.1.0	dev:all;normal:all	true		true
toml_datetime	0.7.5+spec-1.1.0	sentinel-physics	0.1.0	sentinel-ecs	0.1.0	normal:all	true		true
toml_datetime	0.7.5+spec-1.1.0	sentinel-physics	0.1.0	sentinel-projection	0.1.0	normal:all	true		true
toml_datetime	0.7.5+spec-1.1.0	sentinel-projection	0.1.0	sentinel-daemon	0.1.0	normal:all	true	A	true
toml_datetime	0.7.5+spec-1.1.0	sentinel-projection	0.1.0	sentinel-dashboard-backend	0.1.0	normal:all	true	A	true
toml_datetime	0.7.5+spec-1.1.0	sentinel-projection	0.1.0	sentinel-gaia-memory	0.1.0	dev:all	true		true
toml_datetime	0.7.5+spec-1.1.0	sentinel-projection	0.1.0	sentinel-projection-service	0.1.0	normal:all	true	A	true
toml_datetime	0.7.5+spec-1.1.0	sentinel-redb	0.1.0	sentinel-daemon	0.1.0	normal:all	true	A	true
toml_datetime	0.7.5+spec-1.1.0	sentinel-redb	0.1.0	sentinel-ecs	0.1.0	normal:all	true		true
toml_datetime	0.7.5+spec-1.1.0	sentinel-runtime	0.1.0	sentinel-daemon	0.1.0	normal:all	true	A	true
toml_datetime	0.7.5+spec-1.1.0	sentinel-sandbox	0.1.0	sentinel-daemon	0.1.0	normal:all	true	A	true
toml_datetime	0.7.5+spec-1.1.0	sentinel-telemetry	0.1.0	sentinel-daemon	0.1.0	normal:all	true	A	true
toml_datetime	0.7.5+spec-1.1.0	sentinel-telemetry	0.1.0	sentinel-ecs	0.1.0	dev:all	true		true
toml_datetime	0.7.5+spec-1.1.0	sentinel-telemetry	0.1.0	sentinel-fs	0.1.0	normal:all	true		true
toml_datetime	0.7.5+spec-1.1.0	sentinel-telemetry	0.1.0	sentinel-limbo	0.1.0	normal:all	true		true
toml_datetime	0.7.5+spec-1.1.0	sentinel-telemetry	0.1.0	sentinel-nightrun	0.1.0	normal:all	true	C	true
toml_datetime	0.7.5+spec-1.1.0	sentinel-telemetry	0.1.0	sentinel-projection	0.1.0	normal:all	true		true
toml_datetime	0.7.5+spec-1.1.0	sentinel-telemetry	0.1.0	sentinel-projection-service	0.1.0	normal:all	true	A	true
toml_datetime	0.7.5+spec-1.1.0	sentinel-telemetry	0.1.0	sentinel-redb	0.1.0	normal:all	true		true
toml_datetime	0.7.5+spec-1.1.0	sentinel-telemetry	0.1.0	sentinel-zenoh	0.1.0	normal:all	true		true
toml_datetime	0.7.5+spec-1.1.0	sentinel-wasm	0.1.0	sentinel-daemon	0.1.0	normal:all	true	A	true
toml_datetime	0.7.5+spec-1.1.0	sentinel-wasm	0.1.0	sentinel-ecs	0.1.0	normal:all	true		true
toml_datetime	0.7.5+spec-1.1.0	sentinel-zenoh	0.1.0	sentinel-daemon	0.1.0	normal:all	true	A	true
toml_datetime	0.7.5+spec-1.1.0	sentinel-zenoh	0.1.0	sentinel-sandbox	0.1.0	normal:all	true		true
toml_datetime	0.7.5+spec-1.1.0	toml	0.9.12+spec-1.1.0	wasmtime-internal-cache	45.0.3	normal:all	false		true
toml_datetime	0.7.5+spec-1.1.0	toml_datetime	0.7.5+spec-1.1.0	toml	0.9.12+spec-1.1.0	normal:all	false		true
toml_datetime	0.7.5+spec-1.1.0	toml_datetime	0.7.5+spec-1.1.0	toml_edit	0.23.10+spec-1.0.0	normal:all	false		true
toml_datetime	0.7.5+spec-1.1.0	toml_edit	0.23.10+spec-1.0.0	bevy_macro_utils	0.18.0	normal:all	false		true
toml_datetime	0.7.5+spec-1.1.0	wasmtime	45.0.3	sentinel-wasm	0.1.0	normal:all	true		true
toml_datetime	0.7.5+spec-1.1.0	wasmtime	45.0.3	wasmtime-wasi	45.0.3	normal:all	false		true
toml_datetime	0.7.5+spec-1.1.0	wasmtime	45.0.3	wasmtime-wasi-io	45.0.3	normal:all	false		true
toml_datetime	0.7.5+spec-1.1.0	wasmtime	45.0.3	wiggle	45.0.3	normal:all	false		true
toml_datetime	0.7.5+spec-1.1.0	wasmtime-internal-cache	45.0.3	wasmtime	45.0.3	normal:all	false		true
toml_datetime	0.7.5+spec-1.1.0	wasmtime-wasi	45.0.3	sentinel-wasm	0.1.0	normal:all	true		true
toml_datetime	0.7.5+spec-1.1.0	wasmtime-wasi-io	45.0.3	wasmtime-wasi	45.0.3	normal:all	false		true
toml_datetime	0.7.5+spec-1.1.0	wiggle	45.0.3	wasmtime-wasi	45.0.3	normal:all	false		true
toml_datetime	1.0.0+spec-1.1.0	sentinel-bio	0.1.0	sentinel-ecs	0.1.0	normal:all	true		true
toml_datetime	1.0.0+spec-1.1.0	sentinel-cluster-control	0.1.0	sentinel-daemon	0.1.0	normal:all	true	A	true
toml_datetime	1.0.0+spec-1.1.0	sentinel-common	0.1.0	sentinel-bio	0.1.0	normal:all	true		true
toml_datetime	1.0.0+spec-1.1.0	sentinel-common	0.1.0	sentinel-cluster-control	0.1.0	normal:all	true		true
toml_datetime	1.0.0+spec-1.1.0	sentinel-common	0.1.0	sentinel-daemon	0.1.0	normal:all	true	A	true
toml_datetime	1.0.0+spec-1.1.0	sentinel-common	0.1.0	sentinel-dashboard-backend	0.1.0	normal:all	true	A	true
toml_datetime	1.0.0+spec-1.1.0	sentinel-common	0.1.0	sentinel-ebpf	0.1.0	normal:all	true		true
toml_datetime	1.0.0+spec-1.1.0	sentinel-common	0.1.0	sentinel-ecs	0.1.0	dev:all;normal:all	true		true
toml_datetime	1.0.0+spec-1.1.0	sentinel-common	0.1.0	sentinel-fs	0.1.0	normal:all	true		true
toml_datetime	1.0.0+spec-1.1.0	sentinel-common	0.1.0	sentinel-gaia	0.1.0	normal:all	true	B	true
toml_datetime	1.0.0+spec-1.1.0	sentinel-common	0.1.0	sentinel-gaia-loop	0.1.0	normal:all	true	A	true
toml_datetime	1.0.0+spec-1.1.0	sentinel-common	0.1.0	sentinel-hippocampus	0.1.0	normal:all	true		true
toml_datetime	1.0.0+spec-1.1.0	sentinel-common	0.1.0	sentinel-limbo	0.1.0	normal:all	true		true
toml_datetime	1.0.0+spec-1.1.0	sentinel-common	0.1.0	sentinel-microvm	0.1.0	dev:all;normal:all	true		true
toml_datetime	1.0.0+spec-1.1.0	sentinel-common	0.1.0	sentinel-nightrun	0.1.0	normal:all	true	C	true
toml_datetime	1.0.0+spec-1.1.0	sentinel-common	0.1.0	sentinel-physics	0.1.0	normal:all	true		true
toml_datetime	1.0.0+spec-1.1.0	sentinel-common	0.1.0	sentinel-projection	0.1.0	normal:all	true		true
toml_datetime	1.0.0+spec-1.1.0	sentinel-common	0.1.0	sentinel-projection-service	0.1.0	normal:all	true	A	true
toml_datetime	1.0.0+spec-1.1.0	sentinel-common	0.1.0	sentinel-redb	0.1.0	normal:all	true		true
toml_datetime	1.0.0+spec-1.1.0	sentinel-common	0.1.0	sentinel-runtime	0.1.0	dev:all;normal:all	true		true
toml_datetime	1.0.0+spec-1.1.0	sentinel-common	0.1.0	sentinel-sandbox	0.1.0	dev:all;normal:all	true		true
toml_datetime	1.0.0+spec-1.1.0	sentinel-common	0.1.0	sentinel-telemetry	0.1.0	normal:all	true		true
toml_datetime	1.0.0+spec-1.1.0	sentinel-common	0.1.0	sentinel-wasm	0.1.0	dev:all;normal:all	true		true
toml_datetime	1.0.0+spec-1.1.0	sentinel-common	0.1.0	sentinel-zenoh	0.1.0	dev:all;normal:all	true		true
toml_datetime	1.0.0+spec-1.1.0	sentinel-console-plane	0.1.0	sentinel-dashboard-backend	0.1.0	normal:all	true	A	true
toml_datetime	1.0.0+spec-1.1.0	sentinel-ebpf	0.1.0	sentinel-daemon	0.1.0	normal:all	true	A	true
toml_datetime	1.0.0+spec-1.1.0	sentinel-ecs	0.1.0	sentinel-daemon	0.1.0	normal:all	true	A	true
toml_datetime	1.0.0+spec-1.1.0	sentinel-ecs	0.1.0	sentinel-runtime	0.1.0	normal:all	true		true
toml_datetime	1.0.0+spec-1.1.0	sentinel-fs	0.1.0	sentinel-console-plane	0.1.0	normal:all	true		true
toml_datetime	1.0.0+spec-1.1.0	sentinel-fs	0.1.0	sentinel-daemon	0.1.0	normal:all	true	A	true
toml_datetime	1.0.0+spec-1.1.0	sentinel-fs	0.1.0	sentinel-microvm	0.1.0	normal:all	true		true
toml_datetime	1.0.0+spec-1.1.0	sentinel-fs	0.1.0	sentinel-sandbox	0.1.0	normal:all	true		true
toml_datetime	1.0.0+spec-1.1.0	sentinel-gaia	0.1.0	sentinel-dashboard-backend	0.1.0	normal:all	true	A	true
toml_datetime	1.0.0+spec-1.1.0	sentinel-gaia-loop	0.1.0	sentinel-dashboard-backend	0.1.0	normal:all	true	A	true
toml_datetime	1.0.0+spec-1.1.0	sentinel-hippocampus	0.1.0	sentinel-daemon	0.1.0	normal:all	true	A	true
toml_datetime	1.0.0+spec-1.1.0	sentinel-hippocampus	0.1.0	sentinel-gaia-memory	0.1.0	normal:all	true		true
toml_datetime	1.0.0+spec-1.1.0	sentinel-hippocampus	0.1.0	sentinel-nightrun	0.1.0	normal:all	true	C	true
toml_datetime	1.0.0+spec-1.1.0	sentinel-limbo	0.1.0	sentinel-daemon	0.1.0	normal:all	true	A	true
toml_datetime	1.0.0+spec-1.1.0	sentinel-limbo	0.1.0	sentinel-dashboard-backend	0.1.0	normal:all	true	A	true
toml_datetime	1.0.0+spec-1.1.0	sentinel-limbo	0.1.0	sentinel-ecs	0.1.0	normal:all	true		true
toml_datetime	1.0.0+spec-1.1.0	sentinel-limbo	0.1.0	sentinel-gaia-loop	0.1.0	normal:all	true	A	true
toml_datetime	1.0.0+spec-1.1.0	sentinel-limbo	0.1.0	sentinel-gaia-memory	0.1.0	dev:all	true		true
toml_datetime	1.0.0+spec-1.1.0	sentinel-limbo	0.1.0	sentinel-nightrun	0.1.0	normal:all	true	C	true
toml_datetime	1.0.0+spec-1.1.0	sentinel-limbo	0.1.0	sentinel-projection	0.1.0	normal:all	true		true
toml_datetime	1.0.0+spec-1.1.0	sentinel-limbo	0.1.0	sentinel-projection-service	0.1.0	normal:all	true	A	true
toml_datetime	1.0.0+spec-1.1.0	sentinel-limbo	0.1.0	sentinel-runtime	0.1.0	dev:all;normal:all	true		true
toml_datetime	1.0.0+spec-1.1.0	sentinel-physics	0.1.0	sentinel-ecs	0.1.0	normal:all	true		true
toml_datetime	1.0.0+spec-1.1.0	sentinel-physics	0.1.0	sentinel-projection	0.1.0	normal:all	true		true
toml_datetime	1.0.0+spec-1.1.0	sentinel-projection	0.1.0	sentinel-daemon	0.1.0	normal:all	true	A	true
toml_datetime	1.0.0+spec-1.1.0	sentinel-projection	0.1.0	sentinel-dashboard-backend	0.1.0	normal:all	true	A	true
toml_datetime	1.0.0+spec-1.1.0	sentinel-projection	0.1.0	sentinel-gaia-memory	0.1.0	dev:all	true		true
toml_datetime	1.0.0+spec-1.1.0	sentinel-projection	0.1.0	sentinel-projection-service	0.1.0	normal:all	true	A	true
toml_datetime	1.0.0+spec-1.1.0	sentinel-redb	0.1.0	sentinel-daemon	0.1.0	normal:all	true	A	true
toml_datetime	1.0.0+spec-1.1.0	sentinel-redb	0.1.0	sentinel-ecs	0.1.0	normal:all	true		true
toml_datetime	1.0.0+spec-1.1.0	sentinel-runtime	0.1.0	sentinel-daemon	0.1.0	normal:all	true	A	true
toml_datetime	1.0.0+spec-1.1.0	sentinel-sandbox	0.1.0	sentinel-daemon	0.1.0	normal:all	true	A	true
toml_datetime	1.0.0+spec-1.1.0	sentinel-telemetry	0.1.0	sentinel-daemon	0.1.0	normal:all	true	A	true
toml_datetime	1.0.0+spec-1.1.0	sentinel-telemetry	0.1.0	sentinel-ecs	0.1.0	dev:all	true		true
toml_datetime	1.0.0+spec-1.1.0	sentinel-telemetry	0.1.0	sentinel-fs	0.1.0	normal:all	true		true
toml_datetime	1.0.0+spec-1.1.0	sentinel-telemetry	0.1.0	sentinel-limbo	0.1.0	normal:all	true		true
toml_datetime	1.0.0+spec-1.1.0	sentinel-telemetry	0.1.0	sentinel-nightrun	0.1.0	normal:all	true	C	true
toml_datetime	1.0.0+spec-1.1.0	sentinel-telemetry	0.1.0	sentinel-projection	0.1.0	normal:all	true		true
toml_datetime	1.0.0+spec-1.1.0	sentinel-telemetry	0.1.0	sentinel-projection-service	0.1.0	normal:all	true	A	true
toml_datetime	1.0.0+spec-1.1.0	sentinel-telemetry	0.1.0	sentinel-redb	0.1.0	normal:all	true		true
toml_datetime	1.0.0+spec-1.1.0	sentinel-telemetry	0.1.0	sentinel-zenoh	0.1.0	normal:all	true		true
toml_datetime	1.0.0+spec-1.1.0	sentinel-wasm	0.1.0	sentinel-daemon	0.1.0	normal:all	true	A	true
toml_datetime	1.0.0+spec-1.1.0	sentinel-wasm	0.1.0	sentinel-ecs	0.1.0	normal:all	true		true
toml_datetime	1.0.0+spec-1.1.0	sentinel-zenoh	0.1.0	sentinel-daemon	0.1.0	normal:all	true	A	true
toml_datetime	1.0.0+spec-1.1.0	sentinel-zenoh	0.1.0	sentinel-sandbox	0.1.0	normal:all	true		true
toml_datetime	1.0.0+spec-1.1.0	toml	1.0.6+spec-1.1.0	sentinel-common	0.1.0	normal:all	true		true
toml_datetime	1.0.0+spec-1.1.0	toml	1.0.6+spec-1.1.0	sentinel-daemon	0.1.0	normal:all	true	A	true
toml_datetime	1.0.0+spec-1.1.0	toml	1.0.6+spec-1.1.0	sentinel-dashboard-backend	0.1.0	normal:all	true	A	true
toml_datetime	1.0.0+spec-1.1.0	toml	1.0.6+spec-1.1.0	sentinel-ecs	0.1.0	dev:all	true		true
toml_datetime	1.0.0+spec-1.1.0	toml	1.0.6+spec-1.1.0	sentinel-gaia	0.1.0	normal:all	true	B	true
toml_datetime	1.0.0+spec-1.1.0	toml	1.0.6+spec-1.1.0	sentinel-nightrun	0.1.0	normal:all	true	C	true
toml_datetime	1.0.0+spec-1.1.0	toml_datetime	1.0.0+spec-1.1.0	toml	1.0.6+spec-1.1.0	normal:all	false		true
toml_edit	0.20.2	aya-log	0.2.2	sentinel-ebpf	0.1.0	normal:all	true		true
toml_edit	0.20.2	aya-log-common	0.1.16	aya-log	0.2.2	normal:all	false		true
toml_edit	0.20.2	bolero	0.13.4	sentinel-bio	0.1.0	dev:all	true		true
toml_edit	0.20.2	bolero	0.13.4	sentinel-physics	0.1.0	dev:all	true		true
toml_edit	0.20.2	bolero-afl	0.13.0	bolero	0.13.4	normal:cfg(fuzzing_afl)	false		true
toml_edit	0.20.2	bolero-engine	0.13.4	bolero	0.13.4	normal:all;normal:cfg(fuzzing_random);normal:cfg(not(any(fuzzing, kani)))	false		true
toml_edit	0.20.2	bolero-engine	0.13.4	bolero-afl	0.13.0	normal:all	false		true
toml_edit	0.20.2	bolero-engine	0.13.4	bolero-honggfuzz	0.13.0	normal:all	false		true
toml_edit	0.20.2	bolero-engine	0.13.4	bolero-kani	0.13.0	normal:all	false		true
toml_edit	0.20.2	bolero-engine	0.13.4	bolero-libfuzzer	0.13.0	normal:all	false		true
toml_edit	0.20.2	bolero-generator	0.13.5	bolero	0.13.4	normal:all	false		true
toml_edit	0.20.2	bolero-generator	0.13.5	bolero-engine	0.13.4	normal:all	false		true
toml_edit	0.20.2	bolero-generator-derive	0.13.4	bolero-generator	0.13.5	normal:all	false		true
toml_edit	0.20.2	bolero-honggfuzz	0.13.0	bolero	0.13.4	normal:cfg(fuzzing_honggfuzz)	false		true
toml_edit	0.20.2	bolero-kani	0.13.0	bolero	0.13.4	normal:cfg(kani)	false		true
toml_edit	0.20.2	bolero-libfuzzer	0.13.0	bolero	0.13.4	normal:cfg(fuzzing_libfuzzer)	false		true
toml_edit	0.20.2	fuser	0.17.0	sentinel-fs	0.1.0	normal:all	true		true
toml_edit	0.20.2	num_enum	0.7.5	aya-log-common	0.1.16	normal:all	false		true
toml_edit	0.20.2	num_enum	0.7.5	fuser	0.17.0	normal:all	false		true
toml_edit	0.20.2	num_enum_derive	0.7.5	num_enum	0.7.5	normal:all	false		true
toml_edit	0.20.2	proc-macro-crate	2.0.2	bolero-generator-derive	0.13.4	normal:all	false		true
toml_edit	0.20.2	proc-macro-crate	2.0.2	num_enum_derive	0.7.5	normal:all	false		true
toml_edit	0.20.2	proc-macro-crate	2.0.2	stabby-macros	72.1.4	normal:all	false		true
toml_edit	0.20.2	sentinel-bio	0.1.0	sentinel-ecs	0.1.0	normal:all	true		true
toml_edit	0.20.2	sentinel-console-plane	0.1.0	sentinel-dashboard-backend	0.1.0	normal:all	true	A	true
toml_edit	0.20.2	sentinel-ebpf	0.1.0	sentinel-daemon	0.1.0	normal:all	true	A	true
toml_edit	0.20.2	sentinel-ecs	0.1.0	sentinel-daemon	0.1.0	normal:all	true	A	true
toml_edit	0.20.2	sentinel-ecs	0.1.0	sentinel-runtime	0.1.0	normal:all	true		true
toml_edit	0.20.2	sentinel-fs	0.1.0	sentinel-console-plane	0.1.0	normal:all	true		true
toml_edit	0.20.2	sentinel-fs	0.1.0	sentinel-daemon	0.1.0	normal:all	true	A	true
toml_edit	0.20.2	sentinel-fs	0.1.0	sentinel-microvm	0.1.0	normal:all	true		true
toml_edit	0.20.2	sentinel-fs	0.1.0	sentinel-sandbox	0.1.0	normal:all	true		true
toml_edit	0.20.2	sentinel-physics	0.1.0	sentinel-ecs	0.1.0	normal:all	true		true
toml_edit	0.20.2	sentinel-physics	0.1.0	sentinel-projection	0.1.0	normal:all	true		true
toml_edit	0.20.2	sentinel-projection	0.1.0	sentinel-daemon	0.1.0	normal:all	true	A	true
toml_edit	0.20.2	sentinel-projection	0.1.0	sentinel-dashboard-backend	0.1.0	normal:all	true	A	true
toml_edit	0.20.2	sentinel-projection	0.1.0	sentinel-gaia-memory	0.1.0	dev:all	true		true
toml_edit	0.20.2	sentinel-projection	0.1.0	sentinel-projection-service	0.1.0	normal:all	true	A	true
toml_edit	0.20.2	sentinel-runtime	0.1.0	sentinel-daemon	0.1.0	normal:all	true	A	true
toml_edit	0.20.2	sentinel-sandbox	0.1.0	sentinel-daemon	0.1.0	normal:all	true	A	true
toml_edit	0.20.2	sentinel-zenoh	0.1.0	sentinel-daemon	0.1.0	normal:all	true	A	true
toml_edit	0.20.2	sentinel-zenoh	0.1.0	sentinel-sandbox	0.1.0	normal:all	true		true
toml_edit	0.20.2	stabby	72.1.4	zenoh-plugin-trait	1.7.2	normal:all	false		true
toml_edit	0.20.2	stabby-abi	72.1.4	stabby	72.1.4	normal:all	false		true
toml_edit	0.20.2	stabby-macros	72.1.4	stabby-abi	72.1.4	normal:all	false		true
toml_edit	0.20.2	toml_edit	0.20.2	proc-macro-crate	2.0.2	normal:all	false		true
toml_edit	0.20.2	zenoh	1.7.2	sentinel-zenoh	0.1.0	normal:all	true		true
toml_edit	0.20.2	zenoh-plugin-trait	1.7.2	zenoh	1.7.2	normal:all	false		true
toml_edit	0.23.10+spec-1.0.0	bevy_ecs	0.18.1	sentinel-common	0.1.0	normal:all	true		true
toml_edit	0.23.10+spec-1.0.0	bevy_ecs	0.18.1	sentinel-daemon	0.1.0	normal:all	true	A	true
toml_edit	0.23.10+spec-1.0.0	bevy_ecs	0.18.1	sentinel-ecs	0.1.0	normal:all	true		true
toml_edit	0.23.10+spec-1.0.0	bevy_ecs	0.18.1	sentinel-runtime	0.1.0	normal:all	true		true
toml_edit	0.23.10+spec-1.0.0	bevy_ecs_macros	0.18.0	bevy_ecs	0.18.1	normal:all	false		true
toml_edit	0.23.10+spec-1.0.0	bevy_macro_utils	0.18.0	bevy_ecs_macros	0.18.0	normal:all	false		true
toml_edit	0.23.10+spec-1.0.0	bevy_macro_utils	0.18.0	bevy_reflect_derive	0.18.0	normal:all	false		true
toml_edit	0.23.10+spec-1.0.0	bevy_reflect	0.18.0	bevy_ecs	0.18.1	normal:all	false		true
toml_edit	0.23.10+spec-1.0.0	bevy_reflect_derive	0.18.0	bevy_reflect	0.18.0	normal:all	false		true
toml_edit	0.23.10+spec-1.0.0	sentinel-bio	0.1.0	sentinel-ecs	0.1.0	normal:all	true		true
toml_edit	0.23.10+spec-1.0.0	sentinel-cluster-control	0.1.0	sentinel-daemon	0.1.0	normal:all	true	A	true
toml_edit	0.23.10+spec-1.0.0	sentinel-common	0.1.0	sentinel-bio	0.1.0	normal:all	true		true
toml_edit	0.23.10+spec-1.0.0	sentinel-common	0.1.0	sentinel-cluster-control	0.1.0	normal:all	true		true
toml_edit	0.23.10+spec-1.0.0	sentinel-common	0.1.0	sentinel-daemon	0.1.0	normal:all	true	A	true
toml_edit	0.23.10+spec-1.0.0	sentinel-common	0.1.0	sentinel-dashboard-backend	0.1.0	normal:all	true	A	true
toml_edit	0.23.10+spec-1.0.0	sentinel-common	0.1.0	sentinel-ebpf	0.1.0	normal:all	true		true
toml_edit	0.23.10+spec-1.0.0	sentinel-common	0.1.0	sentinel-ecs	0.1.0	dev:all;normal:all	true		true
toml_edit	0.23.10+spec-1.0.0	sentinel-common	0.1.0	sentinel-fs	0.1.0	normal:all	true		true
toml_edit	0.23.10+spec-1.0.0	sentinel-common	0.1.0	sentinel-gaia	0.1.0	normal:all	true	B	true
toml_edit	0.23.10+spec-1.0.0	sentinel-common	0.1.0	sentinel-gaia-loop	0.1.0	normal:all	true	A	true
toml_edit	0.23.10+spec-1.0.0	sentinel-common	0.1.0	sentinel-hippocampus	0.1.0	normal:all	true		true
toml_edit	0.23.10+spec-1.0.0	sentinel-common	0.1.0	sentinel-limbo	0.1.0	normal:all	true		true
toml_edit	0.23.10+spec-1.0.0	sentinel-common	0.1.0	sentinel-microvm	0.1.0	dev:all;normal:all	true		true
toml_edit	0.23.10+spec-1.0.0	sentinel-common	0.1.0	sentinel-nightrun	0.1.0	normal:all	true	C	true
toml_edit	0.23.10+spec-1.0.0	sentinel-common	0.1.0	sentinel-physics	0.1.0	normal:all	true		true
toml_edit	0.23.10+spec-1.0.0	sentinel-common	0.1.0	sentinel-projection	0.1.0	normal:all	true		true
toml_edit	0.23.10+spec-1.0.0	sentinel-common	0.1.0	sentinel-projection-service	0.1.0	normal:all	true	A	true
toml_edit	0.23.10+spec-1.0.0	sentinel-common	0.1.0	sentinel-redb	0.1.0	normal:all	true		true
toml_edit	0.23.10+spec-1.0.0	sentinel-common	0.1.0	sentinel-runtime	0.1.0	dev:all;normal:all	true		true
toml_edit	0.23.10+spec-1.0.0	sentinel-common	0.1.0	sentinel-sandbox	0.1.0	dev:all;normal:all	true		true
toml_edit	0.23.10+spec-1.0.0	sentinel-common	0.1.0	sentinel-telemetry	0.1.0	normal:all	true		true
toml_edit	0.23.10+spec-1.0.0	sentinel-common	0.1.0	sentinel-wasm	0.1.0	dev:all;normal:all	true		true
toml_edit	0.23.10+spec-1.0.0	sentinel-common	0.1.0	sentinel-zenoh	0.1.0	dev:all;normal:all	true		true
toml_edit	0.23.10+spec-1.0.0	sentinel-console-plane	0.1.0	sentinel-dashboard-backend	0.1.0	normal:all	true	A	true
toml_edit	0.23.10+spec-1.0.0	sentinel-ebpf	0.1.0	sentinel-daemon	0.1.0	normal:all	true	A	true
toml_edit	0.23.10+spec-1.0.0	sentinel-ecs	0.1.0	sentinel-daemon	0.1.0	normal:all	true	A	true
toml_edit	0.23.10+spec-1.0.0	sentinel-ecs	0.1.0	sentinel-runtime	0.1.0	normal:all	true		true
toml_edit	0.23.10+spec-1.0.0	sentinel-fs	0.1.0	sentinel-console-plane	0.1.0	normal:all	true		true
toml_edit	0.23.10+spec-1.0.0	sentinel-fs	0.1.0	sentinel-daemon	0.1.0	normal:all	true	A	true
toml_edit	0.23.10+spec-1.0.0	sentinel-fs	0.1.0	sentinel-microvm	0.1.0	normal:all	true		true
toml_edit	0.23.10+spec-1.0.0	sentinel-fs	0.1.0	sentinel-sandbox	0.1.0	normal:all	true		true
toml_edit	0.23.10+spec-1.0.0	sentinel-gaia	0.1.0	sentinel-dashboard-backend	0.1.0	normal:all	true	A	true
toml_edit	0.23.10+spec-1.0.0	sentinel-gaia-loop	0.1.0	sentinel-dashboard-backend	0.1.0	normal:all	true	A	true
toml_edit	0.23.10+spec-1.0.0	sentinel-hippocampus	0.1.0	sentinel-daemon	0.1.0	normal:all	true	A	true
toml_edit	0.23.10+spec-1.0.0	sentinel-hippocampus	0.1.0	sentinel-gaia-memory	0.1.0	normal:all	true		true
toml_edit	0.23.10+spec-1.0.0	sentinel-hippocampus	0.1.0	sentinel-nightrun	0.1.0	normal:all	true	C	true
toml_edit	0.23.10+spec-1.0.0	sentinel-limbo	0.1.0	sentinel-daemon	0.1.0	normal:all	true	A	true
toml_edit	0.23.10+spec-1.0.0	sentinel-limbo	0.1.0	sentinel-dashboard-backend	0.1.0	normal:all	true	A	true
toml_edit	0.23.10+spec-1.0.0	sentinel-limbo	0.1.0	sentinel-ecs	0.1.0	normal:all	true		true
toml_edit	0.23.10+spec-1.0.0	sentinel-limbo	0.1.0	sentinel-gaia-loop	0.1.0	normal:all	true	A	true
toml_edit	0.23.10+spec-1.0.0	sentinel-limbo	0.1.0	sentinel-gaia-memory	0.1.0	dev:all	true		true
toml_edit	0.23.10+spec-1.0.0	sentinel-limbo	0.1.0	sentinel-nightrun	0.1.0	normal:all	true	C	true
toml_edit	0.23.10+spec-1.0.0	sentinel-limbo	0.1.0	sentinel-projection	0.1.0	normal:all	true		true
toml_edit	0.23.10+spec-1.0.0	sentinel-limbo	0.1.0	sentinel-projection-service	0.1.0	normal:all	true	A	true
toml_edit	0.23.10+spec-1.0.0	sentinel-limbo	0.1.0	sentinel-runtime	0.1.0	dev:all;normal:all	true		true
toml_edit	0.23.10+spec-1.0.0	sentinel-physics	0.1.0	sentinel-ecs	0.1.0	normal:all	true		true
toml_edit	0.23.10+spec-1.0.0	sentinel-physics	0.1.0	sentinel-projection	0.1.0	normal:all	true		true
toml_edit	0.23.10+spec-1.0.0	sentinel-projection	0.1.0	sentinel-daemon	0.1.0	normal:all	true	A	true
toml_edit	0.23.10+spec-1.0.0	sentinel-projection	0.1.0	sentinel-dashboard-backend	0.1.0	normal:all	true	A	true
toml_edit	0.23.10+spec-1.0.0	sentinel-projection	0.1.0	sentinel-gaia-memory	0.1.0	dev:all	true		true
toml_edit	0.23.10+spec-1.0.0	sentinel-projection	0.1.0	sentinel-projection-service	0.1.0	normal:all	true	A	true
toml_edit	0.23.10+spec-1.0.0	sentinel-redb	0.1.0	sentinel-daemon	0.1.0	normal:all	true	A	true
toml_edit	0.23.10+spec-1.0.0	sentinel-redb	0.1.0	sentinel-ecs	0.1.0	normal:all	true		true
toml_edit	0.23.10+spec-1.0.0	sentinel-runtime	0.1.0	sentinel-daemon	0.1.0	normal:all	true	A	true
toml_edit	0.23.10+spec-1.0.0	sentinel-sandbox	0.1.0	sentinel-daemon	0.1.0	normal:all	true	A	true
toml_edit	0.23.10+spec-1.0.0	sentinel-telemetry	0.1.0	sentinel-daemon	0.1.0	normal:all	true	A	true
toml_edit	0.23.10+spec-1.0.0	sentinel-telemetry	0.1.0	sentinel-ecs	0.1.0	dev:all	true		true
toml_edit	0.23.10+spec-1.0.0	sentinel-telemetry	0.1.0	sentinel-fs	0.1.0	normal:all	true		true
toml_edit	0.23.10+spec-1.0.0	sentinel-telemetry	0.1.0	sentinel-limbo	0.1.0	normal:all	true		true
toml_edit	0.23.10+spec-1.0.0	sentinel-telemetry	0.1.0	sentinel-nightrun	0.1.0	normal:all	true	C	true
toml_edit	0.23.10+spec-1.0.0	sentinel-telemetry	0.1.0	sentinel-projection	0.1.0	normal:all	true		true
toml_edit	0.23.10+spec-1.0.0	sentinel-telemetry	0.1.0	sentinel-projection-service	0.1.0	normal:all	true	A	true
toml_edit	0.23.10+spec-1.0.0	sentinel-telemetry	0.1.0	sentinel-redb	0.1.0	normal:all	true		true
toml_edit	0.23.10+spec-1.0.0	sentinel-telemetry	0.1.0	sentinel-zenoh	0.1.0	normal:all	true		true
toml_edit	0.23.10+spec-1.0.0	sentinel-wasm	0.1.0	sentinel-daemon	0.1.0	normal:all	true	A	true
toml_edit	0.23.10+spec-1.0.0	sentinel-wasm	0.1.0	sentinel-ecs	0.1.0	normal:all	true		true
toml_edit	0.23.10+spec-1.0.0	sentinel-zenoh	0.1.0	sentinel-daemon	0.1.0	normal:all	true	A	true
toml_edit	0.23.10+spec-1.0.0	sentinel-zenoh	0.1.0	sentinel-sandbox	0.1.0	normal:all	true		true
toml_edit	0.23.10+spec-1.0.0	toml_edit	0.23.10+spec-1.0.0	bevy_macro_utils	0.18.0	normal:all	false		true
wasm-encoder	0.244.0	ahash	0.8.12	hashbrown	0.14.5	normal:all	false		true
wasm-encoder	0.244.0	ahash	0.8.12	zenoh	1.7.2	normal:all	false		true
wasm-encoder	0.244.0	ahash	0.8.12	zenoh-collections	1.7.2	normal:all	false		true
wasm-encoder	0.244.0	alloca	0.4.0	criterion	0.8.2	normal:cfg(any(windows, unix))	false		true
wasm-encoder	0.244.0	async-nats	0.47.0	sentinel-daemon	0.1.0	normal:all	true	A	true
wasm-encoder	0.244.0	async-nats	0.47.0	sentinel-dashboard-backend	0.1.0	normal:all	true	A	true
wasm-encoder	0.244.0	async-nats	0.47.0	sentinel-gaia-loop	0.1.0	normal:all	true	A	true
wasm-encoder	0.244.0	aws-lc-rs	1.17.0	rustls	0.23.37	normal:all	false		true
wasm-encoder	0.244.0	aws-lc-rs	1.17.0	rustls-webpki	0.103.13	normal:all	false		true
wasm-encoder	0.244.0	aws-lc-sys	0.41.0	aws-lc-rs	1.17.0	normal:all	false		true
wasm-encoder	0.244.0	axum-server	0.7.3	sentinel-dashboard-backend	0.1.0	normal:all	true	A	true
wasm-encoder	0.244.0	bevy_ecs	0.18.1	sentinel-common	0.1.0	normal:all	true		true
wasm-encoder	0.244.0	bevy_ecs	0.18.1	sentinel-daemon	0.1.0	normal:all	true	A	true
wasm-encoder	0.244.0	bevy_ecs	0.18.1	sentinel-ecs	0.1.0	normal:all	true		true
wasm-encoder	0.244.0	bevy_ecs	0.18.1	sentinel-runtime	0.1.0	normal:all	true		true
wasm-encoder	0.244.0	bevy_reflect	0.18.0	bevy_ecs	0.18.1	normal:all	false		true
wasm-encoder	0.244.0	bevy_reflect_derive	0.18.0	bevy_reflect	0.18.0	normal:all	false		true
wasm-encoder	0.244.0	blake3	1.8.3	sentinel-fs	0.1.0	normal:all	true		true
wasm-encoder	0.244.0	blake3	1.8.3	sentinel-gaia	0.1.0	normal:all	true	B	true
wasm-encoder	0.244.0	bolero	0.13.4	sentinel-bio	0.1.0	dev:all	true		true
wasm-encoder	0.244.0	bolero	0.13.4	sentinel-physics	0.1.0	dev:all	true		true
wasm-encoder	0.244.0	bolero-afl	0.13.0	bolero	0.13.4	normal:cfg(fuzzing_afl)	false		true
wasm-encoder	0.244.0	bolero-engine	0.13.4	bolero	0.13.4	normal:all;normal:cfg(fuzzing_random);normal:cfg(not(any(fuzzing, kani)))	false		true
wasm-encoder	0.244.0	bolero-engine	0.13.4	bolero-afl	0.13.0	normal:all	false		true
wasm-encoder	0.244.0	bolero-engine	0.13.4	bolero-honggfuzz	0.13.0	normal:all	false		true
wasm-encoder	0.244.0	bolero-engine	0.13.4	bolero-kani	0.13.0	normal:all	false		true
wasm-encoder	0.244.0	bolero-engine	0.13.4	bolero-libfuzzer	0.13.0	normal:all	false		true
wasm-encoder	0.244.0	bolero-generator	0.13.5	bolero	0.13.4	normal:all	false		true
wasm-encoder	0.244.0	bolero-generator	0.13.5	bolero-engine	0.13.4	normal:all	false		true
wasm-encoder	0.244.0	bolero-honggfuzz	0.13.0	bolero	0.13.4	normal:cfg(fuzzing_honggfuzz)	false		true
wasm-encoder	0.244.0	bolero-kani	0.13.0	bolero	0.13.4	normal:cfg(kani)	false		true
wasm-encoder	0.244.0	bolero-libfuzzer	0.13.0	bolero	0.13.4	normal:cfg(fuzzing_libfuzzer)	false		true
wasm-encoder	0.244.0	cap-time-ext	3.4.5	wasmtime-wasi	45.0.3	normal:all	false		true
wasm-encoder	0.244.0	cc	1.2.56	alloca	0.4.0	build:all	false		true
wasm-encoder	0.244.0	cc	1.2.56	aws-lc-sys	0.41.0	build:all	false		true
wasm-encoder	0.244.0	cc	1.2.56	blake3	1.8.3	build:all	false		true
wasm-encoder	0.244.0	cc	1.2.56	bolero-afl	0.13.0	build:all	false		true
wasm-encoder	0.244.0	cc	1.2.56	bolero-libfuzzer	0.13.0	build:all	false		true
wasm-encoder	0.244.0	cc	1.2.56	cmake	0.1.58	normal:all	false		true
wasm-encoder	0.244.0	cc	1.2.56	iana-time-zone-haiku	0.1.2	build:all	false		true
wasm-encoder	0.244.0	cc	1.2.56	ittapi-sys	0.4.0	build:all	false		true
wasm-encoder	0.244.0	cc	1.2.56	libsqlite3-sys	0.36.0	build:all	false		true
wasm-encoder	0.244.0	cc	1.2.56	ring	0.17.14	build:all	false		true
wasm-encoder	0.244.0	cc	1.2.56	sqlite-wasm-rs	0.5.2	build:all	false		true
wasm-encoder	0.244.0	cc	1.2.56	wasmtime	45.0.3	build:all	false		true
wasm-encoder	0.244.0	cc	1.2.56	wasmtime-internal-fiber	45.0.3	build:all	false		true
wasm-encoder	0.244.0	cc	1.2.56	wasmtime-internal-jit-debug	45.0.3	build:all	false		true
wasm-encoder	0.244.0	cc	1.2.56	zstd-sys	2.0.16+zstd.1.5.7	build:all	false		true
wasm-encoder	0.244.0	chrono	0.4.44	sentinel-daemon	0.1.0	normal:all	true	A	true
wasm-encoder	0.244.0	chrono	0.4.44	serde_with	3.17.0	normal:all	false		false
wasm-encoder	0.244.0	cmake	0.1.58	aws-lc-sys	0.41.0	build:all	false		true
wasm-encoder	0.244.0	criterion	0.8.2	sentinel-daemon	0.1.0	dev:all	true	A	true
wasm-encoder	0.244.0	criterion	0.8.2	sentinel-ecs	0.1.0	dev:all	true		true
wasm-encoder	0.244.0	criterion	0.8.2	sentinel-fs	0.1.0	dev:all	true		true
wasm-encoder	0.244.0	criterion	0.8.2	sentinel-gaia-memory	0.1.0	dev:all	true		true
wasm-encoder	0.244.0	criterion	0.8.2	sentinel-hippocampus	0.1.0	dev:all	true		true
wasm-encoder	0.244.0	criterion	0.8.2	sentinel-limbo	0.1.0	dev:all	true		true
wasm-encoder	0.244.0	criterion	0.8.2	sentinel-nightrun	0.1.0	dev:all	true	C	true
wasm-encoder	0.244.0	criterion	0.8.2	sentinel-projection	0.1.0	dev:all	true		true
wasm-encoder	0.244.0	criterion	0.8.2	sentinel-runtime	0.1.0	dev:all	true		true
wasm-encoder	0.244.0	criterion	0.8.2	sentinel-sandbox	0.1.0	dev:all	true		true
wasm-encoder	0.244.0	criterion	0.8.2	sentinel-wasm	0.1.0	dev:all	true		true
wasm-encoder	0.244.0	debugid	0.8.0	fxprof-processed-profile	0.8.1	normal:all	false		true
wasm-encoder	0.244.0	fastbloom	0.14.1	quinn-proto	0.11.15	normal:all	false		true
wasm-encoder	0.244.0	fxprof-processed-profile	0.8.1	wasmtime	45.0.3	normal:all	false		true
wasm-encoder	0.244.0	getrandom	0.3.4	ahash	0.8.12	normal:all	false		true
wasm-encoder	0.244.0	getrandom	0.3.4	bolero-generator	0.13.5	normal:all	false		true
wasm-encoder	0.244.0	getrandom	0.3.4	fastbloom	0.14.1	normal:all	false		true
wasm-encoder	0.244.0	getrandom	0.3.4	jobserver	0.1.34	normal:cfg(windows)	false		true
wasm-encoder	0.244.0	getrandom	0.3.4	quinn-proto	0.11.15	"normal:cfg(all(target_family = ""wasm"", target_os = ""unknown""))"	false		true
wasm-encoder	0.244.0	getrandom	0.3.4	rand_core	0.9.5	normal:all	false		true
wasm-encoder	0.244.0	getrandom	0.4.1	rand	0.10.1	normal:all	false		true
wasm-encoder	0.244.0	getrandom	0.4.1	tempfile	3.27.0	"normal:cfg(any(unix, windows, target_os = ""wasi""))"	false		true
wasm-encoder	0.244.0	getrandom	0.4.1	uuid	1.22.0	"normal:cfg(not(all(target_arch = ""wasm32"", any(target_os = ""unknown"", target_os = ""none""))))"	false		true
wasm-encoder	0.244.0	hashbrown	0.14.5	keyed-set	1.1.0	normal:all	false		true
wasm-encoder	0.244.0	hyper-rustls	0.27.7	reqwest	0.12.28	"normal:cfg(not(target_arch = ""wasm32""))"	false		true
wasm-encoder	0.244.0	iana-time-zone	0.1.65	cap-time-ext	3.4.5	normal:all	false		true
wasm-encoder	0.244.0	iana-time-zone	0.1.65	chrono	0.4.44	normal:cfg(unix)	false		true
wasm-encoder	0.244.0	iana-time-zone-haiku	0.1.2	iana-time-zone	0.1.65	"normal:cfg(target_os = ""haiku"")"	false		true
wasm-encoder	0.244.0	insta	1.46.3	sentinel-ecs	0.1.0	dev:all	true		true
wasm-encoder	0.244.0	insta	1.46.3	sentinel-physics	0.1.0	dev:all	true		true
wasm-encoder	0.244.0	ittapi	0.4.0	wasmtime	45.0.3	"normal:cfg(all(target_arch = ""x86_64"", target_os = ""linux""));normal:cfg(all(target_arch = ""x86_64"", target_os = ""macos""));normal:cfg(all(target_arch = ""x86_64"", target_os = ""windows""))"	false		true
wasm-encoder	0.244.0	ittapi-sys	0.4.0	ittapi	0.4.0	normal:all	false		true
wasm-encoder	0.244.0	jobserver	0.1.34	cc	1.2.56	normal:all	false		true
wasm-encoder	0.244.0	keyed-set	1.1.0	zenoh-keyexpr	1.7.2	normal:all	false		true
wasm-encoder	0.244.0	libsqlite3-sys	0.36.0	rusqlite	0.38.0	"normal:cfg(not(all(target_family = ""wasm"", target_os = ""unknown"")))"	false		true
wasm-encoder	0.244.0	quinn	0.11.9	reqwest	0.12.28	"normal:cfg(not(target_arch = ""wasm32""))"	false		false
wasm-encoder	0.244.0	quinn	0.11.9	sentinel-cluster-control	0.1.0	normal:all	true		true
wasm-encoder	0.244.0	quinn	0.11.9	wtransport	0.6.1	normal:all	false		true
wasm-encoder	0.244.0	quinn	0.11.9	zenoh-link-commons	1.7.2	normal:all	false		true
wasm-encoder	0.244.0	quinn	0.11.9	zenoh-link-quic	1.7.2	normal:all	false		true
wasm-encoder	0.244.0	quinn	0.11.9	zenoh-link-quic_datagram	1.7.2	normal:all	false		true
wasm-encoder	0.244.0	quinn-proto	0.11.15	quinn	0.11.9	normal:all	false		true
wasm-encoder	0.244.0	rand	0.10.1	wasmtime-wasi	45.0.3	normal:all	false		true
wasm-encoder	0.244.0	rand	0.9.4	bolero	0.13.4	normal:cfg(fuzzing_random);normal:cfg(not(any(fuzzing, kani)))	false		true
wasm-encoder	0.244.0	rand	0.9.4	bolero-engine	0.13.4	normal:all	false		true
wasm-encoder	0.244.0	rand	0.9.4	fastbloom	0.14.1	normal:all	false		true
wasm-encoder	0.244.0	rand	0.9.4	quinn-proto	0.11.15	normal:all	false		true
wasm-encoder	0.244.0	rand_chacha	0.9.0	rand	0.9.4	normal:all	false		true
wasm-encoder	0.244.0	rand_core	0.9.5	bolero-generator	0.13.5	normal:all	false		true
wasm-encoder	0.244.0	rand_core	0.9.5	rand	0.9.4	normal:all	false		true
wasm-encoder	0.244.0	rand_core	0.9.5	rand_chacha	0.9.0	normal:all	false		true
wasm-encoder	0.244.0	rand_core	0.9.5	rand_xoshiro	0.7.0	normal:all	false		true
wasm-encoder	0.244.0	rand_xoshiro	0.7.0	bolero-engine	0.13.4	normal:all	false		true
wasm-encoder	0.244.0	rand_xoshiro	0.7.0	bolero-generator	0.13.5	normal:all	false		true
wasm-encoder	0.244.0	rcgen	0.13.2	sentinel-cluster-control	0.1.0	normal:all	true		true
wasm-encoder	0.244.0	rcgen	0.13.2	sentinel-dashboard-backend	0.1.0	normal:all	true	A	true
wasm-encoder	0.244.0	rcgen	0.13.2	wtransport	0.6.1	normal:all	false		true
wasm-encoder	0.244.0	reqwest	0.12.28	sentinel-ctl	0.1.0	normal:all	true	B	true
wasm-encoder	0.244.0	reqwest	0.12.28	sentinel-daemon	0.1.0	normal:all	true	A	true
wasm-encoder	0.244.0	reqwest	0.12.28	sentinel-dashboard-backend	0.1.0	normal:all	true	A	true
wasm-encoder	0.244.0	ring	0.17.14	async-nats	0.47.0	normal:all	false		true
wasm-encoder	0.244.0	ring	0.17.14	quinn-proto	0.11.15	"normal:all;normal:cfg(all(target_family = ""wasm"", target_os = ""unknown""))"	false		true
wasm-encoder	0.244.0	ring	0.17.14	rcgen	0.13.2	normal:all	false		true
wasm-encoder	0.244.0	ring	0.17.14	rustls	0.23.37	normal:all	false		true
wasm-encoder	0.244.0	ring	0.17.14	rustls-webpki	0.103.13	normal:all	false		true
wasm-encoder	0.244.0	ring	0.17.14	tokio-websockets	0.10.1	normal:all	false		true
wasm-encoder	0.244.0	rusqlite	0.38.0	sentinel-dashboard-backend	0.1.0	normal:all	true	A	true
wasm-encoder	0.244.0	rusqlite	0.38.0	sentinel-gaia-memory	0.1.0	normal:all	true		true
wasm-encoder	0.244.0	rusqlite	0.38.0	sentinel-limbo	0.1.0	dev:all;normal:all	true		true
wasm-encoder	0.244.0	rusqlite	0.38.0	sentinel-nightrun	0.1.0	normal:all	true	C	true
wasm-encoder	0.244.0	rusqlite	0.38.0	sentinel-projection	0.1.0	normal:all	true		true
wasm-encoder	0.244.0	rustls	0.23.37	axum-server	0.7.3	normal:all	false		true
wasm-encoder	0.244.0	rustls	0.23.37	hyper-rustls	0.27.7	normal:all	false		true
wasm-encoder	0.244.0	rustls	0.23.37	quinn	0.11.9	normal:all	false		true
wasm-encoder	0.244.0	rustls	0.23.37	quinn-proto	0.11.15	normal:all	false		true
wasm-encoder	0.244.0	rustls	0.23.37	reqwest	0.12.28	"normal:cfg(not(target_arch = ""wasm32""))"	false		true
wasm-encoder	0.244.0	rustls	0.23.37	rustls-platform-verifier	0.6.2	normal:all	false		true
wasm-encoder	0.244.0	rustls	0.23.37	sentinel-cluster-control	0.1.0	normal:all	true		true
wasm-encoder	0.244.0	rustls	0.23.37	sentinel-dashboard-backend	0.1.0	normal:all	true	A	true
wasm-encoder	0.244.0	rustls	0.23.37	tokio-rustls	0.26.4	normal:all	false		true
wasm-encoder	0.244.0	rustls	0.23.37	wtransport	0.6.1	normal:all	false		true
wasm-encoder	0.244.0	rustls	0.23.37	zenoh-link-commons	1.7.2	normal:all	false		true
wasm-encoder	0.244.0	rustls	0.23.37	zenoh-link-quic	1.7.2	normal:all	false		true
wasm-encoder	0.244.0	rustls	0.23.37	zenoh-link-quic_datagram	1.7.2	normal:all	false		true
wasm-encoder	0.244.0	rustls	0.23.37	zenoh-link-tls	1.7.2	normal:all	false		true
wasm-encoder	0.244.0	rustls-platform-verifier	0.6.2	quinn-proto	0.11.15	normal:all	false		true
wasm-encoder	0.244.0	rustls-webpki	0.103.13	async-nats	0.47.0	normal:all	false		true
wasm-encoder	0.244.0	rustls-webpki	0.103.13	rustls	0.23.37	normal:all	false		true
wasm-encoder	0.244.0	rustls-webpki	0.103.13	rustls-platform-verifier	0.6.2	"normal:cfg(all(unix, not(target_os = ""android""), not(target_vendor = ""apple""), not(target_arch = ""wasm32"")));normal:cfg(target_arch = ""wasm32"");normal:cfg(target_os = ""android"")"	false		true
wasm-encoder	0.244.0	rustls-webpki	0.103.13	zenoh-link-commons	1.7.2	normal:all	false		true
wasm-encoder	0.244.0	rustls-webpki	0.103.13	zenoh-link-quic	1.7.2	normal:all	false		true
wasm-encoder	0.244.0	rustls-webpki	0.103.13	zenoh-link-quic_datagram	1.7.2	normal:all	false		true
wasm-encoder	0.244.0	rustls-webpki	0.103.13	zenoh-link-tls	1.7.2	normal:all	false		true
wasm-encoder	0.244.0	sentinel-bio	0.1.0	sentinel-ecs	0.1.0	normal:all	true		true
wasm-encoder	0.244.0	sentinel-cluster-control	0.1.0	sentinel-daemon	0.1.0	normal:all	true	A	true
wasm-encoder	0.244.0	sentinel-common	0.1.0	sentinel-bio	0.1.0	normal:all	true		true
wasm-encoder	0.244.0	sentinel-common	0.1.0	sentinel-cluster-control	0.1.0	normal:all	true		true
wasm-encoder	0.244.0	sentinel-common	0.1.0	sentinel-daemon	0.1.0	normal:all	true	A	true
wasm-encoder	0.244.0	sentinel-common	0.1.0	sentinel-dashboard-backend	0.1.0	normal:all	true	A	true
wasm-encoder	0.244.0	sentinel-common	0.1.0	sentinel-ebpf	0.1.0	normal:all	true		true
wasm-encoder	0.244.0	sentinel-common	0.1.0	sentinel-ecs	0.1.0	dev:all;normal:all	true		true
wasm-encoder	0.244.0	sentinel-common	0.1.0	sentinel-fs	0.1.0	normal:all	true		true
wasm-encoder	0.244.0	sentinel-common	0.1.0	sentinel-gaia	0.1.0	normal:all	true	B	true
wasm-encoder	0.244.0	sentinel-common	0.1.0	sentinel-gaia-loop	0.1.0	normal:all	true	A	true
wasm-encoder	0.244.0	sentinel-common	0.1.0	sentinel-hippocampus	0.1.0	normal:all	true		true
wasm-encoder	0.244.0	sentinel-common	0.1.0	sentinel-limbo	0.1.0	normal:all	true		true
wasm-encoder	0.244.0	sentinel-common	0.1.0	sentinel-microvm	0.1.0	dev:all;normal:all	true		true
wasm-encoder	0.244.0	sentinel-common	0.1.0	sentinel-nightrun	0.1.0	normal:all	true	C	true
wasm-encoder	0.244.0	sentinel-common	0.1.0	sentinel-physics	0.1.0	normal:all	true		true
wasm-encoder	0.244.0	sentinel-common	0.1.0	sentinel-projection	0.1.0	normal:all	true		true
wasm-encoder	0.244.0	sentinel-common	0.1.0	sentinel-projection-service	0.1.0	normal:all	true	A	true
wasm-encoder	0.244.0	sentinel-common	0.1.0	sentinel-redb	0.1.0	normal:all	true		true
wasm-encoder	0.244.0	sentinel-common	0.1.0	sentinel-runtime	0.1.0	dev:all;normal:all	true		true
wasm-encoder	0.244.0	sentinel-common	0.1.0	sentinel-sandbox	0.1.0	dev:all;normal:all	true		true
wasm-encoder	0.244.0	sentinel-common	0.1.0	sentinel-telemetry	0.1.0	normal:all	true		true
wasm-encoder	0.244.0	sentinel-common	0.1.0	sentinel-wasm	0.1.0	dev:all;normal:all	true		true
wasm-encoder	0.244.0	sentinel-common	0.1.0	sentinel-zenoh	0.1.0	dev:all;normal:all	true		true
wasm-encoder	0.244.0	sentinel-console-plane	0.1.0	sentinel-dashboard-backend	0.1.0	normal:all	true	A	true
wasm-encoder	0.244.0	sentinel-ebpf	0.1.0	sentinel-daemon	0.1.0	normal:all	true	A	true
wasm-encoder	0.244.0	sentinel-ecs	0.1.0	sentinel-daemon	0.1.0	normal:all	true	A	true
wasm-encoder	0.244.0	sentinel-ecs	0.1.0	sentinel-runtime	0.1.0	normal:all	true		true
wasm-encoder	0.244.0	sentinel-fs	0.1.0	sentinel-console-plane	0.1.0	normal:all	true		true
wasm-encoder	0.244.0	sentinel-fs	0.1.0	sentinel-daemon	0.1.0	normal:all	true	A	true
wasm-encoder	0.244.0	sentinel-fs	0.1.0	sentinel-microvm	0.1.0	normal:all	true		true
wasm-encoder	0.244.0	sentinel-fs	0.1.0	sentinel-sandbox	0.1.0	normal:all	true		true
wasm-encoder	0.244.0	sentinel-gaia	0.1.0	sentinel-dashboard-backend	0.1.0	normal:all	true	A	true
wasm-encoder	0.244.0	sentinel-gaia-loop	0.1.0	sentinel-dashboard-backend	0.1.0	normal:all	true	A	true
wasm-encoder	0.244.0	sentinel-hippocampus	0.1.0	sentinel-daemon	0.1.0	normal:all	true	A	true
wasm-encoder	0.244.0	sentinel-hippocampus	0.1.0	sentinel-gaia-memory	0.1.0	normal:all	true		true
wasm-encoder	0.244.0	sentinel-hippocampus	0.1.0	sentinel-nightrun	0.1.0	normal:all	true	C	true
wasm-encoder	0.244.0	sentinel-limbo	0.1.0	sentinel-daemon	0.1.0	normal:all	true	A	true
wasm-encoder	0.244.0	sentinel-limbo	0.1.0	sentinel-dashboard-backend	0.1.0	normal:all	true	A	true
wasm-encoder	0.244.0	sentinel-limbo	0.1.0	sentinel-ecs	0.1.0	normal:all	true		true
wasm-encoder	0.244.0	sentinel-limbo	0.1.0	sentinel-gaia-loop	0.1.0	normal:all	true	A	true
wasm-encoder	0.244.0	sentinel-limbo	0.1.0	sentinel-gaia-memory	0.1.0	dev:all	true		true
wasm-encoder	0.244.0	sentinel-limbo	0.1.0	sentinel-nightrun	0.1.0	normal:all	true	C	true
wasm-encoder	0.244.0	sentinel-limbo	0.1.0	sentinel-projection	0.1.0	normal:all	true		true
wasm-encoder	0.244.0	sentinel-limbo	0.1.0	sentinel-projection-service	0.1.0	normal:all	true	A	true
wasm-encoder	0.244.0	sentinel-limbo	0.1.0	sentinel-runtime	0.1.0	dev:all;normal:all	true		true
wasm-encoder	0.244.0	sentinel-physics	0.1.0	sentinel-ecs	0.1.0	normal:all	true		true
wasm-encoder	0.244.0	sentinel-physics	0.1.0	sentinel-projection	0.1.0	normal:all	true		true
wasm-encoder	0.244.0	sentinel-projection	0.1.0	sentinel-daemon	0.1.0	normal:all	true	A	true
wasm-encoder	0.244.0	sentinel-projection	0.1.0	sentinel-dashboard-backend	0.1.0	normal:all	true	A	true
wasm-encoder	0.244.0	sentinel-projection	0.1.0	sentinel-gaia-memory	0.1.0	dev:all	true		true
wasm-encoder	0.244.0	sentinel-projection	0.1.0	sentinel-projection-service	0.1.0	normal:all	true	A	true
wasm-encoder	0.244.0	sentinel-redb	0.1.0	sentinel-daemon	0.1.0	normal:all	true	A	true
wasm-encoder	0.244.0	sentinel-redb	0.1.0	sentinel-ecs	0.1.0	normal:all	true		true
wasm-encoder	0.244.0	sentinel-runtime	0.1.0	sentinel-daemon	0.1.0	normal:all	true	A	true
wasm-encoder	0.244.0	sentinel-sandbox	0.1.0	sentinel-daemon	0.1.0	normal:all	true	A	true
wasm-encoder	0.244.0	sentinel-telemetry	0.1.0	sentinel-daemon	0.1.0	normal:all	true	A	true
wasm-encoder	0.244.0	sentinel-telemetry	0.1.0	sentinel-ecs	0.1.0	dev:all	true		true
wasm-encoder	0.244.0	sentinel-telemetry	0.1.0	sentinel-fs	0.1.0	normal:all	true		true
wasm-encoder	0.244.0	sentinel-telemetry	0.1.0	sentinel-limbo	0.1.0	normal:all	true		true
wasm-encoder	0.244.0	sentinel-telemetry	0.1.0	sentinel-nightrun	0.1.0	normal:all	true	C	true
wasm-encoder	0.244.0	sentinel-telemetry	0.1.0	sentinel-projection	0.1.0	normal:all	true		true
wasm-encoder	0.244.0	sentinel-telemetry	0.1.0	sentinel-projection-service	0.1.0	normal:all	true	A	true
wasm-encoder	0.244.0	sentinel-telemetry	0.1.0	sentinel-redb	0.1.0	normal:all	true		true
wasm-encoder	0.244.0	sentinel-telemetry	0.1.0	sentinel-zenoh	0.1.0	normal:all	true		true
wasm-encoder	0.244.0	sentinel-wasm	0.1.0	sentinel-daemon	0.1.0	normal:all	true	A	true
wasm-encoder	0.244.0	sentinel-wasm	0.1.0	sentinel-ecs	0.1.0	normal:all	true		true
wasm-encoder	0.244.0	sentinel-zenoh	0.1.0	sentinel-daemon	0.1.0	normal:all	true	A	true
wasm-encoder	0.244.0	sentinel-zenoh	0.1.0	sentinel-sandbox	0.1.0	normal:all	true		true
wasm-encoder	0.244.0	serde_with	3.17.0	zenoh-config	1.7.2	normal:all	false		true
wasm-encoder	0.244.0	sqlite-wasm-rs	0.5.2	rusqlite	0.38.0	"normal:cfg(all(target_family = ""wasm"", target_os = ""unknown""))"	false		true
wasm-encoder	0.244.0	tempfile	3.27.0	insta	1.46.3	normal:all	false		true
wasm-encoder	0.244.0	tempfile	3.27.0	sentinel-cluster-control	0.1.0	dev:all	true		true
wasm-encoder	0.244.0	tempfile	3.27.0	sentinel-common	0.1.0	dev:all	true		true
wasm-encoder	0.244.0	tempfile	3.27.0	sentinel-daemon	0.1.0	dev:all	true	A	true
wasm-encoder	0.244.0	tempfile	3.27.0	sentinel-dashboard-backend	0.1.0	dev:all	true	A	true
wasm-encoder	0.244.0	tempfile	3.27.0	sentinel-ecs	0.1.0	dev:all	true		true
wasm-encoder	0.244.0	tempfile	3.27.0	sentinel-fs	0.1.0	dev:all	true		true
wasm-encoder	0.244.0	tempfile	3.27.0	sentinel-gaia	0.1.0	dev:all	true	B	true
wasm-encoder	0.244.0	tempfile	3.27.0	sentinel-gaia-loop	0.1.0	dev:all	true	A	true
wasm-encoder	0.244.0	tempfile	3.27.0	sentinel-gaia-memory	0.1.0	dev:all	true		true
wasm-encoder	0.244.0	tempfile	3.27.0	sentinel-hippocampus	0.1.0	dev:all	true		true
wasm-encoder	0.244.0	tempfile	3.27.0	sentinel-limbo	0.1.0	dev:all	true		true
wasm-encoder	0.244.0	tempfile	3.27.0	sentinel-microvm	0.1.0	dev:all	true		true
wasm-encoder	0.244.0	tempfile	3.27.0	sentinel-nightrun	0.1.0	dev:all	true	C	true
wasm-encoder	0.244.0	tempfile	3.27.0	sentinel-projection	0.1.0	dev:all	true		true
wasm-encoder	0.244.0	tempfile	3.27.0	sentinel-redb	0.1.0	dev:all	true		true
wasm-encoder	0.244.0	tempfile	3.27.0	sentinel-runtime	0.1.0	dev:all	true		true
wasm-encoder	0.244.0	tempfile	3.27.0	sentinel-sandbox	0.1.0	dev:all	true		true
wasm-encoder	0.244.0	tempfile	3.27.0	sentinel-wasm	0.1.0	dev:all	true		true
wasm-encoder	0.244.0	tempfile	3.27.0	wasmtime	45.0.3	normal:all	false		true
wasm-encoder	0.244.0	tls-listener	0.11.2	zenoh-link-tls	1.7.2	normal:all	false		true
wasm-encoder	0.244.0	tokio-rustls	0.26.4	async-nats	0.47.0	normal:all	false		true
wasm-encoder	0.244.0	tokio-rustls	0.26.4	axum-server	0.7.3	normal:all	false		true
wasm-encoder	0.244.0	tokio-rustls	0.26.4	hyper-rustls	0.27.7	normal:all	false		true
wasm-encoder	0.244.0	tokio-rustls	0.26.4	reqwest	0.12.28	"normal:cfg(not(target_arch = ""wasm32""))"	false		true
wasm-encoder	0.244.0	tokio-rustls	0.26.4	tls-listener	0.11.2	normal:all	false		true
wasm-encoder	0.244.0	tokio-rustls	0.26.4	tokio-websockets	0.10.1	normal:all	false		true
wasm-encoder	0.244.0	tokio-rustls	0.26.4	zenoh-link-tls	1.7.2	normal:all	false		true
wasm-encoder	0.244.0	tokio-websockets	0.10.1	async-nats	0.47.0	normal:all	false		true
wasm-encoder	0.244.0	uuid	1.22.0	bevy_reflect	0.18.0	normal:all	false		false
wasm-encoder	0.244.0	uuid	1.22.0	bevy_reflect_derive	0.18.0	"normal:cfg(target_arch = ""wasm32"")"	false		true
wasm-encoder	0.244.0	uuid	1.22.0	debugid	0.8.0	normal:all	false		true
wasm-encoder	0.244.0	uuid	1.22.0	sentinel-cluster-control	0.1.0	normal:all	true		true
wasm-encoder	0.244.0	uuid	1.22.0	sentinel-common	0.1.0	normal:all	true		true
wasm-encoder	0.244.0	uuid	1.22.0	sentinel-daemon	0.1.0	normal:all	true	A	true
wasm-encoder	0.244.0	uuid	1.22.0	sentinel-dashboard-backend	0.1.0	normal:all	true	A	true
wasm-encoder	0.244.0	uuid	1.22.0	sentinel-ecs	0.1.0	normal:all	true		true
wasm-encoder	0.244.0	uuid	1.22.0	sentinel-fs	0.1.0	normal:all	true		true
wasm-encoder	0.244.0	uuid	1.22.0	sentinel-gaia-loop	0.1.0	normal:all	true	A	true
wasm-encoder	0.244.0	uuid	1.22.0	sentinel-gaia-memory	0.1.0	normal:all	true		true
wasm-encoder	0.244.0	uuid	1.22.0	sentinel-limbo	0.1.0	normal:all	true		true
wasm-encoder	0.244.0	uuid	1.22.0	sentinel-nightrun	0.1.0	normal:all	true	C	true
wasm-encoder	0.244.0	uuid	1.22.0	sentinel-projection	0.1.0	normal:all	true		true
wasm-encoder	0.244.0	uuid	1.22.0	sentinel-redb	0.1.0	dev:all	true		true
wasm-encoder	0.244.0	uuid	1.22.0	sentinel-runtime	0.1.0	normal:all	true		true
wasm-encoder	0.244.0	uuid	1.22.0	sentinel-telemetry	0.1.0	normal:all	true		true
wasm-encoder	0.244.0	uuid	1.22.0	sentinel-zenoh	0.1.0	dev:all;normal:all	true		true
wasm-encoder	0.244.0	uuid	1.22.0	zenoh-link-unixsock_stream	1.7.2	normal:all	false		true
wasm-encoder	0.244.0	wasip2	1.0.2+wasi-0.2.9	getrandom	0.3.4	"normal:cfg(all(target_arch = ""wasm32"", target_os = ""wasi"", target_env = ""p2""))"	false		true
wasm-encoder	0.244.0	wasip2	1.0.2+wasi-0.2.9	getrandom	0.4.1	"normal:cfg(all(target_arch = ""wasm32"", target_os = ""wasi"", target_env = ""p2""))"	false		true
wasm-encoder	0.244.0	wasip3	0.4.0+wasi-0.3.0-rc-2026-01-06	getrandom	0.4.1	"normal:cfg(all(target_arch = ""wasm32"", target_os = ""wasi"", target_env = ""p3""))"	false		true
wasm-encoder	0.244.0	wasm-encoder	0.244.0	wasm-metadata	0.244.0	normal:all	false		false
wasm-encoder	0.244.0	wasm-encoder	0.244.0	wit-component	0.244.0	normal:all	false		false
wasm-encoder	0.244.0	wasm-metadata	0.244.0	wit-bindgen-rust	0.51.0	normal:all	false		false
wasm-encoder	0.244.0	wasm-metadata	0.244.0	wit-component	0.244.0	normal:all	false		false
wasm-encoder	0.244.0	wasmtime	45.0.3	sentinel-wasm	0.1.0	normal:all	true		true
wasm-encoder	0.244.0	wasmtime	45.0.3	wasmtime-wasi	45.0.3	normal:all	false		true
wasm-encoder	0.244.0	wasmtime	45.0.3	wasmtime-wasi-io	45.0.3	normal:all	false		true
wasm-encoder	0.244.0	wasmtime	45.0.3	wiggle	45.0.3	normal:all	false		true
wasm-encoder	0.244.0	wasmtime-internal-cache	45.0.3	wasmtime	45.0.3	normal:all	false		true
wasm-encoder	0.244.0	wasmtime-internal-fiber	45.0.3	wasmtime	45.0.3	normal:all	false		true
wasm-encoder	0.244.0	wasmtime-internal-jit-debug	45.0.3	wasmtime	45.0.3	normal:all	false		true
wasm-encoder	0.244.0	wasmtime-wasi	45.0.3	sentinel-wasm	0.1.0	normal:all	true		true
wasm-encoder	0.244.0	wasmtime-wasi-io	45.0.3	wasmtime-wasi	45.0.3	normal:all	false		true
wasm-encoder	0.244.0	wiggle	45.0.3	wasmtime-wasi	45.0.3	normal:all	false		true
wasm-encoder	0.244.0	wit-bindgen	0.51.0	wasip2	1.0.2+wasi-0.2.9	normal:all	false		true
wasm-encoder	0.244.0	wit-bindgen	0.51.0	wasip3	0.4.0+wasi-0.3.0-rc-2026-01-06	normal:all	false		true
wasm-encoder	0.244.0	wit-bindgen-rust	0.51.0	wit-bindgen-rust-macro	0.51.0	normal:all	false		false
wasm-encoder	0.244.0	wit-bindgen-rust-macro	0.51.0	wit-bindgen	0.51.0	normal:all	false		false
wasm-encoder	0.244.0	wit-component	0.244.0	wit-bindgen-rust	0.51.0	normal:all	false		false
wasm-encoder	0.244.0	wtransport	0.6.1	sentinel-dashboard-backend	0.1.0	normal:all	true	A	true
wasm-encoder	0.244.0	zenoh	1.7.2	sentinel-zenoh	0.1.0	normal:all	true		true
wasm-encoder	0.244.0	zenoh-buffers	1.7.2	zenoh	1.7.2	normal:all	false		true
wasm-encoder	0.244.0	zenoh-buffers	1.7.2	zenoh-codec	1.7.2	normal:all	false		true
wasm-encoder	0.244.0	zenoh-buffers	1.7.2	zenoh-link-commons	1.7.2	normal:all	false		true
wasm-encoder	0.244.0	zenoh-buffers	1.7.2	zenoh-link-udp	1.7.2	normal:all	false		true
wasm-encoder	0.244.0	zenoh-buffers	1.7.2	zenoh-protocol	1.7.2	normal:all	false		true
wasm-encoder	0.244.0	zenoh-buffers	1.7.2	zenoh-sync	1.7.2	normal:all	false		true
wasm-encoder	0.244.0	zenoh-buffers	1.7.2	zenoh-transport	1.7.2	normal:all	false		true
wasm-encoder	0.244.0	zenoh-codec	1.7.2	zenoh	1.7.2	normal:all	false		true
wasm-encoder	0.244.0	zenoh-codec	1.7.2	zenoh-link-commons	1.7.2	normal:all	false		true
wasm-encoder	0.244.0	zenoh-codec	1.7.2	zenoh-transport	1.7.2	normal:all	false		true
wasm-encoder	0.244.0	zenoh-collections	1.7.2	zenoh	1.7.2	normal:all	false		true
wasm-encoder	0.244.0	zenoh-collections	1.7.2	zenoh-buffers	1.7.2	normal:all	false		true
wasm-encoder	0.244.0	zenoh-collections	1.7.2	zenoh-sync	1.7.2	normal:all	false		true
wasm-encoder	0.244.0	zenoh-config	1.7.2	zenoh	1.7.2	normal:all	false		true
wasm-encoder	0.244.0	zenoh-config	1.7.2	zenoh-link	1.7.2	normal:all	false		true
wasm-encoder	0.244.0	zenoh-config	1.7.2	zenoh-link-commons	1.7.2	normal:all	false		true
wasm-encoder	0.244.0	zenoh-config	1.7.2	zenoh-link-quic	1.7.2	normal:all	false		true
wasm-encoder	0.244.0	zenoh-config	1.7.2	zenoh-link-tcp	1.7.2	normal:all	false		true
wasm-encoder	0.244.0	zenoh-config	1.7.2	zenoh-link-tls	1.7.2	normal:all	false		true
wasm-encoder	0.244.0	zenoh-config	1.7.2	zenoh-plugin-trait	1.7.2	normal:all	false		true
wasm-encoder	0.244.0	zenoh-config	1.7.2	zenoh-transport	1.7.2	normal:all	false		true
wasm-encoder	0.244.0	zenoh-core	1.7.2	zenoh	1.7.2	normal:all	false		true
wasm-encoder	0.244.0	zenoh-core	1.7.2	zenoh-config	1.7.2	normal:all	false		true
wasm-encoder	0.244.0	zenoh-core	1.7.2	zenoh-link-commons	1.7.2	normal:all	false		true
wasm-encoder	0.244.0	zenoh-core	1.7.2	zenoh-link-quic	1.7.2	normal:all	false		true
wasm-encoder	0.244.0	zenoh-core	1.7.2	zenoh-link-quic_datagram	1.7.2	normal:all	false		true
wasm-encoder	0.244.0	zenoh-core	1.7.2	zenoh-link-tcp	1.7.2	normal:all	false		true
wasm-encoder	0.244.0	zenoh-core	1.7.2	zenoh-link-tls	1.7.2	normal:all	false		true
wasm-encoder	0.244.0	zenoh-core	1.7.2	zenoh-link-udp	1.7.2	normal:all	false		true
wasm-encoder	0.244.0	zenoh-core	1.7.2	zenoh-link-unixsock_stream	1.7.2	normal:all	false		true
wasm-encoder	0.244.0	zenoh-core	1.7.2	zenoh-link-ws	1.7.2	normal:all	false		true
wasm-encoder	0.244.0	zenoh-core	1.7.2	zenoh-sync	1.7.2	normal:all	false		true
wasm-encoder	0.244.0	zenoh-core	1.7.2	zenoh-task	1.7.2	normal:all	false		true
wasm-encoder	0.244.0	zenoh-core	1.7.2	zenoh-transport	1.7.2	normal:all	false		true
wasm-encoder	0.244.0	zenoh-core	1.7.2	zenoh-util	1.7.2	normal:all	false		true
wasm-encoder	0.244.0	zenoh-keyexpr	1.7.2	zenoh	1.7.2	normal:all	false		true
wasm-encoder	0.244.0	zenoh-keyexpr	1.7.2	zenoh-config	1.7.2	normal:all	false		true
wasm-encoder	0.244.0	zenoh-keyexpr	1.7.2	zenoh-macros	1.7.2	normal:all	false		true
wasm-encoder	0.244.0	zenoh-keyexpr	1.7.2	zenoh-plugin-trait	1.7.2	normal:all	false		true
wasm-encoder	0.244.0	zenoh-keyexpr	1.7.2	zenoh-protocol	1.7.2	normal:all	false		true
wasm-encoder	0.244.0	zenoh-link	1.7.2	zenoh	1.7.2	normal:all	false		true
wasm-encoder	0.244.0	zenoh-link	1.7.2	zenoh-transport	1.7.2	normal:all	false		true
wasm-encoder	0.244.0	zenoh-link-commons	1.7.2	zenoh	1.7.2	normal:all	false		true
wasm-encoder	0.244.0	zenoh-link-commons	1.7.2	zenoh-link	1.7.2	normal:all	false		true
wasm-encoder	0.244.0	zenoh-link-commons	1.7.2	zenoh-link-quic	1.7.2	normal:all	false		true
wasm-encoder	0.244.0	zenoh-link-commons	1.7.2	zenoh-link-quic_datagram	1.7.2	normal:all	false		true
wasm-encoder	0.244.0	zenoh-link-commons	1.7.2	zenoh-link-tcp	1.7.2	normal:all	false		true
wasm-encoder	0.244.0	zenoh-link-commons	1.7.2	zenoh-link-tls	1.7.2	normal:all	false		true
wasm-encoder	0.244.0	zenoh-link-commons	1.7.2	zenoh-link-udp	1.7.2	normal:all	false		true
wasm-encoder	0.244.0	zenoh-link-commons	1.7.2	zenoh-link-unixsock_stream	1.7.2	normal:all	false		true
wasm-encoder	0.244.0	zenoh-link-commons	1.7.2	zenoh-link-ws	1.7.2	normal:all	false		true
wasm-encoder	0.244.0	zenoh-link-commons	1.7.2	zenoh-transport	1.7.2	normal:all	false		true
wasm-encoder	0.244.0	zenoh-link-quic	1.7.2	zenoh-link	1.7.2	normal:all	false		true
wasm-encoder	0.244.0	zenoh-link-quic_datagram	1.7.2	zenoh-link	1.7.2	normal:all	false		true
wasm-encoder	0.244.0	zenoh-link-tcp	1.7.2	zenoh-link	1.7.2	normal:all	false		true
wasm-encoder	0.244.0	zenoh-link-tls	1.7.2	zenoh-link	1.7.2	normal:all	false		true
wasm-encoder	0.244.0	zenoh-link-udp	1.7.2	zenoh-link	1.7.2	normal:all	false		true
wasm-encoder	0.244.0	zenoh-link-unixsock_stream	1.7.2	zenoh-link	1.7.2	normal:all	false		true
wasm-encoder	0.244.0	zenoh-link-ws	1.7.2	zenoh-link	1.7.2	normal:all	false		true
wasm-encoder	0.244.0	zenoh-macros	1.7.2	zenoh	1.7.2	normal:all	false		true
wasm-encoder	0.244.0	zenoh-macros	1.7.2	zenoh-config	1.7.2	normal:all	false		true
wasm-encoder	0.244.0	zenoh-macros	1.7.2	zenoh-plugin-trait	1.7.2	normal:all	false		true
wasm-encoder	0.244.0	zenoh-macros	1.7.2	zenoh-runtime	1.7.2	normal:all	false		true
wasm-encoder	0.244.0	zenoh-plugin-trait	1.7.2	zenoh	1.7.2	normal:all	false		true
wasm-encoder	0.244.0	zenoh-protocol	1.7.2	zenoh	1.7.2	normal:all	false		true
wasm-encoder	0.244.0	zenoh-protocol	1.7.2	zenoh-codec	1.7.2	normal:all	false		true
wasm-encoder	0.244.0	zenoh-protocol	1.7.2	zenoh-config	1.7.2	normal:all	false		true
wasm-encoder	0.244.0	zenoh-protocol	1.7.2	zenoh-link	1.7.2	normal:all	false		true
wasm-encoder	0.244.0	zenoh-protocol	1.7.2	zenoh-link-commons	1.7.2	normal:all	false		true
wasm-encoder	0.244.0	zenoh-protocol	1.7.2	zenoh-link-quic	1.7.2	normal:all	false		true
wasm-encoder	0.244.0	zenoh-protocol	1.7.2	zenoh-link-quic_datagram	1.7.2	normal:all	false		true
wasm-encoder	0.244.0	zenoh-protocol	1.7.2	zenoh-link-tcp	1.7.2	normal:all	false		true
wasm-encoder	0.244.0	zenoh-protocol	1.7.2	zenoh-link-tls	1.7.2	normal:all	false		true
wasm-encoder	0.244.0	zenoh-protocol	1.7.2	zenoh-link-udp	1.7.2	normal:all	false		true
wasm-encoder	0.244.0	zenoh-protocol	1.7.2	zenoh-link-unixsock_stream	1.7.2	normal:all	false		true
wasm-encoder	0.244.0	zenoh-protocol	1.7.2	zenoh-link-ws	1.7.2	normal:all	false		true
wasm-encoder	0.244.0	zenoh-protocol	1.7.2	zenoh-transport	1.7.2	normal:all	false		true
wasm-encoder	0.244.0	zenoh-runtime	1.7.2	zenoh	1.7.2	normal:all	false		true
wasm-encoder	0.244.0	zenoh-runtime	1.7.2	zenoh-core	1.7.2	normal:all	false		true
wasm-encoder	0.244.0	zenoh-runtime	1.7.2	zenoh-link-commons	1.7.2	normal:all	false		true
wasm-encoder	0.244.0	zenoh-runtime	1.7.2	zenoh-link-tls	1.7.2	normal:all	false		true
wasm-encoder	0.244.0	zenoh-runtime	1.7.2	zenoh-link-unixsock_stream	1.7.2	normal:all	false		true
wasm-encoder	0.244.0	zenoh-runtime	1.7.2	zenoh-link-ws	1.7.2	normal:all	false		true
wasm-encoder	0.244.0	zenoh-runtime	1.7.2	zenoh-task	1.7.2	normal:all	false		true
wasm-encoder	0.244.0	zenoh-runtime	1.7.2	zenoh-transport	1.7.2	normal:all	false		true
wasm-encoder	0.244.0	zenoh-sync	1.7.2	zenoh	1.7.2	normal:all	false		true
wasm-encoder	0.244.0	zenoh-sync	1.7.2	zenoh-link-udp	1.7.2	normal:all	false		true
wasm-encoder	0.244.0	zenoh-sync	1.7.2	zenoh-transport	1.7.2	normal:all	false		true
wasm-encoder	0.244.0	zenoh-task	1.7.2	zenoh	1.7.2	normal:all	false		true
wasm-encoder	0.244.0	zenoh-task	1.7.2	zenoh-transport	1.7.2	normal:all	false		true
wasm-encoder	0.244.0	zenoh-transport	1.7.2	zenoh	1.7.2	normal:all	false		true
wasm-encoder	0.244.0	zenoh-util	1.7.2	zenoh	1.7.2	normal:all	false		true
wasm-encoder	0.244.0	zenoh-util	1.7.2	zenoh-config	1.7.2	normal:all	false		true
wasm-encoder	0.244.0	zenoh-util	1.7.2	zenoh-link-commons	1.7.2	normal:all	false		true
wasm-encoder	0.244.0	zenoh-util	1.7.2	zenoh-link-quic	1.7.2	normal:all	false		true
wasm-encoder	0.244.0	zenoh-util	1.7.2	zenoh-link-quic_datagram	1.7.2	normal:all	false		true
wasm-encoder	0.244.0	zenoh-util	1.7.2	zenoh-link-udp	1.7.2	normal:all	false		true
wasm-encoder	0.244.0	zenoh-util	1.7.2	zenoh-link-ws	1.7.2	normal:all	false		true
wasm-encoder	0.244.0	zenoh-util	1.7.2	zenoh-plugin-trait	1.7.2	normal:all	false		true
wasm-encoder	0.244.0	zenoh-util	1.7.2	zenoh-transport	1.7.2	normal:all	false		true
wasm-encoder	0.244.0	zstd	0.13.3	sentinel-console-plane	0.1.0	normal:all	true		true
wasm-encoder	0.244.0	zstd	0.13.3	sentinel-dashboard-backend	0.1.0	normal:all	true	A	true
wasm-encoder	0.244.0	zstd	0.13.3	sentinel-fs	0.1.0	normal:all	true		true
wasm-encoder	0.244.0	zstd	0.13.3	wasmtime-internal-cache	45.0.3	normal:all	false		true
wasm-encoder	0.244.0	zstd-safe	7.2.4	zstd	0.13.3	normal:all	false		true
wasm-encoder	0.244.0	zstd-sys	2.0.16+zstd.1.5.7	zstd-safe	7.2.4	normal:all	false		true
wasm-encoder	0.248.0	sentinel-ecs	0.1.0	sentinel-daemon	0.1.0	normal:all	true	A	true
wasm-encoder	0.248.0	sentinel-ecs	0.1.0	sentinel-runtime	0.1.0	normal:all	true		true
wasm-encoder	0.248.0	sentinel-runtime	0.1.0	sentinel-daemon	0.1.0	normal:all	true	A	true
wasm-encoder	0.248.0	sentinel-wasm	0.1.0	sentinel-daemon	0.1.0	normal:all	true	A	true
wasm-encoder	0.248.0	sentinel-wasm	0.1.0	sentinel-ecs	0.1.0	normal:all	true		true
wasm-encoder	0.248.0	wasm-compose	0.248.0	wasmtime	45.0.3	normal:all	false		true
wasm-encoder	0.248.0	wasm-encoder	0.248.0	wasm-compose	0.248.0	normal:all	false		true
wasm-encoder	0.248.0	wasm-encoder	0.248.0	wasmtime	45.0.3	normal:all	false		true
wasm-encoder	0.248.0	wasm-encoder	0.248.0	wasmtime-environ	45.0.3	normal:all	false		true
wasm-encoder	0.248.0	wasmtime	45.0.3	sentinel-wasm	0.1.0	normal:all	true		true
wasm-encoder	0.248.0	wasmtime	45.0.3	wasmtime-wasi	45.0.3	normal:all	false		true
wasm-encoder	0.248.0	wasmtime	45.0.3	wasmtime-wasi-io	45.0.3	normal:all	false		true
wasm-encoder	0.248.0	wasmtime	45.0.3	wiggle	45.0.3	normal:all	false		true
wasm-encoder	0.248.0	wasmtime-environ	45.0.3	wasmtime	45.0.3	normal:all	false		true
wasm-encoder	0.248.0	wasmtime-environ	45.0.3	wasmtime-internal-cache	45.0.3	normal:all	false		true
wasm-encoder	0.248.0	wasmtime-environ	45.0.3	wasmtime-internal-cranelift	45.0.3	normal:all	false		true
wasm-encoder	0.248.0	wasmtime-environ	45.0.3	wasmtime-internal-fiber	45.0.3	normal:all	false		true
wasm-encoder	0.248.0	wasmtime-environ	45.0.3	wasmtime-internal-unwinder	45.0.3	normal:all	false		true
wasm-encoder	0.248.0	wasmtime-environ	45.0.3	wiggle	45.0.3	normal:all	false		true
wasm-encoder	0.248.0	wasmtime-environ	45.0.3	wiggle-generate	45.0.3	normal:all	false		true
wasm-encoder	0.248.0	wasmtime-internal-cache	45.0.3	wasmtime	45.0.3	normal:all	false		true
wasm-encoder	0.248.0	wasmtime-internal-cranelift	45.0.3	wasmtime	45.0.3	normal:all	false		true
wasm-encoder	0.248.0	wasmtime-internal-fiber	45.0.3	wasmtime	45.0.3	normal:all	false		true
wasm-encoder	0.248.0	wasmtime-internal-unwinder	45.0.3	wasmtime	45.0.3	normal:all	false		true
wasm-encoder	0.248.0	wasmtime-internal-unwinder	45.0.3	wasmtime-internal-cranelift	45.0.3	normal:all	false		true
wasm-encoder	0.248.0	wasmtime-wasi	45.0.3	sentinel-wasm	0.1.0	normal:all	true		true
wasm-encoder	0.248.0	wasmtime-wasi-io	45.0.3	wasmtime-wasi	45.0.3	normal:all	false		true
wasm-encoder	0.248.0	wiggle	45.0.3	wasmtime-wasi	45.0.3	normal:all	false		true
wasm-encoder	0.248.0	wiggle-generate	45.0.3	wiggle-macro	45.0.3	normal:all	false		true
wasm-encoder	0.248.0	wiggle-macro	45.0.3	wiggle	45.0.3	normal:all	false		true
wasm-encoder	0.250.0	sentinel-ecs	0.1.0	sentinel-daemon	0.1.0	normal:all	true	A	true
wasm-encoder	0.250.0	sentinel-ecs	0.1.0	sentinel-runtime	0.1.0	normal:all	true		true
wasm-encoder	0.250.0	sentinel-runtime	0.1.0	sentinel-daemon	0.1.0	normal:all	true	A	true
wasm-encoder	0.250.0	sentinel-wasm	0.1.0	sentinel-daemon	0.1.0	normal:all	true	A	true
wasm-encoder	0.250.0	sentinel-wasm	0.1.0	sentinel-ecs	0.1.0	normal:all	true		true
wasm-encoder	0.250.0	wasm-compose	0.248.0	wasmtime	45.0.3	normal:all	false		true
wasm-encoder	0.250.0	wasm-encoder	0.250.0	wast	250.0.0	normal:all	false		true
wasm-encoder	0.250.0	wasmtime	45.0.3	sentinel-wasm	0.1.0	normal:all	true		true
wasm-encoder	0.250.0	wasmtime	45.0.3	wasmtime-wasi	45.0.3	normal:all	false		true
wasm-encoder	0.250.0	wasmtime	45.0.3	wasmtime-wasi-io	45.0.3	normal:all	false		true
wasm-encoder	0.250.0	wasmtime	45.0.3	wiggle	45.0.3	normal:all	false		true
wasm-encoder	0.250.0	wasmtime-wasi	45.0.3	sentinel-wasm	0.1.0	normal:all	true		true
wasm-encoder	0.250.0	wasmtime-wasi-io	45.0.3	wasmtime-wasi	45.0.3	normal:all	false		true
wasm-encoder	0.250.0	wast	250.0.0	wat	1.250.0	normal:all	false		true
wasm-encoder	0.250.0	wat	1.250.0	wasm-compose	0.248.0	normal:all	false		true
wasm-encoder	0.250.0	wat	1.250.0	wasmtime	45.0.3	normal:all	false		true
wasm-encoder	0.250.0	wiggle	45.0.3	wasmtime-wasi	45.0.3	normal:all	false		true
wasmparser	0.244.0	ahash	0.8.12	hashbrown	0.14.5	normal:all	false		true
wasmparser	0.244.0	ahash	0.8.12	zenoh	1.7.2	normal:all	false		true
wasmparser	0.244.0	ahash	0.8.12	zenoh-collections	1.7.2	normal:all	false		true
wasmparser	0.244.0	alloca	0.4.0	criterion	0.8.2	normal:cfg(any(windows, unix))	false		true
wasmparser	0.244.0	async-nats	0.47.0	sentinel-daemon	0.1.0	normal:all	true	A	true
wasmparser	0.244.0	async-nats	0.47.0	sentinel-dashboard-backend	0.1.0	normal:all	true	A	true
wasmparser	0.244.0	async-nats	0.47.0	sentinel-gaia-loop	0.1.0	normal:all	true	A	true
wasmparser	0.244.0	aws-lc-rs	1.17.0	rustls	0.23.37	normal:all	false		true
wasmparser	0.244.0	aws-lc-rs	1.17.0	rustls-webpki	0.103.13	normal:all	false		true
wasmparser	0.244.0	aws-lc-sys	0.41.0	aws-lc-rs	1.17.0	normal:all	false		true
wasmparser	0.244.0	axum-server	0.7.3	sentinel-dashboard-backend	0.1.0	normal:all	true	A	true
wasmparser	0.244.0	bevy_ecs	0.18.1	sentinel-common	0.1.0	normal:all	true		true
wasmparser	0.244.0	bevy_ecs	0.18.1	sentinel-daemon	0.1.0	normal:all	true	A	true
wasmparser	0.244.0	bevy_ecs	0.18.1	sentinel-ecs	0.1.0	normal:all	true		true
wasmparser	0.244.0	bevy_ecs	0.18.1	sentinel-runtime	0.1.0	normal:all	true		true
wasmparser	0.244.0	bevy_reflect	0.18.0	bevy_ecs	0.18.1	normal:all	false		true
wasmparser	0.244.0	bevy_reflect_derive	0.18.0	bevy_reflect	0.18.0	normal:all	false		true
wasmparser	0.244.0	blake3	1.8.3	sentinel-fs	0.1.0	normal:all	true		true
wasmparser	0.244.0	blake3	1.8.3	sentinel-gaia	0.1.0	normal:all	true	B	true
wasmparser	0.244.0	bolero	0.13.4	sentinel-bio	0.1.0	dev:all	true		true
wasmparser	0.244.0	bolero	0.13.4	sentinel-physics	0.1.0	dev:all	true		true
wasmparser	0.244.0	bolero-afl	0.13.0	bolero	0.13.4	normal:cfg(fuzzing_afl)	false		true
wasmparser	0.244.0	bolero-engine	0.13.4	bolero	0.13.4	normal:all;normal:cfg(fuzzing_random);normal:cfg(not(any(fuzzing, kani)))	false		true
wasmparser	0.244.0	bolero-engine	0.13.4	bolero-afl	0.13.0	normal:all	false		true
wasmparser	0.244.0	bolero-engine	0.13.4	bolero-honggfuzz	0.13.0	normal:all	false		true
wasmparser	0.244.0	bolero-engine	0.13.4	bolero-kani	0.13.0	normal:all	false		true
wasmparser	0.244.0	bolero-engine	0.13.4	bolero-libfuzzer	0.13.0	normal:all	false		true
wasmparser	0.244.0	bolero-generator	0.13.5	bolero	0.13.4	normal:all	false		true
wasmparser	0.244.0	bolero-generator	0.13.5	bolero-engine	0.13.4	normal:all	false		true
wasmparser	0.244.0	bolero-honggfuzz	0.13.0	bolero	0.13.4	normal:cfg(fuzzing_honggfuzz)	false		true
wasmparser	0.244.0	bolero-kani	0.13.0	bolero	0.13.4	normal:cfg(kani)	false		true
wasmparser	0.244.0	bolero-libfuzzer	0.13.0	bolero	0.13.4	normal:cfg(fuzzing_libfuzzer)	false		true
wasmparser	0.244.0	cap-time-ext	3.4.5	wasmtime-wasi	45.0.3	normal:all	false		true
wasmparser	0.244.0	cc	1.2.56	alloca	0.4.0	build:all	false		true
wasmparser	0.244.0	cc	1.2.56	aws-lc-sys	0.41.0	build:all	false		true
wasmparser	0.244.0	cc	1.2.56	blake3	1.8.3	build:all	false		true
wasmparser	0.244.0	cc	1.2.56	bolero-afl	0.13.0	build:all	false		true
wasmparser	0.244.0	cc	1.2.56	bolero-libfuzzer	0.13.0	build:all	false		true
wasmparser	0.244.0	cc	1.2.56	cmake	0.1.58	normal:all	false		true
wasmparser	0.244.0	cc	1.2.56	iana-time-zone-haiku	0.1.2	build:all	false		true
wasmparser	0.244.0	cc	1.2.56	ittapi-sys	0.4.0	build:all	false		true
wasmparser	0.244.0	cc	1.2.56	libsqlite3-sys	0.36.0	build:all	false		true
wasmparser	0.244.0	cc	1.2.56	ring	0.17.14	build:all	false		true
wasmparser	0.244.0	cc	1.2.56	sqlite-wasm-rs	0.5.2	build:all	false		true
wasmparser	0.244.0	cc	1.2.56	wasmtime	45.0.3	build:all	false		true
wasmparser	0.244.0	cc	1.2.56	wasmtime-internal-fiber	45.0.3	build:all	false		true
wasmparser	0.244.0	cc	1.2.56	wasmtime-internal-jit-debug	45.0.3	build:all	false		true
wasmparser	0.244.0	cc	1.2.56	zstd-sys	2.0.16+zstd.1.5.7	build:all	false		true
wasmparser	0.244.0	chrono	0.4.44	sentinel-daemon	0.1.0	normal:all	true	A	true
wasmparser	0.244.0	chrono	0.4.44	serde_with	3.17.0	normal:all	false		false
wasmparser	0.244.0	cmake	0.1.58	aws-lc-sys	0.41.0	build:all	false		true
wasmparser	0.244.0	criterion	0.8.2	sentinel-daemon	0.1.0	dev:all	true	A	true
wasmparser	0.244.0	criterion	0.8.2	sentinel-ecs	0.1.0	dev:all	true		true
wasmparser	0.244.0	criterion	0.8.2	sentinel-fs	0.1.0	dev:all	true		true
wasmparser	0.244.0	criterion	0.8.2	sentinel-gaia-memory	0.1.0	dev:all	true		true
wasmparser	0.244.0	criterion	0.8.2	sentinel-hippocampus	0.1.0	dev:all	true		true
wasmparser	0.244.0	criterion	0.8.2	sentinel-limbo	0.1.0	dev:all	true		true
wasmparser	0.244.0	criterion	0.8.2	sentinel-nightrun	0.1.0	dev:all	true	C	true
wasmparser	0.244.0	criterion	0.8.2	sentinel-projection	0.1.0	dev:all	true		true
wasmparser	0.244.0	criterion	0.8.2	sentinel-runtime	0.1.0	dev:all	true		true
wasmparser	0.244.0	criterion	0.8.2	sentinel-sandbox	0.1.0	dev:all	true		true
wasmparser	0.244.0	criterion	0.8.2	sentinel-wasm	0.1.0	dev:all	true		true
wasmparser	0.244.0	debugid	0.8.0	fxprof-processed-profile	0.8.1	normal:all	false		true
wasmparser	0.244.0	fastbloom	0.14.1	quinn-proto	0.11.15	normal:all	false		true
wasmparser	0.244.0	fxprof-processed-profile	0.8.1	wasmtime	45.0.3	normal:all	false		true
wasmparser	0.244.0	getrandom	0.3.4	ahash	0.8.12	normal:all	false		true
wasmparser	0.244.0	getrandom	0.3.4	bolero-generator	0.13.5	normal:all	false		true
wasmparser	0.244.0	getrandom	0.3.4	fastbloom	0.14.1	normal:all	false		true
wasmparser	0.244.0	getrandom	0.3.4	jobserver	0.1.34	normal:cfg(windows)	false		true
wasmparser	0.244.0	getrandom	0.3.4	quinn-proto	0.11.15	"normal:cfg(all(target_family = ""wasm"", target_os = ""unknown""))"	false		true
wasmparser	0.244.0	getrandom	0.3.4	rand_core	0.9.5	normal:all	false		true
wasmparser	0.244.0	getrandom	0.4.1	rand	0.10.1	normal:all	false		true
wasmparser	0.244.0	getrandom	0.4.1	tempfile	3.27.0	"normal:cfg(any(unix, windows, target_os = ""wasi""))"	false		true
wasmparser	0.244.0	getrandom	0.4.1	uuid	1.22.0	"normal:cfg(not(all(target_arch = ""wasm32"", any(target_os = ""unknown"", target_os = ""none""))))"	false		true
wasmparser	0.244.0	hashbrown	0.14.5	keyed-set	1.1.0	normal:all	false		true
wasmparser	0.244.0	hyper-rustls	0.27.7	reqwest	0.12.28	"normal:cfg(not(target_arch = ""wasm32""))"	false		true
wasmparser	0.244.0	iana-time-zone	0.1.65	cap-time-ext	3.4.5	normal:all	false		true
wasmparser	0.244.0	iana-time-zone	0.1.65	chrono	0.4.44	normal:cfg(unix)	false		true
wasmparser	0.244.0	iana-time-zone-haiku	0.1.2	iana-time-zone	0.1.65	"normal:cfg(target_os = ""haiku"")"	false		true
wasmparser	0.244.0	insta	1.46.3	sentinel-ecs	0.1.0	dev:all	true		true
wasmparser	0.244.0	insta	1.46.3	sentinel-physics	0.1.0	dev:all	true		true
wasmparser	0.244.0	ittapi	0.4.0	wasmtime	45.0.3	"normal:cfg(all(target_arch = ""x86_64"", target_os = ""linux""));normal:cfg(all(target_arch = ""x86_64"", target_os = ""macos""));normal:cfg(all(target_arch = ""x86_64"", target_os = ""windows""))"	false		true
wasmparser	0.244.0	ittapi-sys	0.4.0	ittapi	0.4.0	normal:all	false		true
wasmparser	0.244.0	jobserver	0.1.34	cc	1.2.56	normal:all	false		true
wasmparser	0.244.0	keyed-set	1.1.0	zenoh-keyexpr	1.7.2	normal:all	false		true
wasmparser	0.244.0	libsqlite3-sys	0.36.0	rusqlite	0.38.0	"normal:cfg(not(all(target_family = ""wasm"", target_os = ""unknown"")))"	false		true
wasmparser	0.244.0	quinn	0.11.9	reqwest	0.12.28	"normal:cfg(not(target_arch = ""wasm32""))"	false		false
wasmparser	0.244.0	quinn	0.11.9	sentinel-cluster-control	0.1.0	normal:all	true		true
wasmparser	0.244.0	quinn	0.11.9	wtransport	0.6.1	normal:all	false		true
wasmparser	0.244.0	quinn	0.11.9	zenoh-link-commons	1.7.2	normal:all	false		true
wasmparser	0.244.0	quinn	0.11.9	zenoh-link-quic	1.7.2	normal:all	false		true
wasmparser	0.244.0	quinn	0.11.9	zenoh-link-quic_datagram	1.7.2	normal:all	false		true
wasmparser	0.244.0	quinn-proto	0.11.15	quinn	0.11.9	normal:all	false		true
wasmparser	0.244.0	rand	0.10.1	wasmtime-wasi	45.0.3	normal:all	false		true
wasmparser	0.244.0	rand	0.9.4	bolero	0.13.4	normal:cfg(fuzzing_random);normal:cfg(not(any(fuzzing, kani)))	false		true
wasmparser	0.244.0	rand	0.9.4	bolero-engine	0.13.4	normal:all	false		true
wasmparser	0.244.0	rand	0.9.4	fastbloom	0.14.1	normal:all	false		true
wasmparser	0.244.0	rand	0.9.4	quinn-proto	0.11.15	normal:all	false		true
wasmparser	0.244.0	rand_chacha	0.9.0	rand	0.9.4	normal:all	false		true
wasmparser	0.244.0	rand_core	0.9.5	bolero-generator	0.13.5	normal:all	false		true
wasmparser	0.244.0	rand_core	0.9.5	rand	0.9.4	normal:all	false		true
wasmparser	0.244.0	rand_core	0.9.5	rand_chacha	0.9.0	normal:all	false		true
wasmparser	0.244.0	rand_core	0.9.5	rand_xoshiro	0.7.0	normal:all	false		true
wasmparser	0.244.0	rand_xoshiro	0.7.0	bolero-engine	0.13.4	normal:all	false		true
wasmparser	0.244.0	rand_xoshiro	0.7.0	bolero-generator	0.13.5	normal:all	false		true
wasmparser	0.244.0	rcgen	0.13.2	sentinel-cluster-control	0.1.0	normal:all	true		true
wasmparser	0.244.0	rcgen	0.13.2	sentinel-dashboard-backend	0.1.0	normal:all	true	A	true
wasmparser	0.244.0	rcgen	0.13.2	wtransport	0.6.1	normal:all	false		true
wasmparser	0.244.0	reqwest	0.12.28	sentinel-ctl	0.1.0	normal:all	true	B	true
wasmparser	0.244.0	reqwest	0.12.28	sentinel-daemon	0.1.0	normal:all	true	A	true
wasmparser	0.244.0	reqwest	0.12.28	sentinel-dashboard-backend	0.1.0	normal:all	true	A	true
wasmparser	0.244.0	ring	0.17.14	async-nats	0.47.0	normal:all	false		true
wasmparser	0.244.0	ring	0.17.14	quinn-proto	0.11.15	"normal:all;normal:cfg(all(target_family = ""wasm"", target_os = ""unknown""))"	false		true
wasmparser	0.244.0	ring	0.17.14	rcgen	0.13.2	normal:all	false		true
wasmparser	0.244.0	ring	0.17.14	rustls	0.23.37	normal:all	false		true
wasmparser	0.244.0	ring	0.17.14	rustls-webpki	0.103.13	normal:all	false		true
wasmparser	0.244.0	ring	0.17.14	tokio-websockets	0.10.1	normal:all	false		true
wasmparser	0.244.0	rusqlite	0.38.0	sentinel-dashboard-backend	0.1.0	normal:all	true	A	true
wasmparser	0.244.0	rusqlite	0.38.0	sentinel-gaia-memory	0.1.0	normal:all	true		true
wasmparser	0.244.0	rusqlite	0.38.0	sentinel-limbo	0.1.0	dev:all;normal:all	true		true
wasmparser	0.244.0	rusqlite	0.38.0	sentinel-nightrun	0.1.0	normal:all	true	C	true
wasmparser	0.244.0	rusqlite	0.38.0	sentinel-projection	0.1.0	normal:all	true		true
wasmparser	0.244.0	rustls	0.23.37	axum-server	0.7.3	normal:all	false		true
wasmparser	0.244.0	rustls	0.23.37	hyper-rustls	0.27.7	normal:all	false		true
wasmparser	0.244.0	rustls	0.23.37	quinn	0.11.9	normal:all	false		true
wasmparser	0.244.0	rustls	0.23.37	quinn-proto	0.11.15	normal:all	false		true
wasmparser	0.244.0	rustls	0.23.37	reqwest	0.12.28	"normal:cfg(not(target_arch = ""wasm32""))"	false		true
wasmparser	0.244.0	rustls	0.23.37	rustls-platform-verifier	0.6.2	normal:all	false		true
wasmparser	0.244.0	rustls	0.23.37	sentinel-cluster-control	0.1.0	normal:all	true		true
wasmparser	0.244.0	rustls	0.23.37	sentinel-dashboard-backend	0.1.0	normal:all	true	A	true
wasmparser	0.244.0	rustls	0.23.37	tokio-rustls	0.26.4	normal:all	false		true
wasmparser	0.244.0	rustls	0.23.37	wtransport	0.6.1	normal:all	false		true
wasmparser	0.244.0	rustls	0.23.37	zenoh-link-commons	1.7.2	normal:all	false		true
wasmparser	0.244.0	rustls	0.23.37	zenoh-link-quic	1.7.2	normal:all	false		true
wasmparser	0.244.0	rustls	0.23.37	zenoh-link-quic_datagram	1.7.2	normal:all	false		true
wasmparser	0.244.0	rustls	0.23.37	zenoh-link-tls	1.7.2	normal:all	false		true
wasmparser	0.244.0	rustls-platform-verifier	0.6.2	quinn-proto	0.11.15	normal:all	false		true
wasmparser	0.244.0	rustls-webpki	0.103.13	async-nats	0.47.0	normal:all	false		true
wasmparser	0.244.0	rustls-webpki	0.103.13	rustls	0.23.37	normal:all	false		true
wasmparser	0.244.0	rustls-webpki	0.103.13	rustls-platform-verifier	0.6.2	"normal:cfg(all(unix, not(target_os = ""android""), not(target_vendor = ""apple""), not(target_arch = ""wasm32"")));normal:cfg(target_arch = ""wasm32"");normal:cfg(target_os = ""android"")"	false		true
wasmparser	0.244.0	rustls-webpki	0.103.13	zenoh-link-commons	1.7.2	normal:all	false		true
wasmparser	0.244.0	rustls-webpki	0.103.13	zenoh-link-quic	1.7.2	normal:all	false		true
wasmparser	0.244.0	rustls-webpki	0.103.13	zenoh-link-quic_datagram	1.7.2	normal:all	false		true
wasmparser	0.244.0	rustls-webpki	0.103.13	zenoh-link-tls	1.7.2	normal:all	false		true
wasmparser	0.244.0	sentinel-bio	0.1.0	sentinel-ecs	0.1.0	normal:all	true		true
wasmparser	0.244.0	sentinel-cluster-control	0.1.0	sentinel-daemon	0.1.0	normal:all	true	A	true
wasmparser	0.244.0	sentinel-common	0.1.0	sentinel-bio	0.1.0	normal:all	true		true
wasmparser	0.244.0	sentinel-common	0.1.0	sentinel-cluster-control	0.1.0	normal:all	true		true
wasmparser	0.244.0	sentinel-common	0.1.0	sentinel-daemon	0.1.0	normal:all	true	A	true
wasmparser	0.244.0	sentinel-common	0.1.0	sentinel-dashboard-backend	0.1.0	normal:all	true	A	true
wasmparser	0.244.0	sentinel-common	0.1.0	sentinel-ebpf	0.1.0	normal:all	true		true
wasmparser	0.244.0	sentinel-common	0.1.0	sentinel-ecs	0.1.0	dev:all;normal:all	true		true
wasmparser	0.244.0	sentinel-common	0.1.0	sentinel-fs	0.1.0	normal:all	true		true
wasmparser	0.244.0	sentinel-common	0.1.0	sentinel-gaia	0.1.0	normal:all	true	B	true
wasmparser	0.244.0	sentinel-common	0.1.0	sentinel-gaia-loop	0.1.0	normal:all	true	A	true
wasmparser	0.244.0	sentinel-common	0.1.0	sentinel-hippocampus	0.1.0	normal:all	true		true
wasmparser	0.244.0	sentinel-common	0.1.0	sentinel-limbo	0.1.0	normal:all	true		true
wasmparser	0.244.0	sentinel-common	0.1.0	sentinel-microvm	0.1.0	dev:all;normal:all	true		true
wasmparser	0.244.0	sentinel-common	0.1.0	sentinel-nightrun	0.1.0	normal:all	true	C	true
wasmparser	0.244.0	sentinel-common	0.1.0	sentinel-physics	0.1.0	normal:all	true		true
wasmparser	0.244.0	sentinel-common	0.1.0	sentinel-projection	0.1.0	normal:all	true		true
wasmparser	0.244.0	sentinel-common	0.1.0	sentinel-projection-service	0.1.0	normal:all	true	A	true
wasmparser	0.244.0	sentinel-common	0.1.0	sentinel-redb	0.1.0	normal:all	true		true
wasmparser	0.244.0	sentinel-common	0.1.0	sentinel-runtime	0.1.0	dev:all;normal:all	true		true
wasmparser	0.244.0	sentinel-common	0.1.0	sentinel-sandbox	0.1.0	dev:all;normal:all	true		true
wasmparser	0.244.0	sentinel-common	0.1.0	sentinel-telemetry	0.1.0	normal:all	true		true
wasmparser	0.244.0	sentinel-common	0.1.0	sentinel-wasm	0.1.0	dev:all;normal:all	true		true
wasmparser	0.244.0	sentinel-common	0.1.0	sentinel-zenoh	0.1.0	dev:all;normal:all	true		true
wasmparser	0.244.0	sentinel-console-plane	0.1.0	sentinel-dashboard-backend	0.1.0	normal:all	true	A	true
wasmparser	0.244.0	sentinel-ebpf	0.1.0	sentinel-daemon	0.1.0	normal:all	true	A	true
wasmparser	0.244.0	sentinel-ecs	0.1.0	sentinel-daemon	0.1.0	normal:all	true	A	true
wasmparser	0.244.0	sentinel-ecs	0.1.0	sentinel-runtime	0.1.0	normal:all	true		true
wasmparser	0.244.0	sentinel-fs	0.1.0	sentinel-console-plane	0.1.0	normal:all	true		true
wasmparser	0.244.0	sentinel-fs	0.1.0	sentinel-daemon	0.1.0	normal:all	true	A	true
wasmparser	0.244.0	sentinel-fs	0.1.0	sentinel-microvm	0.1.0	normal:all	true		true
wasmparser	0.244.0	sentinel-fs	0.1.0	sentinel-sandbox	0.1.0	normal:all	true		true
wasmparser	0.244.0	sentinel-gaia	0.1.0	sentinel-dashboard-backend	0.1.0	normal:all	true	A	true
wasmparser	0.244.0	sentinel-gaia-loop	0.1.0	sentinel-dashboard-backend	0.1.0	normal:all	true	A	true
wasmparser	0.244.0	sentinel-hippocampus	0.1.0	sentinel-daemon	0.1.0	normal:all	true	A	true
wasmparser	0.244.0	sentinel-hippocampus	0.1.0	sentinel-gaia-memory	0.1.0	normal:all	true		true
wasmparser	0.244.0	sentinel-hippocampus	0.1.0	sentinel-nightrun	0.1.0	normal:all	true	C	true
wasmparser	0.244.0	sentinel-limbo	0.1.0	sentinel-daemon	0.1.0	normal:all	true	A	true
wasmparser	0.244.0	sentinel-limbo	0.1.0	sentinel-dashboard-backend	0.1.0	normal:all	true	A	true
wasmparser	0.244.0	sentinel-limbo	0.1.0	sentinel-ecs	0.1.0	normal:all	true		true
wasmparser	0.244.0	sentinel-limbo	0.1.0	sentinel-gaia-loop	0.1.0	normal:all	true	A	true
wasmparser	0.244.0	sentinel-limbo	0.1.0	sentinel-gaia-memory	0.1.0	dev:all	true		true
wasmparser	0.244.0	sentinel-limbo	0.1.0	sentinel-nightrun	0.1.0	normal:all	true	C	true
wasmparser	0.244.0	sentinel-limbo	0.1.0	sentinel-projection	0.1.0	normal:all	true		true
wasmparser	0.244.0	sentinel-limbo	0.1.0	sentinel-projection-service	0.1.0	normal:all	true	A	true
wasmparser	0.244.0	sentinel-limbo	0.1.0	sentinel-runtime	0.1.0	dev:all;normal:all	true		true
wasmparser	0.244.0	sentinel-physics	0.1.0	sentinel-ecs	0.1.0	normal:all	true		true
wasmparser	0.244.0	sentinel-physics	0.1.0	sentinel-projection	0.1.0	normal:all	true		true
wasmparser	0.244.0	sentinel-projection	0.1.0	sentinel-daemon	0.1.0	normal:all	true	A	true
wasmparser	0.244.0	sentinel-projection	0.1.0	sentinel-dashboard-backend	0.1.0	normal:all	true	A	true
wasmparser	0.244.0	sentinel-projection	0.1.0	sentinel-gaia-memory	0.1.0	dev:all	true		true
wasmparser	0.244.0	sentinel-projection	0.1.0	sentinel-projection-service	0.1.0	normal:all	true	A	true
wasmparser	0.244.0	sentinel-redb	0.1.0	sentinel-daemon	0.1.0	normal:all	true	A	true
wasmparser	0.244.0	sentinel-redb	0.1.0	sentinel-ecs	0.1.0	normal:all	true		true
wasmparser	0.244.0	sentinel-runtime	0.1.0	sentinel-daemon	0.1.0	normal:all	true	A	true
wasmparser	0.244.0	sentinel-sandbox	0.1.0	sentinel-daemon	0.1.0	normal:all	true	A	true
wasmparser	0.244.0	sentinel-telemetry	0.1.0	sentinel-daemon	0.1.0	normal:all	true	A	true
wasmparser	0.244.0	sentinel-telemetry	0.1.0	sentinel-ecs	0.1.0	dev:all	true		true
wasmparser	0.244.0	sentinel-telemetry	0.1.0	sentinel-fs	0.1.0	normal:all	true		true
wasmparser	0.244.0	sentinel-telemetry	0.1.0	sentinel-limbo	0.1.0	normal:all	true		true
wasmparser	0.244.0	sentinel-telemetry	0.1.0	sentinel-nightrun	0.1.0	normal:all	true	C	true
wasmparser	0.244.0	sentinel-telemetry	0.1.0	sentinel-projection	0.1.0	normal:all	true		true
wasmparser	0.244.0	sentinel-telemetry	0.1.0	sentinel-projection-service	0.1.0	normal:all	true	A	true
wasmparser	0.244.0	sentinel-telemetry	0.1.0	sentinel-redb	0.1.0	normal:all	true		true
wasmparser	0.244.0	sentinel-telemetry	0.1.0	sentinel-zenoh	0.1.0	normal:all	true		true
wasmparser	0.244.0	sentinel-wasm	0.1.0	sentinel-daemon	0.1.0	normal:all	true	A	true
wasmparser	0.244.0	sentinel-wasm	0.1.0	sentinel-ecs	0.1.0	normal:all	true		true
wasmparser	0.244.0	sentinel-zenoh	0.1.0	sentinel-daemon	0.1.0	normal:all	true	A	true
wasmparser	0.244.0	sentinel-zenoh	0.1.0	sentinel-sandbox	0.1.0	normal:all	true		true
wasmparser	0.244.0	serde_with	3.17.0	zenoh-config	1.7.2	normal:all	false		true
wasmparser	0.244.0	sqlite-wasm-rs	0.5.2	rusqlite	0.38.0	"normal:cfg(all(target_family = ""wasm"", target_os = ""unknown""))"	false		true
wasmparser	0.244.0	tempfile	3.27.0	insta	1.46.3	normal:all	false		true
wasmparser	0.244.0	tempfile	3.27.0	sentinel-cluster-control	0.1.0	dev:all	true		true
wasmparser	0.244.0	tempfile	3.27.0	sentinel-common	0.1.0	dev:all	true		true
wasmparser	0.244.0	tempfile	3.27.0	sentinel-daemon	0.1.0	dev:all	true	A	true
wasmparser	0.244.0	tempfile	3.27.0	sentinel-dashboard-backend	0.1.0	dev:all	true	A	true
wasmparser	0.244.0	tempfile	3.27.0	sentinel-ecs	0.1.0	dev:all	true		true
wasmparser	0.244.0	tempfile	3.27.0	sentinel-fs	0.1.0	dev:all	true		true
wasmparser	0.244.0	tempfile	3.27.0	sentinel-gaia	0.1.0	dev:all	true	B	true
wasmparser	0.244.0	tempfile	3.27.0	sentinel-gaia-loop	0.1.0	dev:all	true	A	true
wasmparser	0.244.0	tempfile	3.27.0	sentinel-gaia-memory	0.1.0	dev:all	true		true
wasmparser	0.244.0	tempfile	3.27.0	sentinel-hippocampus	0.1.0	dev:all	true		true
wasmparser	0.244.0	tempfile	3.27.0	sentinel-limbo	0.1.0	dev:all	true		true
wasmparser	0.244.0	tempfile	3.27.0	sentinel-microvm	0.1.0	dev:all	true		true
wasmparser	0.244.0	tempfile	3.27.0	sentinel-nightrun	0.1.0	dev:all	true	C	true
wasmparser	0.244.0	tempfile	3.27.0	sentinel-projection	0.1.0	dev:all	true		true
wasmparser	0.244.0	tempfile	3.27.0	sentinel-redb	0.1.0	dev:all	true		true
wasmparser	0.244.0	tempfile	3.27.0	sentinel-runtime	0.1.0	dev:all	true		true
wasmparser	0.244.0	tempfile	3.27.0	sentinel-sandbox	0.1.0	dev:all	true		true
wasmparser	0.244.0	tempfile	3.27.0	sentinel-wasm	0.1.0	dev:all	true		true
wasmparser	0.244.0	tempfile	3.27.0	wasmtime	45.0.3	normal:all	false		true
wasmparser	0.244.0	tls-listener	0.11.2	zenoh-link-tls	1.7.2	normal:all	false		true
wasmparser	0.244.0	tokio-rustls	0.26.4	async-nats	0.47.0	normal:all	false		true
wasmparser	0.244.0	tokio-rustls	0.26.4	axum-server	0.7.3	normal:all	false		true
wasmparser	0.244.0	tokio-rustls	0.26.4	hyper-rustls	0.27.7	normal:all	false		true
wasmparser	0.244.0	tokio-rustls	0.26.4	reqwest	0.12.28	"normal:cfg(not(target_arch = ""wasm32""))"	false		true
wasmparser	0.244.0	tokio-rustls	0.26.4	tls-listener	0.11.2	normal:all	false		true
wasmparser	0.244.0	tokio-rustls	0.26.4	tokio-websockets	0.10.1	normal:all	false		true
wasmparser	0.244.0	tokio-rustls	0.26.4	zenoh-link-tls	1.7.2	normal:all	false		true
wasmparser	0.244.0	tokio-websockets	0.10.1	async-nats	0.47.0	normal:all	false		true
wasmparser	0.244.0	uuid	1.22.0	bevy_reflect	0.18.0	normal:all	false		false
wasmparser	0.244.0	uuid	1.22.0	bevy_reflect_derive	0.18.0	"normal:cfg(target_arch = ""wasm32"")"	false		true
wasmparser	0.244.0	uuid	1.22.0	debugid	0.8.0	normal:all	false		true
wasmparser	0.244.0	uuid	1.22.0	sentinel-cluster-control	0.1.0	normal:all	true		true
wasmparser	0.244.0	uuid	1.22.0	sentinel-common	0.1.0	normal:all	true		true
wasmparser	0.244.0	uuid	1.22.0	sentinel-daemon	0.1.0	normal:all	true	A	true
wasmparser	0.244.0	uuid	1.22.0	sentinel-dashboard-backend	0.1.0	normal:all	true	A	true
wasmparser	0.244.0	uuid	1.22.0	sentinel-ecs	0.1.0	normal:all	true		true
wasmparser	0.244.0	uuid	1.22.0	sentinel-fs	0.1.0	normal:all	true		true
wasmparser	0.244.0	uuid	1.22.0	sentinel-gaia-loop	0.1.0	normal:all	true	A	true
wasmparser	0.244.0	uuid	1.22.0	sentinel-gaia-memory	0.1.0	normal:all	true		true
wasmparser	0.244.0	uuid	1.22.0	sentinel-limbo	0.1.0	normal:all	true		true
wasmparser	0.244.0	uuid	1.22.0	sentinel-nightrun	0.1.0	normal:all	true	C	true
wasmparser	0.244.0	uuid	1.22.0	sentinel-projection	0.1.0	normal:all	true		true
wasmparser	0.244.0	uuid	1.22.0	sentinel-redb	0.1.0	dev:all	true		true
wasmparser	0.244.0	uuid	1.22.0	sentinel-runtime	0.1.0	normal:all	true		true
wasmparser	0.244.0	uuid	1.22.0	sentinel-telemetry	0.1.0	normal:all	true		true
wasmparser	0.244.0	uuid	1.22.0	sentinel-zenoh	0.1.0	dev:all;normal:all	true		true
wasmparser	0.244.0	uuid	1.22.0	zenoh-link-unixsock_stream	1.7.2	normal:all	false		true
wasmparser	0.244.0	wasip2	1.0.2+wasi-0.2.9	getrandom	0.3.4	"normal:cfg(all(target_arch = ""wasm32"", target_os = ""wasi"", target_env = ""p2""))"	false		true
wasmparser	0.244.0	wasip2	1.0.2+wasi-0.2.9	getrandom	0.4.1	"normal:cfg(all(target_arch = ""wasm32"", target_os = ""wasi"", target_env = ""p2""))"	false		true
wasmparser	0.244.0	wasip3	0.4.0+wasi-0.3.0-rc-2026-01-06	getrandom	0.4.1	"normal:cfg(all(target_arch = ""wasm32"", target_os = ""wasi"", target_env = ""p3""))"	false		true
wasmparser	0.244.0	wasm-encoder	0.244.0	wasm-metadata	0.244.0	normal:all	false		false
wasmparser	0.244.0	wasm-encoder	0.244.0	wit-component	0.244.0	normal:all	false		false
wasmparser	0.244.0	wasm-metadata	0.244.0	wit-bindgen-rust	0.51.0	normal:all	false		false
wasmparser	0.244.0	wasm-metadata	0.244.0	wit-component	0.244.0	normal:all	false		false
wasmparser	0.244.0	wasmparser	0.244.0	wasm-encoder	0.244.0	normal:all	false		false
wasmparser	0.244.0	wasmparser	0.244.0	wasm-metadata	0.244.0	normal:all	false		false
wasmparser	0.244.0	wasmparser	0.244.0	wit-component	0.244.0	normal:all	false		false
wasmparser	0.244.0	wasmparser	0.244.0	wit-parser	0.244.0	normal:all	false		false
wasmparser	0.244.0	wasmtime	45.0.3	sentinel-wasm	0.1.0	normal:all	true		true
wasmparser	0.244.0	wasmtime	45.0.3	wasmtime-wasi	45.0.3	normal:all	false		true
wasmparser	0.244.0	wasmtime	45.0.3	wasmtime-wasi-io	45.0.3	normal:all	false		true
wasmparser	0.244.0	wasmtime	45.0.3	wiggle	45.0.3	normal:all	false		true
wasmparser	0.244.0	wasmtime-internal-cache	45.0.3	wasmtime	45.0.3	normal:all	false		true
wasmparser	0.244.0	wasmtime-internal-fiber	45.0.3	wasmtime	45.0.3	normal:all	false		true
wasmparser	0.244.0	wasmtime-internal-jit-debug	45.0.3	wasmtime	45.0.3	normal:all	false		true
wasmparser	0.244.0	wasmtime-wasi	45.0.3	sentinel-wasm	0.1.0	normal:all	true		true
wasmparser	0.244.0	wasmtime-wasi-io	45.0.3	wasmtime-wasi	45.0.3	normal:all	false		true
wasmparser	0.244.0	wiggle	45.0.3	wasmtime-wasi	45.0.3	normal:all	false		true
wasmparser	0.244.0	wit-bindgen	0.51.0	wasip2	1.0.2+wasi-0.2.9	normal:all	false		true
wasmparser	0.244.0	wit-bindgen	0.51.0	wasip3	0.4.0+wasi-0.3.0-rc-2026-01-06	normal:all	false		true
wasmparser	0.244.0	wit-bindgen-core	0.51.0	wit-bindgen-rust	0.51.0	normal:all	false		false
wasmparser	0.244.0	wit-bindgen-core	0.51.0	wit-bindgen-rust-macro	0.51.0	normal:all	false		false
wasmparser	0.244.0	wit-bindgen-rust	0.51.0	wit-bindgen-rust-macro	0.51.0	normal:all	false		false
wasmparser	0.244.0	wit-bindgen-rust-macro	0.51.0	wit-bindgen	0.51.0	normal:all	false		false
wasmparser	0.244.0	wit-component	0.244.0	wit-bindgen-rust	0.51.0	normal:all	false		false
wasmparser	0.244.0	wit-parser	0.244.0	wit-bindgen-core	0.51.0	normal:all	false		false
wasmparser	0.244.0	wit-parser	0.244.0	wit-component	0.244.0	normal:all	false		false
wasmparser	0.244.0	wtransport	0.6.1	sentinel-dashboard-backend	0.1.0	normal:all	true	A	true
wasmparser	0.244.0	zenoh	1.7.2	sentinel-zenoh	0.1.0	normal:all	true		true
wasmparser	0.244.0	zenoh-buffers	1.7.2	zenoh	1.7.2	normal:all	false		true
wasmparser	0.244.0	zenoh-buffers	1.7.2	zenoh-codec	1.7.2	normal:all	false		true
wasmparser	0.244.0	zenoh-buffers	1.7.2	zenoh-link-commons	1.7.2	normal:all	false		true
wasmparser	0.244.0	zenoh-buffers	1.7.2	zenoh-link-udp	1.7.2	normal:all	false		true
wasmparser	0.244.0	zenoh-buffers	1.7.2	zenoh-protocol	1.7.2	normal:all	false		true
wasmparser	0.244.0	zenoh-buffers	1.7.2	zenoh-sync	1.7.2	normal:all	false		true
wasmparser	0.244.0	zenoh-buffers	1.7.2	zenoh-transport	1.7.2	normal:all	false		true
wasmparser	0.244.0	zenoh-codec	1.7.2	zenoh	1.7.2	normal:all	false		true
wasmparser	0.244.0	zenoh-codec	1.7.2	zenoh-link-commons	1.7.2	normal:all	false		true
wasmparser	0.244.0	zenoh-codec	1.7.2	zenoh-transport	1.7.2	normal:all	false		true
wasmparser	0.244.0	zenoh-collections	1.7.2	zenoh	1.7.2	normal:all	false		true
wasmparser	0.244.0	zenoh-collections	1.7.2	zenoh-buffers	1.7.2	normal:all	false		true
wasmparser	0.244.0	zenoh-collections	1.7.2	zenoh-sync	1.7.2	normal:all	false		true
wasmparser	0.244.0	zenoh-config	1.7.2	zenoh	1.7.2	normal:all	false		true
wasmparser	0.244.0	zenoh-config	1.7.2	zenoh-link	1.7.2	normal:all	false		true
wasmparser	0.244.0	zenoh-config	1.7.2	zenoh-link-commons	1.7.2	normal:all	false		true
wasmparser	0.244.0	zenoh-config	1.7.2	zenoh-link-quic	1.7.2	normal:all	false		true
wasmparser	0.244.0	zenoh-config	1.7.2	zenoh-link-tcp	1.7.2	normal:all	false		true
wasmparser	0.244.0	zenoh-config	1.7.2	zenoh-link-tls	1.7.2	normal:all	false		true
wasmparser	0.244.0	zenoh-config	1.7.2	zenoh-plugin-trait	1.7.2	normal:all	false		true
wasmparser	0.244.0	zenoh-config	1.7.2	zenoh-transport	1.7.2	normal:all	false		true
wasmparser	0.244.0	zenoh-core	1.7.2	zenoh	1.7.2	normal:all	false		true
wasmparser	0.244.0	zenoh-core	1.7.2	zenoh-config	1.7.2	normal:all	false		true
wasmparser	0.244.0	zenoh-core	1.7.2	zenoh-link-commons	1.7.2	normal:all	false		true
wasmparser	0.244.0	zenoh-core	1.7.2	zenoh-link-quic	1.7.2	normal:all	false		true
wasmparser	0.244.0	zenoh-core	1.7.2	zenoh-link-quic_datagram	1.7.2	normal:all	false		true
wasmparser	0.244.0	zenoh-core	1.7.2	zenoh-link-tcp	1.7.2	normal:all	false		true
wasmparser	0.244.0	zenoh-core	1.7.2	zenoh-link-tls	1.7.2	normal:all	false		true
wasmparser	0.244.0	zenoh-core	1.7.2	zenoh-link-udp	1.7.2	normal:all	false		true
wasmparser	0.244.0	zenoh-core	1.7.2	zenoh-link-unixsock_stream	1.7.2	normal:all	false		true
wasmparser	0.244.0	zenoh-core	1.7.2	zenoh-link-ws	1.7.2	normal:all	false		true
wasmparser	0.244.0	zenoh-core	1.7.2	zenoh-sync	1.7.2	normal:all	false		true
wasmparser	0.244.0	zenoh-core	1.7.2	zenoh-task	1.7.2	normal:all	false		true
wasmparser	0.244.0	zenoh-core	1.7.2	zenoh-transport	1.7.2	normal:all	false		true
wasmparser	0.244.0	zenoh-core	1.7.2	zenoh-util	1.7.2	normal:all	false		true
wasmparser	0.244.0	zenoh-keyexpr	1.7.2	zenoh	1.7.2	normal:all	false		true
wasmparser	0.244.0	zenoh-keyexpr	1.7.2	zenoh-config	1.7.2	normal:all	false		true
wasmparser	0.244.0	zenoh-keyexpr	1.7.2	zenoh-macros	1.7.2	normal:all	false		true
wasmparser	0.244.0	zenoh-keyexpr	1.7.2	zenoh-plugin-trait	1.7.2	normal:all	false		true
wasmparser	0.244.0	zenoh-keyexpr	1.7.2	zenoh-protocol	1.7.2	normal:all	false		true
wasmparser	0.244.0	zenoh-link	1.7.2	zenoh	1.7.2	normal:all	false		true
wasmparser	0.244.0	zenoh-link	1.7.2	zenoh-transport	1.7.2	normal:all	false		true
wasmparser	0.244.0	zenoh-link-commons	1.7.2	zenoh	1.7.2	normal:all	false		true
wasmparser	0.244.0	zenoh-link-commons	1.7.2	zenoh-link	1.7.2	normal:all	false		true
wasmparser	0.244.0	zenoh-link-commons	1.7.2	zenoh-link-quic	1.7.2	normal:all	false		true
wasmparser	0.244.0	zenoh-link-commons	1.7.2	zenoh-link-quic_datagram	1.7.2	normal:all	false		true
wasmparser	0.244.0	zenoh-link-commons	1.7.2	zenoh-link-tcp	1.7.2	normal:all	false		true
wasmparser	0.244.0	zenoh-link-commons	1.7.2	zenoh-link-tls	1.7.2	normal:all	false		true
wasmparser	0.244.0	zenoh-link-commons	1.7.2	zenoh-link-udp	1.7.2	normal:all	false		true
wasmparser	0.244.0	zenoh-link-commons	1.7.2	zenoh-link-unixsock_stream	1.7.2	normal:all	false		true
wasmparser	0.244.0	zenoh-link-commons	1.7.2	zenoh-link-ws	1.7.2	normal:all	false		true
wasmparser	0.244.0	zenoh-link-commons	1.7.2	zenoh-transport	1.7.2	normal:all	false		true
wasmparser	0.244.0	zenoh-link-quic	1.7.2	zenoh-link	1.7.2	normal:all	false		true
wasmparser	0.244.0	zenoh-link-quic_datagram	1.7.2	zenoh-link	1.7.2	normal:all	false		true
wasmparser	0.244.0	zenoh-link-tcp	1.7.2	zenoh-link	1.7.2	normal:all	false		true
wasmparser	0.244.0	zenoh-link-tls	1.7.2	zenoh-link	1.7.2	normal:all	false		true
wasmparser	0.244.0	zenoh-link-udp	1.7.2	zenoh-link	1.7.2	normal:all	false		true
wasmparser	0.244.0	zenoh-link-unixsock_stream	1.7.2	zenoh-link	1.7.2	normal:all	false		true
wasmparser	0.244.0	zenoh-link-ws	1.7.2	zenoh-link	1.7.2	normal:all	false		true
wasmparser	0.244.0	zenoh-macros	1.7.2	zenoh	1.7.2	normal:all	false		true
wasmparser	0.244.0	zenoh-macros	1.7.2	zenoh-config	1.7.2	normal:all	false		true
wasmparser	0.244.0	zenoh-macros	1.7.2	zenoh-plugin-trait	1.7.2	normal:all	false		true
wasmparser	0.244.0	zenoh-macros	1.7.2	zenoh-runtime	1.7.2	normal:all	false		true
wasmparser	0.244.0	zenoh-plugin-trait	1.7.2	zenoh	1.7.2	normal:all	false		true
wasmparser	0.244.0	zenoh-protocol	1.7.2	zenoh	1.7.2	normal:all	false		true
wasmparser	0.244.0	zenoh-protocol	1.7.2	zenoh-codec	1.7.2	normal:all	false		true
wasmparser	0.244.0	zenoh-protocol	1.7.2	zenoh-config	1.7.2	normal:all	false		true
wasmparser	0.244.0	zenoh-protocol	1.7.2	zenoh-link	1.7.2	normal:all	false		true
wasmparser	0.244.0	zenoh-protocol	1.7.2	zenoh-link-commons	1.7.2	normal:all	false		true
wasmparser	0.244.0	zenoh-protocol	1.7.2	zenoh-link-quic	1.7.2	normal:all	false		true
wasmparser	0.244.0	zenoh-protocol	1.7.2	zenoh-link-quic_datagram	1.7.2	normal:all	false		true
wasmparser	0.244.0	zenoh-protocol	1.7.2	zenoh-link-tcp	1.7.2	normal:all	false		true
wasmparser	0.244.0	zenoh-protocol	1.7.2	zenoh-link-tls	1.7.2	normal:all	false		true
wasmparser	0.244.0	zenoh-protocol	1.7.2	zenoh-link-udp	1.7.2	normal:all	false		true
wasmparser	0.244.0	zenoh-protocol	1.7.2	zenoh-link-unixsock_stream	1.7.2	normal:all	false		true
wasmparser	0.244.0	zenoh-protocol	1.7.2	zenoh-link-ws	1.7.2	normal:all	false		true
wasmparser	0.244.0	zenoh-protocol	1.7.2	zenoh-transport	1.7.2	normal:all	false		true
wasmparser	0.244.0	zenoh-runtime	1.7.2	zenoh	1.7.2	normal:all	false		true
wasmparser	0.244.0	zenoh-runtime	1.7.2	zenoh-core	1.7.2	normal:all	false		true
wasmparser	0.244.0	zenoh-runtime	1.7.2	zenoh-link-commons	1.7.2	normal:all	false		true
wasmparser	0.244.0	zenoh-runtime	1.7.2	zenoh-link-tls	1.7.2	normal:all	false		true
wasmparser	0.244.0	zenoh-runtime	1.7.2	zenoh-link-unixsock_stream	1.7.2	normal:all	false		true
wasmparser	0.244.0	zenoh-runtime	1.7.2	zenoh-link-ws	1.7.2	normal:all	false		true
wasmparser	0.244.0	zenoh-runtime	1.7.2	zenoh-task	1.7.2	normal:all	false		true
wasmparser	0.244.0	zenoh-runtime	1.7.2	zenoh-transport	1.7.2	normal:all	false		true
wasmparser	0.244.0	zenoh-sync	1.7.2	zenoh	1.7.2	normal:all	false		true
wasmparser	0.244.0	zenoh-sync	1.7.2	zenoh-link-udp	1.7.2	normal:all	false		true
wasmparser	0.244.0	zenoh-sync	1.7.2	zenoh-transport	1.7.2	normal:all	false		true
wasmparser	0.244.0	zenoh-task	1.7.2	zenoh	1.7.2	normal:all	false		true
wasmparser	0.244.0	zenoh-task	1.7.2	zenoh-transport	1.7.2	normal:all	false		true
wasmparser	0.244.0	zenoh-transport	1.7.2	zenoh	1.7.2	normal:all	false		true
wasmparser	0.244.0	zenoh-util	1.7.2	zenoh	1.7.2	normal:all	false		true
wasmparser	0.244.0	zenoh-util	1.7.2	zenoh-config	1.7.2	normal:all	false		true
wasmparser	0.244.0	zenoh-util	1.7.2	zenoh-link-commons	1.7.2	normal:all	false		true
wasmparser	0.244.0	zenoh-util	1.7.2	zenoh-link-quic	1.7.2	normal:all	false		true
wasmparser	0.244.0	zenoh-util	1.7.2	zenoh-link-quic_datagram	1.7.2	normal:all	false		true
wasmparser	0.244.0	zenoh-util	1.7.2	zenoh-link-udp	1.7.2	normal:all	false		true
wasmparser	0.244.0	zenoh-util	1.7.2	zenoh-link-ws	1.7.2	normal:all	false		true
wasmparser	0.244.0	zenoh-util	1.7.2	zenoh-plugin-trait	1.7.2	normal:all	false		true
wasmparser	0.244.0	zenoh-util	1.7.2	zenoh-transport	1.7.2	normal:all	false		true
wasmparser	0.244.0	zstd	0.13.3	sentinel-console-plane	0.1.0	normal:all	true		true
wasmparser	0.244.0	zstd	0.13.3	sentinel-dashboard-backend	0.1.0	normal:all	true	A	true
wasmparser	0.244.0	zstd	0.13.3	sentinel-fs	0.1.0	normal:all	true		true
wasmparser	0.244.0	zstd	0.13.3	wasmtime-internal-cache	45.0.3	normal:all	false		true
wasmparser	0.244.0	zstd-safe	7.2.4	zstd	0.13.3	normal:all	false		true
wasmparser	0.244.0	zstd-sys	2.0.16+zstd.1.5.7	zstd-safe	7.2.4	normal:all	false		true
wasmparser	0.248.0	sentinel-ecs	0.1.0	sentinel-daemon	0.1.0	normal:all	true	A	true
wasmparser	0.248.0	sentinel-ecs	0.1.0	sentinel-runtime	0.1.0	normal:all	true		true
wasmparser	0.248.0	sentinel-runtime	0.1.0	sentinel-daemon	0.1.0	normal:all	true	A	true
wasmparser	0.248.0	sentinel-wasm	0.1.0	sentinel-daemon	0.1.0	normal:all	true	A	true
wasmparser	0.248.0	sentinel-wasm	0.1.0	sentinel-ecs	0.1.0	normal:all	true		true
wasmparser	0.248.0	wasm-compose	0.248.0	wasmtime	45.0.3	normal:all	false		true
wasmparser	0.248.0	wasm-encoder	0.248.0	wasm-compose	0.248.0	normal:all	false		true
wasmparser	0.248.0	wasm-encoder	0.248.0	wasmtime	45.0.3	normal:all	false		true
wasmparser	0.248.0	wasm-encoder	0.248.0	wasmtime-environ	45.0.3	normal:all	false		true
wasmparser	0.248.0	wasmparser	0.248.0	wasm-compose	0.248.0	normal:all	false		true
wasmparser	0.248.0	wasmparser	0.248.0	wasm-encoder	0.248.0	normal:all	false		true
wasmparser	0.248.0	wasmparser	0.248.0	wasmprinter	0.248.0	normal:all	false		true
wasmparser	0.248.0	wasmparser	0.248.0	wasmtime	45.0.3	normal:all	false		true
wasmparser	0.248.0	wasmparser	0.248.0	wasmtime-environ	45.0.3	normal:all	false		true
wasmparser	0.248.0	wasmparser	0.248.0	wasmtime-internal-cranelift	45.0.3	normal:all	false		true
wasmparser	0.248.0	wasmparser	0.248.0	wit-parser	0.248.0	normal:all	false		true
wasmparser	0.248.0	wasmprinter	0.248.0	wasmtime-environ	45.0.3	normal:all	false		true
wasmparser	0.248.0	wasmtime	45.0.3	sentinel-wasm	0.1.0	normal:all	true		true
wasmparser	0.248.0	wasmtime	45.0.3	wasmtime-wasi	45.0.3	normal:all	false		true
wasmparser	0.248.0	wasmtime	45.0.3	wasmtime-wasi-io	45.0.3	normal:all	false		true
wasmparser	0.248.0	wasmtime	45.0.3	wiggle	45.0.3	normal:all	false		true
wasmparser	0.248.0	wasmtime-environ	45.0.3	wasmtime	45.0.3	normal:all	false		true
wasmparser	0.248.0	wasmtime-environ	45.0.3	wasmtime-internal-cache	45.0.3	normal:all	false		true
wasmparser	0.248.0	wasmtime-environ	45.0.3	wasmtime-internal-cranelift	45.0.3	normal:all	false		true
wasmparser	0.248.0	wasmtime-environ	45.0.3	wasmtime-internal-fiber	45.0.3	normal:all	false		true
wasmparser	0.248.0	wasmtime-environ	45.0.3	wasmtime-internal-unwinder	45.0.3	normal:all	false		true
wasmparser	0.248.0	wasmtime-environ	45.0.3	wiggle	45.0.3	normal:all	false		true
wasmparser	0.248.0	wasmtime-environ	45.0.3	wiggle-generate	45.0.3	normal:all	false		true
wasmparser	0.248.0	wasmtime-internal-cache	45.0.3	wasmtime	45.0.3	normal:all	false		true
wasmparser	0.248.0	wasmtime-internal-component-macro	45.0.3	wasmtime	45.0.3	normal:all	false		true
wasmparser	0.248.0	wasmtime-internal-cranelift	45.0.3	wasmtime	45.0.3	normal:all	false		true
wasmparser	0.248.0	wasmtime-internal-fiber	45.0.3	wasmtime	45.0.3	normal:all	false		true
wasmparser	0.248.0	wasmtime-internal-unwinder	45.0.3	wasmtime	45.0.3	normal:all	false		true
wasmparser	0.248.0	wasmtime-internal-unwinder	45.0.3	wasmtime-internal-cranelift	45.0.3	normal:all	false		true
wasmparser	0.248.0	wasmtime-internal-wit-bindgen	45.0.3	wasmtime-internal-component-macro	45.0.3	normal:all	false		true
wasmparser	0.248.0	wasmtime-wasi	45.0.3	sentinel-wasm	0.1.0	normal:all	true		true
wasmparser	0.248.0	wasmtime-wasi-io	45.0.3	wasmtime-wasi	45.0.3	normal:all	false		true
wasmparser	0.248.0	wiggle	45.0.3	wasmtime-wasi	45.0.3	normal:all	false		true
wasmparser	0.248.0	wiggle-generate	45.0.3	wiggle-macro	45.0.3	normal:all	false		true
wasmparser	0.248.0	wiggle-macro	45.0.3	wiggle	45.0.3	normal:all	false		true
wasmparser	0.248.0	wit-parser	0.248.0	wasmtime-internal-component-macro	45.0.3	normal:all	false		true
wasmparser	0.248.0	wit-parser	0.248.0	wasmtime-internal-wit-bindgen	45.0.3	normal:all	false		true
wasmparser	0.250.0	sentinel-ecs	0.1.0	sentinel-daemon	0.1.0	normal:all	true	A	true
wasmparser	0.250.0	sentinel-ecs	0.1.0	sentinel-runtime	0.1.0	normal:all	true		true
wasmparser	0.250.0	sentinel-runtime	0.1.0	sentinel-daemon	0.1.0	normal:all	true	A	true
wasmparser	0.250.0	sentinel-wasm	0.1.0	sentinel-daemon	0.1.0	normal:all	true	A	true
wasmparser	0.250.0	sentinel-wasm	0.1.0	sentinel-ecs	0.1.0	normal:all	true		true
wasmparser	0.250.0	wasm-compose	0.248.0	wasmtime	45.0.3	normal:all	false		true
wasmparser	0.250.0	wasm-encoder	0.250.0	wast	250.0.0	normal:all	false		true
wasmparser	0.250.0	wasmparser	0.250.0	wasm-encoder	0.250.0	normal:all	false		false
wasmparser	0.250.0	wasmtime	45.0.3	sentinel-wasm	0.1.0	normal:all	true		true
wasmparser	0.250.0	wasmtime	45.0.3	wasmtime-wasi	45.0.3	normal:all	false		true
wasmparser	0.250.0	wasmtime	45.0.3	wasmtime-wasi-io	45.0.3	normal:all	false		true
wasmparser	0.250.0	wasmtime	45.0.3	wiggle	45.0.3	normal:all	false		true
wasmparser	0.250.0	wasmtime-wasi	45.0.3	sentinel-wasm	0.1.0	normal:all	true		true
wasmparser	0.250.0	wasmtime-wasi-io	45.0.3	wasmtime-wasi	45.0.3	normal:all	false		true
wasmparser	0.250.0	wast	250.0.0	wat	1.250.0	normal:all	false		true
wasmparser	0.250.0	wat	1.250.0	wasm-compose	0.248.0	normal:all	false		true
wasmparser	0.250.0	wat	1.250.0	wasmtime	45.0.3	normal:all	false		true
wasmparser	0.250.0	wiggle	45.0.3	wasmtime-wasi	45.0.3	normal:all	false		true
wast	250.0.0	sentinel-ecs	0.1.0	sentinel-daemon	0.1.0	normal:all	true	A	true
wast	250.0.0	sentinel-ecs	0.1.0	sentinel-runtime	0.1.0	normal:all	true		true
wast	250.0.0	sentinel-runtime	0.1.0	sentinel-daemon	0.1.0	normal:all	true	A	true
wast	250.0.0	sentinel-wasm	0.1.0	sentinel-daemon	0.1.0	normal:all	true	A	true
wast	250.0.0	sentinel-wasm	0.1.0	sentinel-ecs	0.1.0	normal:all	true		true
wast	250.0.0	wasm-compose	0.248.0	wasmtime	45.0.3	normal:all	false		true
wast	250.0.0	wasmtime	45.0.3	sentinel-wasm	0.1.0	normal:all	true		true
wast	250.0.0	wasmtime	45.0.3	wasmtime-wasi	45.0.3	normal:all	false		true
wast	250.0.0	wasmtime	45.0.3	wasmtime-wasi-io	45.0.3	normal:all	false		true
wast	250.0.0	wasmtime	45.0.3	wiggle	45.0.3	normal:all	false		true
wast	250.0.0	wasmtime-wasi	45.0.3	sentinel-wasm	0.1.0	normal:all	true		true
wast	250.0.0	wasmtime-wasi-io	45.0.3	wasmtime-wasi	45.0.3	normal:all	false		true
wast	250.0.0	wast	250.0.0	wat	1.250.0	normal:all	false		true
wast	250.0.0	wat	1.250.0	wasm-compose	0.248.0	normal:all	false		true
wast	250.0.0	wat	1.250.0	wasmtime	45.0.3	normal:all	false		true
wast	250.0.0	wiggle	45.0.3	wasmtime-wasi	45.0.3	normal:all	false		true
wast	35.0.2	sentinel-ecs	0.1.0	sentinel-daemon	0.1.0	normal:all	true	A	true
wast	35.0.2	sentinel-ecs	0.1.0	sentinel-runtime	0.1.0	normal:all	true		true
wast	35.0.2	sentinel-runtime	0.1.0	sentinel-daemon	0.1.0	normal:all	true	A	true
wast	35.0.2	sentinel-wasm	0.1.0	sentinel-daemon	0.1.0	normal:all	true	A	true
wast	35.0.2	sentinel-wasm	0.1.0	sentinel-ecs	0.1.0	normal:all	true		true
wast	35.0.2	wasmtime-wasi	45.0.3	sentinel-wasm	0.1.0	normal:all	true		true
wast	35.0.2	wast	35.0.2	witx	0.9.1	normal:all	false		true
wast	35.0.2	wiggle	45.0.3	wasmtime-wasi	45.0.3	normal:all	false		true
wast	35.0.2	wiggle-generate	45.0.3	wiggle-macro	45.0.3	normal:all	false		true
wast	35.0.2	wiggle-macro	45.0.3	wiggle	45.0.3	normal:all	false		true
wast	35.0.2	witx	0.9.1	wiggle-generate	45.0.3	normal:all	false		true
webpki-roots	0.26.11	async-nats	0.47.0	sentinel-daemon	0.1.0	normal:all	true	A	true
webpki-roots	0.26.11	async-nats	0.47.0	sentinel-dashboard-backend	0.1.0	normal:all	true	A	true
webpki-roots	0.26.11	async-nats	0.47.0	sentinel-gaia-loop	0.1.0	normal:all	true	A	true
webpki-roots	0.26.11	sentinel-gaia-loop	0.1.0	sentinel-dashboard-backend	0.1.0	normal:all	true	A	true
webpki-roots	0.26.11	tokio-websockets	0.10.1	async-nats	0.47.0	normal:all	false		true
webpki-roots	0.26.11	webpki-roots	0.26.11	tokio-websockets	0.10.1	normal:all	false		true
webpki-roots	1.0.6	async-nats	0.47.0	sentinel-daemon	0.1.0	normal:all	true	A	true
webpki-roots	1.0.6	async-nats	0.47.0	sentinel-dashboard-backend	0.1.0	normal:all	true	A	true
webpki-roots	1.0.6	async-nats	0.47.0	sentinel-gaia-loop	0.1.0	normal:all	true	A	true
webpki-roots	1.0.6	hyper-rustls	0.27.7	reqwest	0.12.28	"normal:cfg(not(target_arch = ""wasm32""))"	false		true
webpki-roots	1.0.6	reqwest	0.12.28	sentinel-ctl	0.1.0	normal:all	true	B	true
webpki-roots	1.0.6	reqwest	0.12.28	sentinel-daemon	0.1.0	normal:all	true	A	true
webpki-roots	1.0.6	reqwest	0.12.28	sentinel-dashboard-backend	0.1.0	normal:all	true	A	true
webpki-roots	1.0.6	sentinel-gaia-loop	0.1.0	sentinel-dashboard-backend	0.1.0	normal:all	true	A	true
webpki-roots	1.0.6	sentinel-sandbox	0.1.0	sentinel-daemon	0.1.0	normal:all	true	A	true
webpki-roots	1.0.6	sentinel-zenoh	0.1.0	sentinel-daemon	0.1.0	normal:all	true	A	true
webpki-roots	1.0.6	sentinel-zenoh	0.1.0	sentinel-sandbox	0.1.0	normal:all	true		true
webpki-roots	1.0.6	tokio-websockets	0.10.1	async-nats	0.47.0	normal:all	false		true
webpki-roots	1.0.6	webpki-roots	0.26.11	tokio-websockets	0.10.1	normal:all	false		true
webpki-roots	1.0.6	webpki-roots	1.0.6	hyper-rustls	0.27.7	normal:all	false		true
webpki-roots	1.0.6	webpki-roots	1.0.6	reqwest	0.12.28	"normal:cfg(not(target_arch = ""wasm32""))"	false		true
webpki-roots	1.0.6	webpki-roots	1.0.6	webpki-roots	0.26.11	normal:all	false		true
webpki-roots	1.0.6	webpki-roots	1.0.6	zenoh-link-commons	1.7.2	normal:all	false		true
webpki-roots	1.0.6	webpki-roots	1.0.6	zenoh-link-quic	1.7.2	normal:all	false		true
webpki-roots	1.0.6	webpki-roots	1.0.6	zenoh-link-tls	1.7.2	normal:all	false		true
webpki-roots	1.0.6	zenoh	1.7.2	sentinel-zenoh	0.1.0	normal:all	true		true
webpki-roots	1.0.6	zenoh-link	1.7.2	zenoh	1.7.2	normal:all	false		true
webpki-roots	1.0.6	zenoh-link	1.7.2	zenoh-transport	1.7.2	normal:all	false		true
webpki-roots	1.0.6	zenoh-link-commons	1.7.2	zenoh	1.7.2	normal:all	false		true
webpki-roots	1.0.6	zenoh-link-commons	1.7.2	zenoh-link	1.7.2	normal:all	false		true
webpki-roots	1.0.6	zenoh-link-commons	1.7.2	zenoh-link-quic	1.7.2	normal:all	false		true
webpki-roots	1.0.6	zenoh-link-commons	1.7.2	zenoh-link-quic_datagram	1.7.2	normal:all	false		true
webpki-roots	1.0.6	zenoh-link-commons	1.7.2	zenoh-link-tcp	1.7.2	normal:all	false		true
webpki-roots	1.0.6	zenoh-link-commons	1.7.2	zenoh-link-tls	1.7.2	normal:all	false		true
webpki-roots	1.0.6	zenoh-link-commons	1.7.2	zenoh-link-udp	1.7.2	normal:all	false		true
webpki-roots	1.0.6	zenoh-link-commons	1.7.2	zenoh-link-unixsock_stream	1.7.2	normal:all	false		true
webpki-roots	1.0.6	zenoh-link-commons	1.7.2	zenoh-link-ws	1.7.2	normal:all	false		true
webpki-roots	1.0.6	zenoh-link-commons	1.7.2	zenoh-transport	1.7.2	normal:all	false		true
webpki-roots	1.0.6	zenoh-link-quic	1.7.2	zenoh-link	1.7.2	normal:all	false		true
webpki-roots	1.0.6	zenoh-link-quic_datagram	1.7.2	zenoh-link	1.7.2	normal:all	false		true
webpki-roots	1.0.6	zenoh-link-tcp	1.7.2	zenoh-link	1.7.2	normal:all	false		true
webpki-roots	1.0.6	zenoh-link-tls	1.7.2	zenoh-link	1.7.2	normal:all	false		true
webpki-roots	1.0.6	zenoh-link-udp	1.7.2	zenoh-link	1.7.2	normal:all	false		true
webpki-roots	1.0.6	zenoh-link-unixsock_stream	1.7.2	zenoh-link	1.7.2	normal:all	false		true
webpki-roots	1.0.6	zenoh-link-ws	1.7.2	zenoh-link	1.7.2	normal:all	false		true
webpki-roots	1.0.6	zenoh-transport	1.7.2	zenoh	1.7.2	normal:all	false		true
windows-sys	0.45.0	jni	0.21.1	rustls-platform-verifier	0.6.2	"normal:cfg(target_os = ""android"")"	false		true
windows-sys	0.45.0	quinn	0.11.9	sentinel-cluster-control	0.1.0	normal:all	true		true
windows-sys	0.45.0	quinn	0.11.9	wtransport	0.6.1	normal:all	false		true
windows-sys	0.45.0	quinn	0.11.9	zenoh-link-commons	1.7.2	normal:all	false		true
windows-sys	0.45.0	quinn	0.11.9	zenoh-link-quic	1.7.2	normal:all	false		true
windows-sys	0.45.0	quinn	0.11.9	zenoh-link-quic_datagram	1.7.2	normal:all	false		true
windows-sys	0.45.0	quinn-proto	0.11.15	quinn	0.11.9	normal:all	false		true
windows-sys	0.45.0	rustls-platform-verifier	0.6.2	quinn-proto	0.11.15	normal:all	false		true
windows-sys	0.45.0	sentinel-cluster-control	0.1.0	sentinel-daemon	0.1.0	normal:all	true	A	true
windows-sys	0.45.0	sentinel-sandbox	0.1.0	sentinel-daemon	0.1.0	normal:all	true	A	true
windows-sys	0.45.0	sentinel-zenoh	0.1.0	sentinel-daemon	0.1.0	normal:all	true	A	true
windows-sys	0.45.0	sentinel-zenoh	0.1.0	sentinel-sandbox	0.1.0	normal:all	true		true
windows-sys	0.45.0	windows-sys	0.45.0	jni	0.21.1	normal:cfg(windows)	false		true
windows-sys	0.45.0	wtransport	0.6.1	sentinel-dashboard-backend	0.1.0	normal:all	true	A	true
windows-sys	0.45.0	zenoh	1.7.2	sentinel-zenoh	0.1.0	normal:all	true		true
windows-sys	0.45.0	zenoh-link	1.7.2	zenoh	1.7.2	normal:all	false		true
windows-sys	0.45.0	zenoh-link	1.7.2	zenoh-transport	1.7.2	normal:all	false		true
windows-sys	0.45.0	zenoh-link-commons	1.7.2	zenoh	1.7.2	normal:all	false		true
windows-sys	0.45.0	zenoh-link-commons	1.7.2	zenoh-link	1.7.2	normal:all	false		true
windows-sys	0.45.0	zenoh-link-commons	1.7.2	zenoh-link-quic	1.7.2	normal:all	false		true
windows-sys	0.45.0	zenoh-link-commons	1.7.2	zenoh-link-quic_datagram	1.7.2	normal:all	false		true
windows-sys	0.45.0	zenoh-link-commons	1.7.2	zenoh-link-tcp	1.7.2	normal:all	false		true
windows-sys	0.45.0	zenoh-link-commons	1.7.2	zenoh-link-tls	1.7.2	normal:all	false		true
windows-sys	0.45.0	zenoh-link-commons	1.7.2	zenoh-link-udp	1.7.2	normal:all	false		true
windows-sys	0.45.0	zenoh-link-commons	1.7.2	zenoh-link-unixsock_stream	1.7.2	normal:all	false		true
windows-sys	0.45.0	zenoh-link-commons	1.7.2	zenoh-link-ws	1.7.2	normal:all	false		true
windows-sys	0.45.0	zenoh-link-commons	1.7.2	zenoh-transport	1.7.2	normal:all	false		true
windows-sys	0.45.0	zenoh-link-quic	1.7.2	zenoh-link	1.7.2	normal:all	false		true
windows-sys	0.45.0	zenoh-link-quic_datagram	1.7.2	zenoh-link	1.7.2	normal:all	false		true
windows-sys	0.45.0	zenoh-link-tcp	1.7.2	zenoh-link	1.7.2	normal:all	false		true
windows-sys	0.45.0	zenoh-link-tls	1.7.2	zenoh-link	1.7.2	normal:all	false		true
windows-sys	0.45.0	zenoh-link-udp	1.7.2	zenoh-link	1.7.2	normal:all	false		true
windows-sys	0.45.0	zenoh-link-unixsock_stream	1.7.2	zenoh-link	1.7.2	normal:all	false		true
windows-sys	0.45.0	zenoh-link-ws	1.7.2	zenoh-link	1.7.2	normal:all	false		true
windows-sys	0.45.0	zenoh-transport	1.7.2	zenoh	1.7.2	normal:all	false		true
windows-sys	0.52.0	async-nats	0.47.0	sentinel-daemon	0.1.0	normal:all	true	A	true
windows-sys	0.52.0	async-nats	0.47.0	sentinel-dashboard-backend	0.1.0	normal:all	true	A	true
windows-sys	0.52.0	async-nats	0.47.0	sentinel-gaia-loop	0.1.0	normal:all	true	A	true
windows-sys	0.52.0	axum-server	0.7.3	sentinel-dashboard-backend	0.1.0	normal:all	true	A	true
windows-sys	0.52.0	hyper-rustls	0.27.7	reqwest	0.12.28	"normal:cfg(not(target_arch = ""wasm32""))"	false		true
windows-sys	0.52.0	quinn	0.11.9	sentinel-cluster-control	0.1.0	normal:all	true		true
windows-sys	0.52.0	quinn	0.11.9	wtransport	0.6.1	normal:all	false		true
windows-sys	0.52.0	quinn	0.11.9	zenoh-link-commons	1.7.2	normal:all	false		true
windows-sys	0.52.0	quinn	0.11.9	zenoh-link-quic	1.7.2	normal:all	false		true
windows-sys	0.52.0	quinn	0.11.9	zenoh-link-quic_datagram	1.7.2	normal:all	false		true
windows-sys	0.52.0	quinn-proto	0.11.15	quinn	0.11.9	normal:all	false		true
windows-sys	0.52.0	rcgen	0.13.2	sentinel-cluster-control	0.1.0	normal:all	true		true
windows-sys	0.52.0	rcgen	0.13.2	sentinel-dashboard-backend	0.1.0	normal:all	true	A	true
windows-sys	0.52.0	rcgen	0.13.2	wtransport	0.6.1	normal:all	false		true
windows-sys	0.52.0	reqwest	0.12.28	sentinel-ctl	0.1.0	normal:all	true	B	true
windows-sys	0.52.0	reqwest	0.12.28	sentinel-daemon	0.1.0	normal:all	true	A	true
windows-sys	0.52.0	reqwest	0.12.28	sentinel-dashboard-backend	0.1.0	normal:all	true	A	true
windows-sys	0.52.0	ring	0.17.14	async-nats	0.47.0	normal:all	false		true
windows-sys	0.52.0	ring	0.17.14	quinn-proto	0.11.15	"normal:all;normal:cfg(all(target_family = ""wasm"", target_os = ""unknown""))"	false		true
windows-sys	0.52.0	ring	0.17.14	rcgen	0.13.2	normal:all	false		true
windows-sys	0.52.0	ring	0.17.14	rustls	0.23.37	normal:all	false		true
windows-sys	0.52.0	ring	0.17.14	rustls-webpki	0.103.13	normal:all	false		true
windows-sys	0.52.0	ring	0.17.14	tokio-websockets	0.10.1	normal:all	false		true
windows-sys	0.52.0	rustls	0.23.37	axum-server	0.7.3	normal:all	false		true
windows-sys	0.52.0	rustls	0.23.37	hyper-rustls	0.27.7	normal:all	false		true
windows-sys	0.52.0	rustls	0.23.37	quinn	0.11.9	normal:all	false		true
windows-sys	0.52.0	rustls	0.23.37	quinn-proto	0.11.15	normal:all	false		true
windows-sys	0.52.0	rustls	0.23.37	reqwest	0.12.28	"normal:cfg(not(target_arch = ""wasm32""))"	false		true
windows-sys	0.52.0	rustls	0.23.37	rustls-platform-verifier	0.6.2	normal:all	false		true
windows-sys	0.52.0	rustls	0.23.37	sentinel-cluster-control	0.1.0	normal:all	true		true
windows-sys	0.52.0	rustls	0.23.37	sentinel-dashboard-backend	0.1.0	normal:all	true	A	true
windows-sys	0.52.0	rustls	0.23.37	tokio-rustls	0.26.4	normal:all	false		true
windows-sys	0.52.0	rustls	0.23.37	wtransport	0.6.1	normal:all	false		true
windows-sys	0.52.0	rustls	0.23.37	zenoh-link-commons	1.7.2	normal:all	false		true
windows-sys	0.52.0	rustls	0.23.37	zenoh-link-quic	1.7.2	normal:all	false		true
windows-sys	0.52.0	rustls	0.23.37	zenoh-link-quic_datagram	1.7.2	normal:all	false		true
windows-sys	0.52.0	rustls	0.23.37	zenoh-link-tls	1.7.2	normal:all	false		true
windows-sys	0.52.0	rustls-platform-verifier	0.6.2	quinn-proto	0.11.15	normal:all	false		true
windows-sys	0.52.0	rustls-webpki	0.103.13	async-nats	0.47.0	normal:all	false		true
windows-sys	0.52.0	rustls-webpki	0.103.13	rustls	0.23.37	normal:all	false		true
windows-sys	0.52.0	rustls-webpki	0.103.13	rustls-platform-verifier	0.6.2	"normal:cfg(all(unix, not(target_os = ""android""), not(target_vendor = ""apple""), not(target_arch = ""wasm32"")));normal:cfg(target_arch = ""wasm32"");normal:cfg(target_os = ""android"")"	false		true
windows-sys	0.52.0	rustls-webpki	0.103.13	zenoh-link-commons	1.7.2	normal:all	false		true
windows-sys	0.52.0	rustls-webpki	0.103.13	zenoh-link-quic	1.7.2	normal:all	false		true
windows-sys	0.52.0	rustls-webpki	0.103.13	zenoh-link-quic_datagram	1.7.2	normal:all	false		true
windows-sys	0.52.0	rustls-webpki	0.103.13	zenoh-link-tls	1.7.2	normal:all	false		true
windows-sys	0.52.0	sentinel-cluster-control	0.1.0	sentinel-daemon	0.1.0	normal:all	true	A	true
windows-sys	0.52.0	sentinel-gaia-loop	0.1.0	sentinel-dashboard-backend	0.1.0	normal:all	true	A	true
windows-sys	0.52.0	sentinel-sandbox	0.1.0	sentinel-daemon	0.1.0	normal:all	true	A	true
windows-sys	0.52.0	sentinel-zenoh	0.1.0	sentinel-daemon	0.1.0	normal:all	true	A	true
windows-sys	0.52.0	sentinel-zenoh	0.1.0	sentinel-sandbox	0.1.0	normal:all	true		true
windows-sys	0.52.0	socket2	0.5.10	wtransport	0.6.1	normal:all	false		true
windows-sys	0.52.0	socket2	0.5.10	zenoh	1.7.2	normal:all	false		true
windows-sys	0.52.0	socket2	0.5.10	zenoh-link-commons	1.7.2	normal:all	false		true
windows-sys	0.52.0	socket2	0.5.10	zenoh-link-tcp	1.7.2	normal:all	false		true
windows-sys	0.52.0	socket2	0.5.10	zenoh-link-tls	1.7.2	normal:all	false		true
windows-sys	0.52.0	socket2	0.5.10	zenoh-link-udp	1.7.2	normal:all	false		true
windows-sys	0.52.0	tls-listener	0.11.2	zenoh-link-tls	1.7.2	normal:all	false		true
windows-sys	0.52.0	tokio-rustls	0.26.4	async-nats	0.47.0	normal:all	false		true
windows-sys	0.52.0	tokio-rustls	0.26.4	axum-server	0.7.3	normal:all	false		true
windows-sys	0.52.0	tokio-rustls	0.26.4	hyper-rustls	0.27.7	normal:all	false		true
windows-sys	0.52.0	tokio-rustls	0.26.4	reqwest	0.12.28	"normal:cfg(not(target_arch = ""wasm32""))"	false		true
windows-sys	0.52.0	tokio-rustls	0.26.4	tls-listener	0.11.2	normal:all	false		true
windows-sys	0.52.0	tokio-rustls	0.26.4	tokio-websockets	0.10.1	normal:all	false		true
windows-sys	0.52.0	tokio-rustls	0.26.4	zenoh-link-tls	1.7.2	normal:all	false		true
windows-sys	0.52.0	tokio-websockets	0.10.1	async-nats	0.47.0	normal:all	false		true
windows-sys	0.52.0	windows-sys	0.52.0	ring	0.17.14	"normal:cfg(all(all(target_arch = ""aarch64"", target_endian = ""little""), target_os = ""windows""))"	false		true
windows-sys	0.52.0	windows-sys	0.52.0	socket2	0.5.10	normal:cfg(windows)	false		true
windows-sys	0.52.0	wtransport	0.6.1	sentinel-dashboard-backend	0.1.0	normal:all	true	A	true
windows-sys	0.52.0	zenoh	1.7.2	sentinel-zenoh	0.1.0	normal:all	true		true
windows-sys	0.52.0	zenoh-link	1.7.2	zenoh	1.7.2	normal:all	false		true
windows-sys	0.52.0	zenoh-link	1.7.2	zenoh-transport	1.7.2	normal:all	false		true
windows-sys	0.52.0	zenoh-link-commons	1.7.2	zenoh	1.7.2	normal:all	false		true
windows-sys	0.52.0	zenoh-link-commons	1.7.2	zenoh-link	1.7.2	normal:all	false		true
windows-sys	0.52.0	zenoh-link-commons	1.7.2	zenoh-link-quic	1.7.2	normal:all	false		true
windows-sys	0.52.0	zenoh-link-commons	1.7.2	zenoh-link-quic_datagram	1.7.2	normal:all	false		true
windows-sys	0.52.0	zenoh-link-commons	1.7.2	zenoh-link-tcp	1.7.2	normal:all	false		true
windows-sys	0.52.0	zenoh-link-commons	1.7.2	zenoh-link-tls	1.7.2	normal:all	false		true
windows-sys	0.52.0	zenoh-link-commons	1.7.2	zenoh-link-udp	1.7.2	normal:all	false		true
windows-sys	0.52.0	zenoh-link-commons	1.7.2	zenoh-link-unixsock_stream	1.7.2	normal:all	false		true
windows-sys	0.52.0	zenoh-link-commons	1.7.2	zenoh-link-ws	1.7.2	normal:all	false		true
windows-sys	0.52.0	zenoh-link-commons	1.7.2	zenoh-transport	1.7.2	normal:all	false		true
windows-sys	0.52.0	zenoh-link-quic	1.7.2	zenoh-link	1.7.2	normal:all	false		true
windows-sys	0.52.0	zenoh-link-quic_datagram	1.7.2	zenoh-link	1.7.2	normal:all	false		true
windows-sys	0.52.0	zenoh-link-tcp	1.7.2	zenoh-link	1.7.2	normal:all	false		true
windows-sys	0.52.0	zenoh-link-tls	1.7.2	zenoh-link	1.7.2	normal:all	false		true
windows-sys	0.52.0	zenoh-link-udp	1.7.2	zenoh-link	1.7.2	normal:all	false		true
windows-sys	0.52.0	zenoh-link-unixsock_stream	1.7.2	zenoh-link	1.7.2	normal:all	false		true
windows-sys	0.52.0	zenoh-link-ws	1.7.2	zenoh-link	1.7.2	normal:all	false		true
windows-sys	0.52.0	zenoh-transport	1.7.2	zenoh	1.7.2	normal:all	false		true
windows-sys	0.59.0	cap-fs-ext	3.4.5	wasmtime-wasi	45.0.3	normal:all	false		true
windows-sys	0.59.0	cap-net-ext	3.4.5	wasmtime-wasi	45.0.3	normal:all	false		true
windows-sys	0.59.0	cap-primitives	3.4.5	cap-fs-ext	3.4.5	normal:all	false		true
windows-sys	0.59.0	cap-primitives	3.4.5	cap-net-ext	3.4.5	normal:all	false		true
windows-sys	0.59.0	cap-primitives	3.4.5	cap-std	3.4.5	normal:all	false		true
windows-sys	0.59.0	cap-primitives	3.4.5	cap-time-ext	3.4.5	normal:all	false		true
windows-sys	0.59.0	cap-std	3.4.5	cap-fs-ext	3.4.5	normal:all	false		true
windows-sys	0.59.0	cap-std	3.4.5	cap-net-ext	3.4.5	normal:all	false		true
windows-sys	0.59.0	cap-std	3.4.5	wasmtime-wasi	45.0.3	normal:all	false		true
windows-sys	0.59.0	cap-time-ext	3.4.5	wasmtime-wasi	45.0.3	normal:all	false		true
windows-sys	0.59.0	console	0.15.11	insta	1.46.3	normal:all	false		true
windows-sys	0.59.0	fs-set-times	0.20.3	cap-primitives	3.4.5	normal:all	false		true
windows-sys	0.59.0	fs-set-times	0.20.3	wasmtime-wasi	45.0.3	normal:all	false		true
windows-sys	0.59.0	insta	1.46.3	sentinel-ecs	0.1.0	dev:all	true		true
windows-sys	0.59.0	insta	1.46.3	sentinel-physics	0.1.0	dev:all	true		true
windows-sys	0.59.0	io-extras	0.18.4	cap-primitives	3.4.5	normal:all	false		true
windows-sys	0.59.0	io-extras	0.18.4	cap-std	3.4.5	normal:all	false		true
windows-sys	0.59.0	io-extras	0.18.4	wasmtime-wasi	45.0.3	normal:cfg(windows)	false		true
windows-sys	0.59.0	quinn	0.11.9	sentinel-cluster-control	0.1.0	normal:all	true		true
windows-sys	0.59.0	quinn	0.11.9	wtransport	0.6.1	normal:all	false		true
windows-sys	0.59.0	quinn	0.11.9	zenoh-link-commons	1.7.2	normal:all	false		true
windows-sys	0.59.0	quinn	0.11.9	zenoh-link-quic	1.7.2	normal:all	false		true
windows-sys	0.59.0	quinn	0.11.9	zenoh-link-quic_datagram	1.7.2	normal:all	false		true
windows-sys	0.59.0	quinn-udp	0.5.14	quinn	0.11.9	normal:all	false		true
windows-sys	0.59.0	sentinel-cluster-control	0.1.0	sentinel-daemon	0.1.0	normal:all	true	A	true
windows-sys	0.59.0	sentinel-ecs	0.1.0	sentinel-daemon	0.1.0	normal:all	true	A	true
windows-sys	0.59.0	sentinel-ecs	0.1.0	sentinel-runtime	0.1.0	normal:all	true		true
windows-sys	0.59.0	sentinel-physics	0.1.0	sentinel-ecs	0.1.0	normal:all	true		true
windows-sys	0.59.0	sentinel-physics	0.1.0	sentinel-projection	0.1.0	normal:all	true		true
windows-sys	0.59.0	sentinel-projection	0.1.0	sentinel-daemon	0.1.0	normal:all	true	A	true
windows-sys	0.59.0	sentinel-projection	0.1.0	sentinel-dashboard-backend	0.1.0	normal:all	true	A	true
windows-sys	0.59.0	sentinel-projection	0.1.0	sentinel-gaia-memory	0.1.0	dev:all	true		true
windows-sys	0.59.0	sentinel-projection	0.1.0	sentinel-projection-service	0.1.0	normal:all	true	A	true
windows-sys	0.59.0	sentinel-runtime	0.1.0	sentinel-daemon	0.1.0	normal:all	true	A	true
windows-sys	0.59.0	sentinel-sandbox	0.1.0	sentinel-daemon	0.1.0	normal:all	true	A	true
windows-sys	0.59.0	sentinel-wasm	0.1.0	sentinel-daemon	0.1.0	normal:all	true	A	true
windows-sys	0.59.0	sentinel-wasm	0.1.0	sentinel-ecs	0.1.0	normal:all	true		true
windows-sys	0.59.0	sentinel-zenoh	0.1.0	sentinel-daemon	0.1.0	normal:all	true	A	true
windows-sys	0.59.0	sentinel-zenoh	0.1.0	sentinel-sandbox	0.1.0	normal:all	true		true
windows-sys	0.59.0	wasmtime-wasi	45.0.3	sentinel-wasm	0.1.0	normal:all	true		true
windows-sys	0.59.0	windows-sys	0.59.0	cap-fs-ext	3.4.5	normal:cfg(windows)	false		true
windows-sys	0.59.0	windows-sys	0.59.0	cap-primitives	3.4.5	normal:cfg(windows)	false		true
windows-sys	0.59.0	windows-sys	0.59.0	console	0.15.11	normal:cfg(windows)	false		true
windows-sys	0.59.0	windows-sys	0.59.0	fs-set-times	0.20.3	normal:cfg(windows)	false		true
windows-sys	0.59.0	windows-sys	0.59.0	io-extras	0.18.4	normal:cfg(windows)	false		true
windows-sys	0.59.0	windows-sys	0.59.0	quinn-udp	0.5.14	normal:cfg(windows)	false		true
windows-sys	0.59.0	windows-sys	0.59.0	winx	0.36.4	normal:cfg(windows)	false		true
windows-sys	0.59.0	winx	0.36.4	cap-primitives	3.4.5	normal:cfg(windows)	false		true
windows-sys	0.59.0	winx	0.36.4	cap-time-ext	3.4.5	normal:cfg(windows)	false		true
windows-sys	0.59.0	wtransport	0.6.1	sentinel-dashboard-backend	0.1.0	normal:all	true	A	true
windows-sys	0.59.0	zenoh	1.7.2	sentinel-zenoh	0.1.0	normal:all	true		true
windows-sys	0.59.0	zenoh-link	1.7.2	zenoh	1.7.2	normal:all	false		true
windows-sys	0.59.0	zenoh-link	1.7.2	zenoh-transport	1.7.2	normal:all	false		true
windows-sys	0.59.0	zenoh-link-commons	1.7.2	zenoh	1.7.2	normal:all	false		true
windows-sys	0.59.0	zenoh-link-commons	1.7.2	zenoh-link	1.7.2	normal:all	false		true
windows-sys	0.59.0	zenoh-link-commons	1.7.2	zenoh-link-quic	1.7.2	normal:all	false		true
windows-sys	0.59.0	zenoh-link-commons	1.7.2	zenoh-link-quic_datagram	1.7.2	normal:all	false		true
windows-sys	0.59.0	zenoh-link-commons	1.7.2	zenoh-link-tcp	1.7.2	normal:all	false		true
windows-sys	0.59.0	zenoh-link-commons	1.7.2	zenoh-link-tls	1.7.2	normal:all	false		true
windows-sys	0.59.0	zenoh-link-commons	1.7.2	zenoh-link-udp	1.7.2	normal:all	false		true
windows-sys	0.59.0	zenoh-link-commons	1.7.2	zenoh-link-unixsock_stream	1.7.2	normal:all	false		true
windows-sys	0.59.0	zenoh-link-commons	1.7.2	zenoh-link-ws	1.7.2	normal:all	false		true
windows-sys	0.59.0	zenoh-link-commons	1.7.2	zenoh-transport	1.7.2	normal:all	false		true
windows-sys	0.59.0	zenoh-link-quic	1.7.2	zenoh-link	1.7.2	normal:all	false		true
windows-sys	0.59.0	zenoh-link-quic_datagram	1.7.2	zenoh-link	1.7.2	normal:all	false		true
windows-sys	0.59.0	zenoh-link-tcp	1.7.2	zenoh-link	1.7.2	normal:all	false		true
windows-sys	0.59.0	zenoh-link-tls	1.7.2	zenoh-link	1.7.2	normal:all	false		true
windows-sys	0.59.0	zenoh-link-udp	1.7.2	zenoh-link	1.7.2	normal:all	false		true
windows-sys	0.59.0	zenoh-link-unixsock_stream	1.7.2	zenoh-link	1.7.2	normal:all	false		true
windows-sys	0.59.0	zenoh-link-ws	1.7.2	zenoh-link	1.7.2	normal:all	false		true
windows-sys	0.59.0	zenoh-transport	1.7.2	zenoh	1.7.2	normal:all	false		true
windows-sys	0.61.2	anstream	0.6.21	clap_builder	4.5.60	normal:all	false		true
windows-sys	0.61.2	anstyle-query	1.1.5	anstream	0.6.21	normal:all	false		true
windows-sys	0.61.2	anstyle-wincon	3.0.11	anstream	0.6.21	normal:cfg(windows)	false		true
windows-sys	0.61.2	async-nats	0.47.0	sentinel-daemon	0.1.0	normal:all	true	A	true
windows-sys	0.61.2	async-nats	0.47.0	sentinel-dashboard-backend	0.1.0	normal:all	true	A	true
windows-sys	0.61.2	async-nats	0.47.0	sentinel-gaia-loop	0.1.0	normal:all	true	A	true
windows-sys	0.61.2	axum	0.8.9	sentinel-dashboard-backend	0.1.0	normal:all	true	A	true
windows-sys	0.61.2	axum-server	0.7.3	sentinel-dashboard-backend	0.1.0	normal:all	true	A	true
windows-sys	0.61.2	cap-fs-ext	3.4.5	wasmtime-wasi	45.0.3	normal:all	false		true
windows-sys	0.61.2	cap-net-ext	3.4.5	wasmtime-wasi	45.0.3	normal:all	false		true
windows-sys	0.61.2	cap-primitives	3.4.5	cap-fs-ext	3.4.5	normal:all	false		true
windows-sys	0.61.2	cap-primitives	3.4.5	cap-net-ext	3.4.5	normal:all	false		true
windows-sys	0.61.2	cap-primitives	3.4.5	cap-std	3.4.5	normal:all	false		true
windows-sys	0.61.2	cap-primitives	3.4.5	cap-time-ext	3.4.5	normal:all	false		true
windows-sys	0.61.2	cap-std	3.4.5	cap-fs-ext	3.4.5	normal:all	false		true
windows-sys	0.61.2	cap-std	3.4.5	cap-net-ext	3.4.5	normal:all	false		true
windows-sys	0.61.2	cap-std	3.4.5	wasmtime-wasi	45.0.3	normal:all	false		true
windows-sys	0.61.2	cap-time-ext	3.4.5	wasmtime-wasi	45.0.3	normal:all	false		true
windows-sys	0.61.2	clap	4.5.60	criterion	0.5.1	normal:all	false		true
windows-sys	0.61.2	clap	4.5.60	criterion	0.8.2	normal:all	false		true
windows-sys	0.61.2	clap	4.5.60	sentinel-ctl	0.1.0	normal:all	true	B	true
windows-sys	0.61.2	clap	4.5.60	sentinel-daemon	0.1.0	normal:all	true	A	true
windows-sys	0.61.2	clap	4.5.60	sentinel-gaia	0.1.0	normal:all	true	B	true
windows-sys	0.61.2	clap	4.5.60	sentinel-gaia-loop	0.1.0	normal:all	true	A	true
windows-sys	0.61.2	clap	4.5.60	sentinel-gaia-memory	0.1.0	normal:all	true		true
windows-sys	0.61.2	clap	4.5.60	sentinel-nightrun	0.1.0	normal:all	true	C	true
windows-sys	0.61.2	clap	4.5.60	sentinel-projection-service	0.1.0	normal:all	true	A	true
windows-sys	0.61.2	clap_builder	4.5.60	clap	4.5.60	normal:all	false		true
windows-sys	0.61.2	criterion	0.5.1	sentinel-telemetry	0.1.0	dev:all	true		true
windows-sys	0.61.2	criterion	0.5.1	sentinel-zenoh	0.1.0	dev:all	true		true
windows-sys	0.61.2	criterion	0.8.2	sentinel-daemon	0.1.0	dev:all	true	A	true
windows-sys	0.61.2	criterion	0.8.2	sentinel-ecs	0.1.0	dev:all	true		true
windows-sys	0.61.2	criterion	0.8.2	sentinel-fs	0.1.0	dev:all	true		true
windows-sys	0.61.2	criterion	0.8.2	sentinel-gaia-memory	0.1.0	dev:all	true		true
windows-sys	0.61.2	criterion	0.8.2	sentinel-hippocampus	0.1.0	dev:all	true		true
windows-sys	0.61.2	criterion	0.8.2	sentinel-limbo	0.1.0	dev:all	true		true
windows-sys	0.61.2	criterion	0.8.2	sentinel-nightrun	0.1.0	dev:all	true	C	true
windows-sys	0.61.2	criterion	0.8.2	sentinel-projection	0.1.0	dev:all	true		true
windows-sys	0.61.2	criterion	0.8.2	sentinel-runtime	0.1.0	dev:all	true		true
windows-sys	0.61.2	criterion	0.8.2	sentinel-sandbox	0.1.0	dev:all	true		true
windows-sys	0.61.2	criterion	0.8.2	sentinel-wasm	0.1.0	dev:all	true		true
windows-sys	0.61.2	dirs	6.0.0	shellexpand	3.1.2	normal:all	false		true
windows-sys	0.61.2	dirs-sys	0.5.0	dirs	6.0.0	normal:all	false		true
windows-sys	0.61.2	errno	0.3.14	rustix	1.1.4	"normal:cfg(all(not(rustix_use_libc), not(miri), target_os = ""linux"", any(target_endian = ""little"", any(target_arch = ""s390x"", target_arch = ""powerpc"")), any(target_arch = ""arm"", all(target_arch = ""aarch64"", target_pointer_width = ""64""), target_arch = ""riscv64"", all(rustix_use_experimental_asm, target_arch = ""powerpc""), all(rustix_use_experimental_asm, target_arch = ""powerpc64""), all(rustix_use_experimental_asm, target_arch = ""s390x""), all(rustix_use_experimental_asm, target_arch = ""mips""), all(rustix_use_experimental_asm, target_arch = ""mips32r6""), all(rustix_use_experimental_asm, target_arch = ""mips64""), all(rustix_use_experimental_asm, target_arch = ""mips64r6""), target_arch = ""x86"", all(target_arch = ""x86_64"", target_pointer_width = ""64""))));normal:cfg(all(not(windows), any(rustix_use_libc, miri, not(all(target_os = ""linux"", any(target_endian = ""little"", any(target_arch = ""s390x"", target_arch = ""powerpc"")), any(target_arch = ""arm"", all(target_arch = ""aarch64"", target_pointer_width = ""64""), target_arch = ""riscv64"", all(rustix_use_experimental_asm, target_arch = ""powerpc""), all(rustix_use_experimental_asm, target_arch = ""powerpc64""), all(rustix_use_experimental_asm, target_arch = ""s390x""), all(rustix_use_experimental_asm, target_arch = ""mips""), all(rustix_use_experimental_asm, target_arch = ""mips32r6""), all(rustix_use_experimental_asm, target_arch = ""mips64""), all(rustix_use_experimental_asm, target_arch = ""mips64r6""), target_arch = ""x86"", all(target_arch = ""x86_64"", target_pointer_width = ""64"")))))));normal:cfg(windows)"	false		true
windows-sys	0.61.2	errno	0.3.14	signal-hook-registry	1.4.8	normal:all	false		true
windows-sys	0.61.2	fs-err	3.3.0	axum-server	0.7.3	normal:all	false		true
windows-sys	0.61.2	fs-set-times	0.20.3	cap-primitives	3.4.5	normal:all	false		true
windows-sys	0.61.2	fs-set-times	0.20.3	wasmtime-wasi	45.0.3	normal:all	false		true
windows-sys	0.61.2	h2	0.4.14	hyper	1.8.1	normal:all	false		true
windows-sys	0.61.2	home	0.5.12	zenoh-util	1.7.2	normal:all	false		true
windows-sys	0.61.2	hyper	1.8.1	axum	0.8.9	normal:all	false		true
windows-sys	0.61.2	hyper	1.8.1	axum-server	0.7.3	normal:all	false		true
windows-sys	0.61.2	hyper	1.8.1	hyper-rustls	0.27.7	normal:all	false		true
windows-sys	0.61.2	hyper	1.8.1	hyper-util	0.1.20	normal:all	false		true
windows-sys	0.61.2	hyper	1.8.1	reqwest	0.12.28	"normal:cfg(not(target_arch = ""wasm32""))"	false		true
windows-sys	0.61.2	hyper-rustls	0.27.7	reqwest	0.12.28	"normal:cfg(not(target_arch = ""wasm32""))"	false		true
windows-sys	0.61.2	hyper-util	0.1.20	axum	0.8.9	normal:all	false		true
windows-sys	0.61.2	hyper-util	0.1.20	axum-server	0.7.3	normal:all	false		true
windows-sys	0.61.2	hyper-util	0.1.20	hyper-rustls	0.27.7	normal:all	false		true
windows-sys	0.61.2	hyper-util	0.1.20	reqwest	0.12.28	"normal:cfg(not(target_arch = ""wasm32""))"	false		true
windows-sys	0.61.2	insta	1.46.3	sentinel-ecs	0.1.0	dev:all	true		true
windows-sys	0.61.2	insta	1.46.3	sentinel-physics	0.1.0	dev:all	true		true
windows-sys	0.61.2	is-terminal	0.4.17	criterion	0.5.1	normal:all	false		true
windows-sys	0.61.2	jni	0.21.1	rustls-platform-verifier	0.6.2	"normal:cfg(target_os = ""android"")"	false		true
windows-sys	0.61.2	memfd	0.6.5	wasmtime	45.0.3	"normal:cfg(target_os = ""linux"")"	false		true
windows-sys	0.61.2	mio	1.2.1	tokio	1.52.3	"normal:all;normal:cfg(all(tokio_unstable, target_os = ""linux""))"	false		true
windows-sys	0.61.2	nu-ansi-term	0.50.3	tracing-subscriber	0.3.22	normal:all	false		true
windows-sys	0.61.2	quinn	0.11.9	sentinel-cluster-control	0.1.0	normal:all	true		true
windows-sys	0.61.2	quinn	0.11.9	wtransport	0.6.1	normal:all	false		true
windows-sys	0.61.2	quinn	0.11.9	zenoh-link-commons	1.7.2	normal:all	false		true
windows-sys	0.61.2	quinn	0.11.9	zenoh-link-quic	1.7.2	normal:all	false		true
windows-sys	0.61.2	quinn	0.11.9	zenoh-link-quic_datagram	1.7.2	normal:all	false		true
windows-sys	0.61.2	quinn-proto	0.11.15	quinn	0.11.9	normal:all	false		true
windows-sys	0.61.2	quinn-udp	0.5.14	quinn	0.11.9	normal:all	false		true
windows-sys	0.61.2	reqwest	0.12.28	sentinel-ctl	0.1.0	normal:all	true	B	true
windows-sys	0.61.2	reqwest	0.12.28	sentinel-daemon	0.1.0	normal:all	true	A	true
windows-sys	0.61.2	reqwest	0.12.28	sentinel-dashboard-backend	0.1.0	normal:all	true	A	true
windows-sys	0.61.2	rustix	1.1.4	cap-net-ext	3.4.5	normal:all	false		true
windows-sys	0.61.2	rustix	1.1.4	cap-primitives	3.4.5	normal:cfg(not(windows))	false		true
windows-sys	0.61.2	rustix	1.1.4	cap-std	3.4.5	normal:cfg(not(windows))	false		true
windows-sys	0.61.2	rustix	1.1.4	cap-time-ext	3.4.5	normal:cfg(not(windows))	false		true
windows-sys	0.61.2	rustix	1.1.4	fs-set-times	0.20.3	normal:cfg(not(windows))	false		true
windows-sys	0.61.2	rustix	1.1.4	memfd	0.6.5	normal:all	false		true
windows-sys	0.61.2	rustix	1.1.4	rustix-linux-procfs	0.1.1	normal:all	false		true
windows-sys	0.61.2	rustix	1.1.4	sentinel-fs	0.1.0	normal:all	true		true
windows-sys	0.61.2	rustix	1.1.4	tempfile	3.27.0	"normal:cfg(any(unix, target_os = ""wasi""))"	false		true
windows-sys	0.61.2	rustix	1.1.4	wasmtime	45.0.3	normal:cfg(unix)	false		true
windows-sys	0.61.2	rustix	1.1.4	wasmtime-internal-cache	45.0.3	"normal:cfg(not(target_os = ""windows""))"	false		true
windows-sys	0.61.2	rustix	1.1.4	wasmtime-internal-fiber	45.0.3	normal:cfg(unix)	false		true
windows-sys	0.61.2	rustix	1.1.4	wasmtime-internal-jit-debug	45.0.3	"normal:cfg(target_os = ""linux"")"	false		true
windows-sys	0.61.2	rustix	1.1.4	wasmtime-wasi	45.0.3	normal:cfg(unix);normal:cfg(windows)	false		true
windows-sys	0.61.2	rustix-linux-procfs	0.1.1	cap-primitives	3.4.5	"normal:cfg(any(target_os = ""android"", target_os = ""linux""))"	false		true
windows-sys	0.61.2	rustls-native-certs	0.8.3	async-nats	0.47.0	normal:all	false		true
windows-sys	0.61.2	rustls-native-certs	0.8.3	rustls-platform-verifier	0.6.2	"normal:cfg(all(unix, not(target_os = ""android""), not(target_vendor = ""apple""), not(target_arch = ""wasm32"")))"	false		true
windows-sys	0.61.2	rustls-native-certs	0.8.3	wtransport	0.6.1	normal:all	false		true
windows-sys	0.61.2	rustls-platform-verifier	0.6.2	quinn-proto	0.11.15	normal:all	false		true
windows-sys	0.61.2	same-file	1.0.6	walkdir	2.5.0	normal:all	false		true
windows-sys	0.61.2	schannel	0.1.28	rustls-native-certs	0.8.3	normal:cfg(windows)	false		true
windows-sys	0.61.2	sentinel-bio	0.1.0	sentinel-ecs	0.1.0	normal:all	true		true
windows-sys	0.61.2	sentinel-cluster-control	0.1.0	sentinel-daemon	0.1.0	normal:all	true	A	true
windows-sys	0.61.2	sentinel-common	0.1.0	sentinel-bio	0.1.0	normal:all	true		true
windows-sys	0.61.2	sentinel-common	0.1.0	sentinel-cluster-control	0.1.0	normal:all	true		true
windows-sys	0.61.2	sentinel-common	0.1.0	sentinel-daemon	0.1.0	normal:all	true	A	true
windows-sys	0.61.2	sentinel-common	0.1.0	sentinel-dashboard-backend	0.1.0	normal:all	true	A	true
windows-sys	0.61.2	sentinel-common	0.1.0	sentinel-ebpf	0.1.0	normal:all	true		true
windows-sys	0.61.2	sentinel-common	0.1.0	sentinel-ecs	0.1.0	dev:all;normal:all	true		true
windows-sys	0.61.2	sentinel-common	0.1.0	sentinel-fs	0.1.0	normal:all	true		true
windows-sys	0.61.2	sentinel-common	0.1.0	sentinel-gaia	0.1.0	normal:all	true	B	true
windows-sys	0.61.2	sentinel-common	0.1.0	sentinel-gaia-loop	0.1.0	normal:all	true	A	true
windows-sys	0.61.2	sentinel-common	0.1.0	sentinel-hippocampus	0.1.0	normal:all	true		true
windows-sys	0.61.2	sentinel-common	0.1.0	sentinel-limbo	0.1.0	normal:all	true		true
windows-sys	0.61.2	sentinel-common	0.1.0	sentinel-microvm	0.1.0	dev:all;normal:all	true		true
windows-sys	0.61.2	sentinel-common	0.1.0	sentinel-nightrun	0.1.0	normal:all	true	C	true
windows-sys	0.61.2	sentinel-common	0.1.0	sentinel-physics	0.1.0	normal:all	true		true
windows-sys	0.61.2	sentinel-common	0.1.0	sentinel-projection	0.1.0	normal:all	true		true
windows-sys	0.61.2	sentinel-common	0.1.0	sentinel-projection-service	0.1.0	normal:all	true	A	true
windows-sys	0.61.2	sentinel-common	0.1.0	sentinel-redb	0.1.0	normal:all	true		true
windows-sys	0.61.2	sentinel-common	0.1.0	sentinel-runtime	0.1.0	dev:all;normal:all	true		true
windows-sys	0.61.2	sentinel-common	0.1.0	sentinel-sandbox	0.1.0	dev:all;normal:all	true		true
windows-sys	0.61.2	sentinel-common	0.1.0	sentinel-telemetry	0.1.0	normal:all	true		true
windows-sys	0.61.2	sentinel-common	0.1.0	sentinel-wasm	0.1.0	dev:all;normal:all	true		true
windows-sys	0.61.2	sentinel-common	0.1.0	sentinel-zenoh	0.1.0	dev:all;normal:all	true		true
windows-sys	0.61.2	sentinel-console-plane	0.1.0	sentinel-dashboard-backend	0.1.0	normal:all	true	A	true
windows-sys	0.61.2	sentinel-ebpf	0.1.0	sentinel-daemon	0.1.0	normal:all	true	A	true
windows-sys	0.61.2	sentinel-ecs	0.1.0	sentinel-daemon	0.1.0	normal:all	true	A	true
windows-sys	0.61.2	sentinel-ecs	0.1.0	sentinel-runtime	0.1.0	normal:all	true		true
windows-sys	0.61.2	sentinel-fs	0.1.0	sentinel-console-plane	0.1.0	normal:all	true		true
windows-sys	0.61.2	sentinel-fs	0.1.0	sentinel-daemon	0.1.0	normal:all	true	A	true
windows-sys	0.61.2	sentinel-fs	0.1.0	sentinel-microvm	0.1.0	normal:all	true		true
windows-sys	0.61.2	sentinel-fs	0.1.0	sentinel-sandbox	0.1.0	normal:all	true		true
windows-sys	0.61.2	sentinel-gaia	0.1.0	sentinel-dashboard-backend	0.1.0	normal:all	true	A	true
windows-sys	0.61.2	sentinel-gaia-loop	0.1.0	sentinel-dashboard-backend	0.1.0	normal:all	true	A	true
windows-sys	0.61.2	sentinel-hippocampus	0.1.0	sentinel-daemon	0.1.0	normal:all	true	A	true
windows-sys	0.61.2	sentinel-hippocampus	0.1.0	sentinel-gaia-memory	0.1.0	normal:all	true		true
windows-sys	0.61.2	sentinel-hippocampus	0.1.0	sentinel-nightrun	0.1.0	normal:all	true	C	true
windows-sys	0.61.2	sentinel-limbo	0.1.0	sentinel-daemon	0.1.0	normal:all	true	A	true
windows-sys	0.61.2	sentinel-limbo	0.1.0	sentinel-dashboard-backend	0.1.0	normal:all	true	A	true
windows-sys	0.61.2	sentinel-limbo	0.1.0	sentinel-ecs	0.1.0	normal:all	true		true
windows-sys	0.61.2	sentinel-limbo	0.1.0	sentinel-gaia-loop	0.1.0	normal:all	true	A	true
windows-sys	0.61.2	sentinel-limbo	0.1.0	sentinel-gaia-memory	0.1.0	dev:all	true		true
windows-sys	0.61.2	sentinel-limbo	0.1.0	sentinel-nightrun	0.1.0	normal:all	true	C	true
windows-sys	0.61.2	sentinel-limbo	0.1.0	sentinel-projection	0.1.0	normal:all	true		true
windows-sys	0.61.2	sentinel-limbo	0.1.0	sentinel-projection-service	0.1.0	normal:all	true	A	true
windows-sys	0.61.2	sentinel-limbo	0.1.0	sentinel-runtime	0.1.0	dev:all;normal:all	true		true
windows-sys	0.61.2	sentinel-physics	0.1.0	sentinel-ecs	0.1.0	normal:all	true		true
windows-sys	0.61.2	sentinel-physics	0.1.0	sentinel-projection	0.1.0	normal:all	true		true
windows-sys	0.61.2	sentinel-projection	0.1.0	sentinel-daemon	0.1.0	normal:all	true	A	true
windows-sys	0.61.2	sentinel-projection	0.1.0	sentinel-dashboard-backend	0.1.0	normal:all	true	A	true
windows-sys	0.61.2	sentinel-projection	0.1.0	sentinel-gaia-memory	0.1.0	dev:all	true		true
windows-sys	0.61.2	sentinel-projection	0.1.0	sentinel-projection-service	0.1.0	normal:all	true	A	true
windows-sys	0.61.2	sentinel-redb	0.1.0	sentinel-daemon	0.1.0	normal:all	true	A	true
windows-sys	0.61.2	sentinel-redb	0.1.0	sentinel-ecs	0.1.0	normal:all	true		true
windows-sys	0.61.2	sentinel-runtime	0.1.0	sentinel-daemon	0.1.0	normal:all	true	A	true
windows-sys	0.61.2	sentinel-sandbox	0.1.0	sentinel-daemon	0.1.0	normal:all	true	A	true
windows-sys	0.61.2	sentinel-telemetry	0.1.0	sentinel-daemon	0.1.0	normal:all	true	A	true
windows-sys	0.61.2	sentinel-telemetry	0.1.0	sentinel-ecs	0.1.0	dev:all	true		true
windows-sys	0.61.2	sentinel-telemetry	0.1.0	sentinel-fs	0.1.0	normal:all	true		true
windows-sys	0.61.2	sentinel-telemetry	0.1.0	sentinel-limbo	0.1.0	normal:all	true		true
windows-sys	0.61.2	sentinel-telemetry	0.1.0	sentinel-nightrun	0.1.0	normal:all	true	C	true
windows-sys	0.61.2	sentinel-telemetry	0.1.0	sentinel-projection	0.1.0	normal:all	true		true
windows-sys	0.61.2	sentinel-telemetry	0.1.0	sentinel-projection-service	0.1.0	normal:all	true	A	true
windows-sys	0.61.2	sentinel-telemetry	0.1.0	sentinel-redb	0.1.0	normal:all	true		true
windows-sys	0.61.2	sentinel-telemetry	0.1.0	sentinel-zenoh	0.1.0	normal:all	true		true
windows-sys	0.61.2	sentinel-wasm	0.1.0	sentinel-daemon	0.1.0	normal:all	true	A	true
windows-sys	0.61.2	sentinel-wasm	0.1.0	sentinel-ecs	0.1.0	normal:all	true		true
windows-sys	0.61.2	sentinel-zenoh	0.1.0	sentinel-daemon	0.1.0	normal:all	true	A	true
windows-sys	0.61.2	sentinel-zenoh	0.1.0	sentinel-sandbox	0.1.0	normal:all	true		true
windows-sys	0.61.2	shellexpand	3.1.2	zenoh-util	1.7.2	normal:all	false		true
windows-sys	0.61.2	signal-hook-registry	1.4.8	tokio	1.52.3	normal:cfg(unix)	false		true
windows-sys	0.61.2	socket2	0.6.4	hyper-util	0.1.20	normal:all	false		true
windows-sys	0.61.2	socket2	0.6.4	quinn	0.11.9	"normal:cfg(not(all(target_family = ""wasm"", target_os = ""unknown"")))"	false		true
windows-sys	0.61.2	socket2	0.6.4	quinn-udp	0.5.14	"normal:cfg(not(all(target_family = ""wasm"", target_os = ""unknown"")))"	false		true
windows-sys	0.61.2	socket2	0.6.4	tokio	1.52.3	"normal:cfg(any(not(target_family = ""wasm""), all(target_os = ""wasi"", not(target_env = ""p1""))))"	false		true
windows-sys	0.61.2	tempfile	3.27.0	insta	1.46.3	normal:all	false		true
windows-sys	0.61.2	tempfile	3.27.0	sentinel-cluster-control	0.1.0	dev:all	true		true
windows-sys	0.61.2	tempfile	3.27.0	sentinel-common	0.1.0	dev:all	true		true
windows-sys	0.61.2	tempfile	3.27.0	sentinel-daemon	0.1.0	dev:all	true	A	true
windows-sys	0.61.2	tempfile	3.27.0	sentinel-dashboard-backend	0.1.0	dev:all	true	A	true
windows-sys	0.61.2	tempfile	3.27.0	sentinel-ecs	0.1.0	dev:all	true		true
windows-sys	0.61.2	tempfile	3.27.0	sentinel-fs	0.1.0	dev:all	true		true
windows-sys	0.61.2	tempfile	3.27.0	sentinel-gaia	0.1.0	dev:all	true	B	true
windows-sys	0.61.2	tempfile	3.27.0	sentinel-gaia-loop	0.1.0	dev:all	true	A	true
windows-sys	0.61.2	tempfile	3.27.0	sentinel-gaia-memory	0.1.0	dev:all	true		true
windows-sys	0.61.2	tempfile	3.27.0	sentinel-hippocampus	0.1.0	dev:all	true		true
windows-sys	0.61.2	tempfile	3.27.0	sentinel-limbo	0.1.0	dev:all	true		true
windows-sys	0.61.2	tempfile	3.27.0	sentinel-microvm	0.1.0	dev:all	true		true
windows-sys	0.61.2	tempfile	3.27.0	sentinel-nightrun	0.1.0	dev:all	true	C	true
windows-sys	0.61.2	tempfile	3.27.0	sentinel-projection	0.1.0	dev:all	true		true
windows-sys	0.61.2	tempfile	3.27.0	sentinel-redb	0.1.0	dev:all	true		true
windows-sys	0.61.2	tempfile	3.27.0	sentinel-runtime	0.1.0	dev:all	true		true
windows-sys	0.61.2	tempfile	3.27.0	sentinel-sandbox	0.1.0	dev:all	true		true
windows-sys	0.61.2	tempfile	3.27.0	sentinel-wasm	0.1.0	dev:all	true		true
windows-sys	0.61.2	tempfile	3.27.0	wasmtime	45.0.3	normal:all	false		true
windows-sys	0.61.2	termcolor	1.4.1	wasmprinter	0.248.0	normal:all	false		true
windows-sys	0.61.2	tls-listener	0.11.2	zenoh-link-tls	1.7.2	normal:all	false		true
windows-sys	0.61.2	tokio	1.52.3	async-nats	0.47.0	normal:all	false		true
windows-sys	0.61.2	tokio	1.52.3	axum	0.8.9	normal:all	false		true
windows-sys	0.61.2	tokio	1.52.3	axum-server	0.7.3	normal:all	false		true
windows-sys	0.61.2	tokio	1.52.3	criterion	0.5.1	normal:all	false		true
windows-sys	0.61.2	tokio	1.52.3	fs-err	3.3.0	normal:all	false		true
windows-sys	0.61.2	tokio	1.52.3	h2	0.4.14	normal:all	false		true
windows-sys	0.61.2	tokio	1.52.3	hyper	1.8.1	normal:all	false		true
windows-sys	0.61.2	tokio	1.52.3	hyper-rustls	0.27.7	normal:all	false		true
windows-sys	0.61.2	tokio	1.52.3	hyper-util	0.1.20	normal:all	false		true
windows-sys	0.61.2	tokio	1.52.3	quinn	0.11.9	normal:all	false		true
windows-sys	0.61.2	tokio	1.52.3	reqwest	0.12.28	"normal:cfg(not(target_arch = ""wasm32""))"	false		true
windows-sys	0.61.2	tokio	1.52.3	sentinel-cluster-control	0.1.0	dev:all;normal:all	true		true
windows-sys	0.61.2	tokio	1.52.3	sentinel-daemon	0.1.0	normal:all	true	A	true
windows-sys	0.61.2	tokio	1.52.3	sentinel-dashboard-backend	0.1.0	dev:all;normal:all	true	A	true
windows-sys	0.61.2	tokio	1.52.3	sentinel-ebpf	0.1.0	normal:all	true		true
windows-sys	0.61.2	tokio	1.52.3	sentinel-ecs	0.1.0	normal:all	true		true
windows-sys	0.61.2	tokio	1.52.3	sentinel-gaia-loop	0.1.0	normal:all	true	A	true
windows-sys	0.61.2	tokio	1.52.3	sentinel-limbo	0.1.0	dev:all;normal:all	true		true
windows-sys	0.61.2	tokio	1.52.3	sentinel-nightrun	0.1.0	normal:all	true	C	true
windows-sys	0.61.2	tokio	1.52.3	sentinel-projection-service	0.1.0	normal:all	true	A	true
windows-sys	0.61.2	tokio	1.52.3	sentinel-sandbox	0.1.0	normal:all	true		true
windows-sys	0.61.2	tokio	1.52.3	sentinel-zenoh	0.1.0	dev:all;normal:all	true		true
windows-sys	0.61.2	tokio	1.52.3	tls-listener	0.11.2	normal:all	false		true
windows-sys	0.61.2	tokio	1.52.3	tokio-rustls	0.26.4	normal:all	false		true
windows-sys	0.61.2	tokio	1.52.3	tokio-stream	0.1.18	normal:all	false		true
windows-sys	0.61.2	tokio	1.52.3	tokio-tungstenite	0.24.0	normal:all	false		true
windows-sys	0.61.2	tokio	1.52.3	tokio-util	0.7.18	normal:all	false		true
windows-sys	0.61.2	tokio	1.52.3	tokio-websockets	0.10.1	normal:all	false		true
windows-sys	0.61.2	tokio	1.52.3	tower	0.5.3	normal:all	false		true
windows-sys	0.61.2	tokio	1.52.3	tower-http	0.6.8	normal:all	false		true
windows-sys	0.61.2	tokio	1.52.3	tryhard	0.5.2	normal:all	false		true
windows-sys	0.61.2	tokio	1.52.3	wasmtime-wasi	45.0.3	normal:all	false		true
windows-sys	0.61.2	tokio	1.52.3	wtransport	0.6.1	normal:all	false		true
windows-sys	0.61.2	tokio	1.52.3	zenoh	1.7.2	normal:all	false		true
windows-sys	0.61.2	tokio	1.52.3	zenoh-core	1.7.2	normal:all	false		true
windows-sys	0.61.2	tokio	1.52.3	zenoh-link-commons	1.7.2	normal:all	false		true
windows-sys	0.61.2	tokio	1.52.3	zenoh-link-quic	1.7.2	normal:all	false		true
windows-sys	0.61.2	tokio	1.52.3	zenoh-link-quic_datagram	1.7.2	normal:all	false		true
windows-sys	0.61.2	tokio	1.52.3	zenoh-link-tcp	1.7.2	normal:all	false		true
windows-sys	0.61.2	tokio	1.52.3	zenoh-link-tls	1.7.2	normal:all	false		true
windows-sys	0.61.2	tokio	1.52.3	zenoh-link-udp	1.7.2	normal:all	false		true
windows-sys	0.61.2	tokio	1.52.3	zenoh-link-unixsock_stream	1.7.2	normal:all	false		true
windows-sys	0.61.2	tokio	1.52.3	zenoh-link-ws	1.7.2	normal:all	false		true
windows-sys	0.61.2	tokio	1.52.3	zenoh-runtime	1.7.2	normal:all	false		true
windows-sys	0.61.2	tokio	1.52.3	zenoh-sync	1.7.2	normal:all	false		true
windows-sys	0.61.2	tokio	1.52.3	zenoh-task	1.7.2	normal:all	false		true
windows-sys	0.61.2	tokio	1.52.3	zenoh-transport	1.7.2	normal:all	false		true
windows-sys	0.61.2	tokio	1.52.3	zenoh-util	1.7.2	normal:all	false		true
windows-sys	0.61.2	tokio-rustls	0.26.4	async-nats	0.47.0	normal:all	false		true
windows-sys	0.61.2	tokio-rustls	0.26.4	axum-server	0.7.3	normal:all	false		true
windows-sys	0.61.2	tokio-rustls	0.26.4	hyper-rustls	0.27.7	normal:all	false		true
windows-sys	0.61.2	tokio-rustls	0.26.4	reqwest	0.12.28	"normal:cfg(not(target_arch = ""wasm32""))"	false		true
windows-sys	0.61.2	tokio-rustls	0.26.4	tls-listener	0.11.2	normal:all	false		true
windows-sys	0.61.2	tokio-rustls	0.26.4	tokio-websockets	0.10.1	normal:all	false		true
windows-sys	0.61.2	tokio-rustls	0.26.4	zenoh-link-tls	1.7.2	normal:all	false		true
windows-sys	0.61.2	tokio-stream	0.1.18	async-nats	0.47.0	normal:all	false		true
windows-sys	0.61.2	tokio-tungstenite	0.24.0	zenoh-link-ws	1.7.2	normal:all	false		true
windows-sys	0.61.2	tokio-util	0.7.18	async-nats	0.47.0	normal:all	false		true
windows-sys	0.61.2	tokio-util	0.7.18	h2	0.4.14	normal:all	false		true
windows-sys	0.61.2	tokio-util	0.7.18	tokio-websockets	0.10.1	normal:all	false		true
windows-sys	0.61.2	tokio-util	0.7.18	tower-http	0.6.8	normal:all	false		true
windows-sys	0.61.2	tokio-util	0.7.18	zenoh	1.7.2	normal:all	false		true
windows-sys	0.61.2	tokio-util	0.7.18	zenoh-link-commons	1.7.2	normal:all	false		true
windows-sys	0.61.2	tokio-util	0.7.18	zenoh-link-quic	1.7.2	normal:all	false		true
windows-sys	0.61.2	tokio-util	0.7.18	zenoh-link-quic_datagram	1.7.2	normal:all	false		true
windows-sys	0.61.2	tokio-util	0.7.18	zenoh-link-tcp	1.7.2	normal:all	false		true
windows-sys	0.61.2	tokio-util	0.7.18	zenoh-link-tls	1.7.2	normal:all	false		true
windows-sys	0.61.2	tokio-util	0.7.18	zenoh-link-udp	1.7.2	normal:all	false		true
windows-sys	0.61.2	tokio-util	0.7.18	zenoh-link-unixsock_stream	1.7.2	normal:all	false		true
windows-sys	0.61.2	tokio-util	0.7.18	zenoh-link-ws	1.7.2	normal:all	false		true
windows-sys	0.61.2	tokio-util	0.7.18	zenoh-task	1.7.2	normal:all	false		true
windows-sys	0.61.2	tokio-util	0.7.18	zenoh-transport	1.7.2	normal:all	false		true
windows-sys	0.61.2	tokio-websockets	0.10.1	async-nats	0.47.0	normal:all	false		true
windows-sys	0.61.2	tower	0.5.3	axum	0.8.9	normal:all	false		true
windows-sys	0.61.2	tower	0.5.3	reqwest	0.12.28	"normal:cfg(not(target_arch = ""wasm32""))"	false		true
windows-sys	0.61.2	tower	0.5.3	sentinel-dashboard-backend	0.1.0	dev:all;normal:all	true	A	true
windows-sys	0.61.2	tower	0.5.3	tower-http	0.6.8	normal:all	false		true
windows-sys	0.61.2	tower-http	0.6.8	reqwest	0.12.28	"normal:cfg(not(target_arch = ""wasm32""))"	false		true
windows-sys	0.61.2	tower-http	0.6.8	sentinel-dashboard-backend	0.1.0	normal:all	true	A	true
windows-sys	0.61.2	tracing-subscriber	0.3.22	sentinel-daemon	0.1.0	normal:all	true	A	true
windows-sys	0.61.2	tracing-subscriber	0.3.22	sentinel-dashboard-backend	0.1.0	normal:all	true	A	true
windows-sys	0.61.2	tracing-subscriber	0.3.22	sentinel-ebpf	0.1.0	dev:all;normal:all	true		true
windows-sys	0.61.2	tracing-subscriber	0.3.22	sentinel-gaia-loop	0.1.0	normal:all	true	A	true
windows-sys	0.61.2	tracing-subscriber	0.3.22	sentinel-nightrun	0.1.0	normal:all	true	C	true
windows-sys	0.61.2	tracing-subscriber	0.3.22	sentinel-projection-service	0.1.0	normal:all	true	A	true
windows-sys	0.61.2	tracing-subscriber	0.3.22	sentinel-telemetry	0.1.0	normal:all	true		true
windows-sys	0.61.2	tracing-subscriber	0.3.22	sentinel-zenoh	0.1.0	dev:all	true		true
windows-sys	0.61.2	tracing-subscriber	0.3.22	zenoh-util	1.7.2	normal:all	false		true
windows-sys	0.61.2	tryhard	0.5.2	async-nats	0.47.0	normal:all	false		true
windows-sys	0.61.2	walkdir	2.5.0	criterion	0.5.1	normal:all	false		true
windows-sys	0.61.2	walkdir	2.5.0	criterion	0.8.2	normal:all	false		true
windows-sys	0.61.2	walkdir	2.5.0	jni	0.21.1	build:all	false		true
windows-sys	0.61.2	wasmprinter	0.248.0	wasmtime-environ	45.0.3	normal:all	false		true
windows-sys	0.61.2	wasmtime	45.0.3	sentinel-wasm	0.1.0	normal:all	true		true
windows-sys	0.61.2	wasmtime	45.0.3	wasmtime-wasi	45.0.3	normal:all	false		true
windows-sys	0.61.2	wasmtime	45.0.3	wasmtime-wasi-io	45.0.3	normal:all	false		true
windows-sys	0.61.2	wasmtime	45.0.3	wiggle	45.0.3	normal:all	false		true
windows-sys	0.61.2	wasmtime-environ	45.0.3	wasmtime	45.0.3	normal:all	false		true
windows-sys	0.61.2	wasmtime-environ	45.0.3	wasmtime-internal-cache	45.0.3	normal:all	false		true
windows-sys	0.61.2	wasmtime-environ	45.0.3	wasmtime-internal-cranelift	45.0.3	normal:all	false		true
windows-sys	0.61.2	wasmtime-environ	45.0.3	wasmtime-internal-fiber	45.0.3	normal:all	false		true
windows-sys	0.61.2	wasmtime-environ	45.0.3	wasmtime-internal-unwinder	45.0.3	normal:all	false		true
windows-sys	0.61.2	wasmtime-environ	45.0.3	wiggle	45.0.3	normal:all	false		true
windows-sys	0.61.2	wasmtime-environ	45.0.3	wiggle-generate	45.0.3	normal:all	false		true
windows-sys	0.61.2	wasmtime-internal-cache	45.0.3	wasmtime	45.0.3	normal:all	false		true
windows-sys	0.61.2	wasmtime-internal-cranelift	45.0.3	wasmtime	45.0.3	normal:all	false		true
windows-sys	0.61.2	wasmtime-internal-fiber	45.0.3	wasmtime	45.0.3	normal:all	false		true
windows-sys	0.61.2	wasmtime-internal-jit-debug	45.0.3	wasmtime	45.0.3	normal:all	false		true
windows-sys	0.61.2	wasmtime-internal-jit-icache-coherence	45.0.3	wasmtime	45.0.3	normal:all	false		true
windows-sys	0.61.2	wasmtime-internal-unwinder	45.0.3	wasmtime	45.0.3	normal:all	false		true
windows-sys	0.61.2	wasmtime-internal-unwinder	45.0.3	wasmtime-internal-cranelift	45.0.3	normal:all	false		true
windows-sys	0.61.2	wasmtime-wasi	45.0.3	sentinel-wasm	0.1.0	normal:all	true		true
windows-sys	0.61.2	wasmtime-wasi-io	45.0.3	wasmtime-wasi	45.0.3	normal:all	false		true
windows-sys	0.61.2	wiggle	45.0.3	wasmtime-wasi	45.0.3	normal:all	false		true
windows-sys	0.61.2	wiggle-generate	45.0.3	wiggle-macro	45.0.3	normal:all	false		true
windows-sys	0.61.2	wiggle-macro	45.0.3	wiggle	45.0.3	normal:all	false		true
windows-sys	0.61.2	winapi-util	0.1.11	same-file	1.0.6	normal:cfg(windows)	false		true
windows-sys	0.61.2	winapi-util	0.1.11	termcolor	1.4.1	normal:cfg(windows)	false		true
windows-sys	0.61.2	winapi-util	0.1.11	walkdir	2.5.0	normal:cfg(windows)	false		true
windows-sys	0.61.2	windows-sys	0.61.2	anstyle-query	1.1.5	normal:cfg(windows)	false		true
windows-sys	0.61.2	windows-sys	0.61.2	anstyle-wincon	3.0.11	normal:cfg(windows)	false		true
windows-sys	0.61.2	windows-sys	0.61.2	dirs-sys	0.5.0	normal:cfg(windows)	false		true
windows-sys	0.61.2	windows-sys	0.61.2	errno	0.3.14	normal:cfg(windows)	false		true
windows-sys	0.61.2	windows-sys	0.61.2	home	0.5.12	normal:cfg(windows)	false		true
windows-sys	0.61.2	windows-sys	0.61.2	is-terminal	0.4.17	normal:cfg(windows)	false		true
windows-sys	0.61.2	windows-sys	0.61.2	mio	1.2.1	normal:cfg(windows)	false		true
windows-sys	0.61.2	windows-sys	0.61.2	nu-ansi-term	0.50.3	normal:cfg(windows)	false		true
windows-sys	0.61.2	windows-sys	0.61.2	rustix	1.1.4	normal:cfg(windows)	false		true
windows-sys	0.61.2	windows-sys	0.61.2	rustls-platform-verifier	0.6.2	normal:cfg(windows)	false		true
windows-sys	0.61.2	windows-sys	0.61.2	schannel	0.1.28	normal:all	false		true
windows-sys	0.61.2	windows-sys	0.61.2	socket2	0.6.4	normal:cfg(windows)	false		true
windows-sys	0.61.2	windows-sys	0.61.2	tempfile	3.27.0	normal:cfg(windows)	false		true
windows-sys	0.61.2	windows-sys	0.61.2	tokio	1.52.3	normal:cfg(windows)	false		true
windows-sys	0.61.2	windows-sys	0.61.2	wasmtime	45.0.3	"normal:cfg(target_os = ""windows"")"	false		true
windows-sys	0.61.2	windows-sys	0.61.2	wasmtime-internal-cache	45.0.3	"normal:cfg(target_os = ""windows"")"	false		true
windows-sys	0.61.2	windows-sys	0.61.2	wasmtime-internal-fiber	45.0.3	normal:cfg(windows)	false		true
windows-sys	0.61.2	windows-sys	0.61.2	wasmtime-internal-jit-icache-coherence	45.0.3	"normal:cfg(target_os = ""windows"")"	false		true
windows-sys	0.61.2	windows-sys	0.61.2	wasmtime-wasi	45.0.3	normal:cfg(windows)	false		true
windows-sys	0.61.2	windows-sys	0.61.2	winapi-util	0.1.11	normal:cfg(windows)	false		true
windows-sys	0.61.2	windows-sys	0.61.2	zenoh-link-udp	1.7.2	"normal:cfg(target_family = ""windows"")"	false		true
windows-sys	0.61.2	wtransport	0.6.1	sentinel-dashboard-backend	0.1.0	normal:all	true	A	true
windows-sys	0.61.2	zenoh	1.7.2	sentinel-zenoh	0.1.0	normal:all	true		true
windows-sys	0.61.2	zenoh-config	1.7.2	zenoh	1.7.2	normal:all	false		true
windows-sys	0.61.2	zenoh-config	1.7.2	zenoh-link	1.7.2	normal:all	false		true
windows-sys	0.61.2	zenoh-config	1.7.2	zenoh-link-commons	1.7.2	normal:all	false		true
windows-sys	0.61.2	zenoh-config	1.7.2	zenoh-link-quic	1.7.2	normal:all	false		true
windows-sys	0.61.2	zenoh-config	1.7.2	zenoh-link-tcp	1.7.2	normal:all	false		true
windows-sys	0.61.2	zenoh-config	1.7.2	zenoh-link-tls	1.7.2	normal:all	false		true
windows-sys	0.61.2	zenoh-config	1.7.2	zenoh-plugin-trait	1.7.2	normal:all	false		true
windows-sys	0.61.2	zenoh-config	1.7.2	zenoh-transport	1.7.2	normal:all	false		true
windows-sys	0.61.2	zenoh-core	1.7.2	zenoh	1.7.2	normal:all	false		true
windows-sys	0.61.2	zenoh-core	1.7.2	zenoh-config	1.7.2	normal:all	false		true
windows-sys	0.61.2	zenoh-core	1.7.2	zenoh-link-commons	1.7.2	normal:all	false		true
windows-sys	0.61.2	zenoh-core	1.7.2	zenoh-link-quic	1.7.2	normal:all	false		true
windows-sys	0.61.2	zenoh-core	1.7.2	zenoh-link-quic_datagram	1.7.2	normal:all	false		true
windows-sys	0.61.2	zenoh-core	1.7.2	zenoh-link-tcp	1.7.2	normal:all	false		true
windows-sys	0.61.2	zenoh-core	1.7.2	zenoh-link-tls	1.7.2	normal:all	false		true
windows-sys	0.61.2	zenoh-core	1.7.2	zenoh-link-udp	1.7.2	normal:all	false		true
windows-sys	0.61.2	zenoh-core	1.7.2	zenoh-link-unixsock_stream	1.7.2	normal:all	false		true
windows-sys	0.61.2	zenoh-core	1.7.2	zenoh-link-ws	1.7.2	normal:all	false		true
windows-sys	0.61.2	zenoh-core	1.7.2	zenoh-sync	1.7.2	normal:all	false		true
windows-sys	0.61.2	zenoh-core	1.7.2	zenoh-task	1.7.2	normal:all	false		true
windows-sys	0.61.2	zenoh-core	1.7.2	zenoh-transport	1.7.2	normal:all	false		true
windows-sys	0.61.2	zenoh-core	1.7.2	zenoh-util	1.7.2	normal:all	false		true
windows-sys	0.61.2	zenoh-link	1.7.2	zenoh	1.7.2	normal:all	false		true
windows-sys	0.61.2	zenoh-link	1.7.2	zenoh-transport	1.7.2	normal:all	false		true
windows-sys	0.61.2	zenoh-link-commons	1.7.2	zenoh	1.7.2	normal:all	false		true
windows-sys	0.61.2	zenoh-link-commons	1.7.2	zenoh-link	1.7.2	normal:all	false		true
windows-sys	0.61.2	zenoh-link-commons	1.7.2	zenoh-link-quic	1.7.2	normal:all	false		true
windows-sys	0.61.2	zenoh-link-commons	1.7.2	zenoh-link-quic_datagram	1.7.2	normal:all	false		true
windows-sys	0.61.2	zenoh-link-commons	1.7.2	zenoh-link-tcp	1.7.2	normal:all	false		true
windows-sys	0.61.2	zenoh-link-commons	1.7.2	zenoh-link-tls	1.7.2	normal:all	false		true
windows-sys	0.61.2	zenoh-link-commons	1.7.2	zenoh-link-udp	1.7.2	normal:all	false		true
windows-sys	0.61.2	zenoh-link-commons	1.7.2	zenoh-link-unixsock_stream	1.7.2	normal:all	false		true
windows-sys	0.61.2	zenoh-link-commons	1.7.2	zenoh-link-ws	1.7.2	normal:all	false		true
windows-sys	0.61.2	zenoh-link-commons	1.7.2	zenoh-transport	1.7.2	normal:all	false		true
windows-sys	0.61.2	zenoh-link-quic	1.7.2	zenoh-link	1.7.2	normal:all	false		true
windows-sys	0.61.2	zenoh-link-quic_datagram	1.7.2	zenoh-link	1.7.2	normal:all	false		true
windows-sys	0.61.2	zenoh-link-tcp	1.7.2	zenoh-link	1.7.2	normal:all	false		true
windows-sys	0.61.2	zenoh-link-tls	1.7.2	zenoh-link	1.7.2	normal:all	false		true
windows-sys	0.61.2	zenoh-link-udp	1.7.2	zenoh-link	1.7.2	normal:all	false		true
windows-sys	0.61.2	zenoh-link-unixsock_stream	1.7.2	zenoh-link	1.7.2	normal:all	false		true
windows-sys	0.61.2	zenoh-link-ws	1.7.2	zenoh-link	1.7.2	normal:all	false		true
windows-sys	0.61.2	zenoh-plugin-trait	1.7.2	zenoh	1.7.2	normal:all	false		true
windows-sys	0.61.2	zenoh-runtime	1.7.2	zenoh	1.7.2	normal:all	false		true
windows-sys	0.61.2	zenoh-runtime	1.7.2	zenoh-core	1.7.2	normal:all	false		true
windows-sys	0.61.2	zenoh-runtime	1.7.2	zenoh-link-commons	1.7.2	normal:all	false		true
windows-sys	0.61.2	zenoh-runtime	1.7.2	zenoh-link-tls	1.7.2	normal:all	false		true
windows-sys	0.61.2	zenoh-runtime	1.7.2	zenoh-link-unixsock_stream	1.7.2	normal:all	false		true
windows-sys	0.61.2	zenoh-runtime	1.7.2	zenoh-link-ws	1.7.2	normal:all	false		true
windows-sys	0.61.2	zenoh-runtime	1.7.2	zenoh-task	1.7.2	normal:all	false		true
windows-sys	0.61.2	zenoh-runtime	1.7.2	zenoh-transport	1.7.2	normal:all	false		true
windows-sys	0.61.2	zenoh-sync	1.7.2	zenoh	1.7.2	normal:all	false		true
windows-sys	0.61.2	zenoh-sync	1.7.2	zenoh-link-udp	1.7.2	normal:all	false		true
windows-sys	0.61.2	zenoh-sync	1.7.2	zenoh-transport	1.7.2	normal:all	false		true
windows-sys	0.61.2	zenoh-task	1.7.2	zenoh	1.7.2	normal:all	false		true
windows-sys	0.61.2	zenoh-task	1.7.2	zenoh-transport	1.7.2	normal:all	false		true
windows-sys	0.61.2	zenoh-transport	1.7.2	zenoh	1.7.2	normal:all	false		true
windows-sys	0.61.2	zenoh-util	1.7.2	zenoh	1.7.2	normal:all	false		true
windows-sys	0.61.2	zenoh-util	1.7.2	zenoh-config	1.7.2	normal:all	false		true
windows-sys	0.61.2	zenoh-util	1.7.2	zenoh-link-commons	1.7.2	normal:all	false		true
windows-sys	0.61.2	zenoh-util	1.7.2	zenoh-link-quic	1.7.2	normal:all	false		true
windows-sys	0.61.2	zenoh-util	1.7.2	zenoh-link-quic_datagram	1.7.2	normal:all	false		true
windows-sys	0.61.2	zenoh-util	1.7.2	zenoh-link-udp	1.7.2	normal:all	false		true
windows-sys	0.61.2	zenoh-util	1.7.2	zenoh-link-ws	1.7.2	normal:all	false		true
windows-sys	0.61.2	zenoh-util	1.7.2	zenoh-plugin-trait	1.7.2	normal:all	false		true
windows-sys	0.61.2	zenoh-util	1.7.2	zenoh-transport	1.7.2	normal:all	false		true
windows-targets	0.42.2	jni	0.21.1	rustls-platform-verifier	0.6.2	"normal:cfg(target_os = ""android"")"	false		true
windows-targets	0.42.2	quinn	0.11.9	sentinel-cluster-control	0.1.0	normal:all	true		true
windows-targets	0.42.2	quinn	0.11.9	wtransport	0.6.1	normal:all	false		true
windows-targets	0.42.2	quinn	0.11.9	zenoh-link-commons	1.7.2	normal:all	false		true
windows-targets	0.42.2	quinn	0.11.9	zenoh-link-quic	1.7.2	normal:all	false		true
windows-targets	0.42.2	quinn	0.11.9	zenoh-link-quic_datagram	1.7.2	normal:all	false		true
windows-targets	0.42.2	quinn-proto	0.11.15	quinn	0.11.9	normal:all	false		true
windows-targets	0.42.2	rustls-platform-verifier	0.6.2	quinn-proto	0.11.15	normal:all	false		true
windows-targets	0.42.2	sentinel-cluster-control	0.1.0	sentinel-daemon	0.1.0	normal:all	true	A	true
windows-targets	0.42.2	sentinel-sandbox	0.1.0	sentinel-daemon	0.1.0	normal:all	true	A	true
windows-targets	0.42.2	sentinel-zenoh	0.1.0	sentinel-daemon	0.1.0	normal:all	true	A	true
windows-targets	0.42.2	sentinel-zenoh	0.1.0	sentinel-sandbox	0.1.0	normal:all	true		true
windows-targets	0.42.2	windows-sys	0.45.0	jni	0.21.1	normal:cfg(windows)	false		true
windows-targets	0.42.2	windows-targets	0.42.2	windows-sys	0.45.0	normal:cfg(not(windows_raw_dylib))	false		true
windows-targets	0.42.2	wtransport	0.6.1	sentinel-dashboard-backend	0.1.0	normal:all	true	A	true
windows-targets	0.42.2	zenoh	1.7.2	sentinel-zenoh	0.1.0	normal:all	true		true
windows-targets	0.42.2	zenoh-link	1.7.2	zenoh	1.7.2	normal:all	false		true
windows-targets	0.42.2	zenoh-link	1.7.2	zenoh-transport	1.7.2	normal:all	false		true
windows-targets	0.42.2	zenoh-link-commons	1.7.2	zenoh	1.7.2	normal:all	false		true
windows-targets	0.42.2	zenoh-link-commons	1.7.2	zenoh-link	1.7.2	normal:all	false		true
windows-targets	0.42.2	zenoh-link-commons	1.7.2	zenoh-link-quic	1.7.2	normal:all	false		true
windows-targets	0.42.2	zenoh-link-commons	1.7.2	zenoh-link-quic_datagram	1.7.2	normal:all	false		true
windows-targets	0.42.2	zenoh-link-commons	1.7.2	zenoh-link-tcp	1.7.2	normal:all	false		true
windows-targets	0.42.2	zenoh-link-commons	1.7.2	zenoh-link-tls	1.7.2	normal:all	false		true
windows-targets	0.42.2	zenoh-link-commons	1.7.2	zenoh-link-udp	1.7.2	normal:all	false		true
windows-targets	0.42.2	zenoh-link-commons	1.7.2	zenoh-link-unixsock_stream	1.7.2	normal:all	false		true
windows-targets	0.42.2	zenoh-link-commons	1.7.2	zenoh-link-ws	1.7.2	normal:all	false		true
windows-targets	0.42.2	zenoh-link-commons	1.7.2	zenoh-transport	1.7.2	normal:all	false		true
windows-targets	0.42.2	zenoh-link-quic	1.7.2	zenoh-link	1.7.2	normal:all	false		true
windows-targets	0.42.2	zenoh-link-quic_datagram	1.7.2	zenoh-link	1.7.2	normal:all	false		true
windows-targets	0.42.2	zenoh-link-tcp	1.7.2	zenoh-link	1.7.2	normal:all	false		true
windows-targets	0.42.2	zenoh-link-tls	1.7.2	zenoh-link	1.7.2	normal:all	false		true
windows-targets	0.42.2	zenoh-link-udp	1.7.2	zenoh-link	1.7.2	normal:all	false		true
windows-targets	0.42.2	zenoh-link-unixsock_stream	1.7.2	zenoh-link	1.7.2	normal:all	false		true
windows-targets	0.42.2	zenoh-link-ws	1.7.2	zenoh-link	1.7.2	normal:all	false		true
windows-targets	0.42.2	zenoh-transport	1.7.2	zenoh	1.7.2	normal:all	false		true
windows-targets	0.52.6	async-nats	0.47.0	sentinel-daemon	0.1.0	normal:all	true	A	true
windows-targets	0.52.6	async-nats	0.47.0	sentinel-dashboard-backend	0.1.0	normal:all	true	A	true
windows-targets	0.52.6	async-nats	0.47.0	sentinel-gaia-loop	0.1.0	normal:all	true	A	true
windows-targets	0.52.6	axum-server	0.7.3	sentinel-dashboard-backend	0.1.0	normal:all	true	A	true
windows-targets	0.52.6	cap-fs-ext	3.4.5	wasmtime-wasi	45.0.3	normal:all	false		true
windows-targets	0.52.6	cap-net-ext	3.4.5	wasmtime-wasi	45.0.3	normal:all	false		true
windows-targets	0.52.6	cap-primitives	3.4.5	cap-fs-ext	3.4.5	normal:all	false		true
windows-targets	0.52.6	cap-primitives	3.4.5	cap-net-ext	3.4.5	normal:all	false		true
windows-targets	0.52.6	cap-primitives	3.4.5	cap-std	3.4.5	normal:all	false		true
windows-targets	0.52.6	cap-primitives	3.4.5	cap-time-ext	3.4.5	normal:all	false		true
windows-targets	0.52.6	cap-std	3.4.5	cap-fs-ext	3.4.5	normal:all	false		true
windows-targets	0.52.6	cap-std	3.4.5	cap-net-ext	3.4.5	normal:all	false		true
windows-targets	0.52.6	cap-std	3.4.5	wasmtime-wasi	45.0.3	normal:all	false		true
windows-targets	0.52.6	cap-time-ext	3.4.5	wasmtime-wasi	45.0.3	normal:all	false		true
windows-targets	0.52.6	console	0.15.11	insta	1.46.3	normal:all	false		true
windows-targets	0.52.6	fs-set-times	0.20.3	cap-primitives	3.4.5	normal:all	false		true
windows-targets	0.52.6	fs-set-times	0.20.3	wasmtime-wasi	45.0.3	normal:all	false		true
windows-targets	0.52.6	hyper-rustls	0.27.7	reqwest	0.12.28	"normal:cfg(not(target_arch = ""wasm32""))"	false		true
windows-targets	0.52.6	insta	1.46.3	sentinel-ecs	0.1.0	dev:all	true		true
windows-targets	0.52.6	insta	1.46.3	sentinel-physics	0.1.0	dev:all	true		true
windows-targets	0.52.6	io-extras	0.18.4	cap-primitives	3.4.5	normal:all	false		true
windows-targets	0.52.6	io-extras	0.18.4	cap-std	3.4.5	normal:all	false		true
windows-targets	0.52.6	io-extras	0.18.4	wasmtime-wasi	45.0.3	normal:cfg(windows)	false		true
windows-targets	0.52.6	quinn	0.11.9	sentinel-cluster-control	0.1.0	normal:all	true		true
windows-targets	0.52.6	quinn	0.11.9	wtransport	0.6.1	normal:all	false		true
windows-targets	0.52.6	quinn	0.11.9	zenoh-link-commons	1.7.2	normal:all	false		true
windows-targets	0.52.6	quinn	0.11.9	zenoh-link-quic	1.7.2	normal:all	false		true
windows-targets	0.52.6	quinn	0.11.9	zenoh-link-quic_datagram	1.7.2	normal:all	false		true
windows-targets	0.52.6	quinn-proto	0.11.15	quinn	0.11.9	normal:all	false		true
windows-targets	0.52.6	quinn-udp	0.5.14	quinn	0.11.9	normal:all	false		true
windows-targets	0.52.6	rcgen	0.13.2	sentinel-cluster-control	0.1.0	normal:all	true		true
windows-targets	0.52.6	rcgen	0.13.2	sentinel-dashboard-backend	0.1.0	normal:all	true	A	true
windows-targets	0.52.6	rcgen	0.13.2	wtransport	0.6.1	normal:all	false		true
windows-targets	0.52.6	reqwest	0.12.28	sentinel-ctl	0.1.0	normal:all	true	B	true
windows-targets	0.52.6	reqwest	0.12.28	sentinel-daemon	0.1.0	normal:all	true	A	true
windows-targets	0.52.6	reqwest	0.12.28	sentinel-dashboard-backend	0.1.0	normal:all	true	A	true
windows-targets	0.52.6	ring	0.17.14	async-nats	0.47.0	normal:all	false		true
windows-targets	0.52.6	ring	0.17.14	quinn-proto	0.11.15	"normal:all;normal:cfg(all(target_family = ""wasm"", target_os = ""unknown""))"	false		true
windows-targets	0.52.6	ring	0.17.14	rcgen	0.13.2	normal:all	false		true
windows-targets	0.52.6	ring	0.17.14	rustls	0.23.37	normal:all	false		true
windows-targets	0.52.6	ring	0.17.14	rustls-webpki	0.103.13	normal:all	false		true
windows-targets	0.52.6	ring	0.17.14	tokio-websockets	0.10.1	normal:all	false		true
windows-targets	0.52.6	rustls	0.23.37	axum-server	0.7.3	normal:all	false		true
windows-targets	0.52.6	rustls	0.23.37	hyper-rustls	0.27.7	normal:all	false		true
windows-targets	0.52.6	rustls	0.23.37	quinn	0.11.9	normal:all	false		true
windows-targets	0.52.6	rustls	0.23.37	quinn-proto	0.11.15	normal:all	false		true
windows-targets	0.52.6	rustls	0.23.37	reqwest	0.12.28	"normal:cfg(not(target_arch = ""wasm32""))"	false		true
windows-targets	0.52.6	rustls	0.23.37	rustls-platform-verifier	0.6.2	normal:all	false		true
windows-targets	0.52.6	rustls	0.23.37	sentinel-cluster-control	0.1.0	normal:all	true		true
windows-targets	0.52.6	rustls	0.23.37	sentinel-dashboard-backend	0.1.0	normal:all	true	A	true
windows-targets	0.52.6	rustls	0.23.37	tokio-rustls	0.26.4	normal:all	false		true
windows-targets	0.52.6	rustls	0.23.37	wtransport	0.6.1	normal:all	false		true
windows-targets	0.52.6	rustls	0.23.37	zenoh-link-commons	1.7.2	normal:all	false		true
windows-targets	0.52.6	rustls	0.23.37	zenoh-link-quic	1.7.2	normal:all	false		true
windows-targets	0.52.6	rustls	0.23.37	zenoh-link-quic_datagram	1.7.2	normal:all	false		true
windows-targets	0.52.6	rustls	0.23.37	zenoh-link-tls	1.7.2	normal:all	false		true
windows-targets	0.52.6	rustls-platform-verifier	0.6.2	quinn-proto	0.11.15	normal:all	false		true
windows-targets	0.52.6	rustls-webpki	0.103.13	async-nats	0.47.0	normal:all	false		true
windows-targets	0.52.6	rustls-webpki	0.103.13	rustls	0.23.37	normal:all	false		true
windows-targets	0.52.6	rustls-webpki	0.103.13	rustls-platform-verifier	0.6.2	"normal:cfg(all(unix, not(target_os = ""android""), not(target_vendor = ""apple""), not(target_arch = ""wasm32"")));normal:cfg(target_arch = ""wasm32"");normal:cfg(target_os = ""android"")"	false		true
windows-targets	0.52.6	rustls-webpki	0.103.13	zenoh-link-commons	1.7.2	normal:all	false		true
windows-targets	0.52.6	rustls-webpki	0.103.13	zenoh-link-quic	1.7.2	normal:all	false		true
windows-targets	0.52.6	rustls-webpki	0.103.13	zenoh-link-quic_datagram	1.7.2	normal:all	false		true
windows-targets	0.52.6	rustls-webpki	0.103.13	zenoh-link-tls	1.7.2	normal:all	false		true
windows-targets	0.52.6	sentinel-cluster-control	0.1.0	sentinel-daemon	0.1.0	normal:all	true	A	true
windows-targets	0.52.6	sentinel-ecs	0.1.0	sentinel-daemon	0.1.0	normal:all	true	A	true
windows-targets	0.52.6	sentinel-ecs	0.1.0	sentinel-runtime	0.1.0	normal:all	true		true
windows-targets	0.52.6	sentinel-gaia-loop	0.1.0	sentinel-dashboard-backend	0.1.0	normal:all	true	A	true
windows-targets	0.52.6	sentinel-physics	0.1.0	sentinel-ecs	0.1.0	normal:all	true		true
windows-targets	0.52.6	sentinel-physics	0.1.0	sentinel-projection	0.1.0	normal:all	true		true
windows-targets	0.52.6	sentinel-projection	0.1.0	sentinel-daemon	0.1.0	normal:all	true	A	true
windows-targets	0.52.6	sentinel-projection	0.1.0	sentinel-dashboard-backend	0.1.0	normal:all	true	A	true
windows-targets	0.52.6	sentinel-projection	0.1.0	sentinel-gaia-memory	0.1.0	dev:all	true		true
windows-targets	0.52.6	sentinel-projection	0.1.0	sentinel-projection-service	0.1.0	normal:all	true	A	true
windows-targets	0.52.6	sentinel-runtime	0.1.0	sentinel-daemon	0.1.0	normal:all	true	A	true
windows-targets	0.52.6	sentinel-sandbox	0.1.0	sentinel-daemon	0.1.0	normal:all	true	A	true
windows-targets	0.52.6	sentinel-wasm	0.1.0	sentinel-daemon	0.1.0	normal:all	true	A	true
windows-targets	0.52.6	sentinel-wasm	0.1.0	sentinel-ecs	0.1.0	normal:all	true		true
windows-targets	0.52.6	sentinel-zenoh	0.1.0	sentinel-daemon	0.1.0	normal:all	true	A	true
windows-targets	0.52.6	sentinel-zenoh	0.1.0	sentinel-sandbox	0.1.0	normal:all	true		true
windows-targets	0.52.6	socket2	0.5.10	wtransport	0.6.1	normal:all	false		true
windows-targets	0.52.6	socket2	0.5.10	zenoh	1.7.2	normal:all	false		true
windows-targets	0.52.6	socket2	0.5.10	zenoh-link-commons	1.7.2	normal:all	false		true
windows-targets	0.52.6	socket2	0.5.10	zenoh-link-tcp	1.7.2	normal:all	false		true
windows-targets	0.52.6	socket2	0.5.10	zenoh-link-tls	1.7.2	normal:all	false		true
windows-targets	0.52.6	socket2	0.5.10	zenoh-link-udp	1.7.2	normal:all	false		true
windows-targets	0.52.6	tls-listener	0.11.2	zenoh-link-tls	1.7.2	normal:all	false		true
windows-targets	0.52.6	tokio-rustls	0.26.4	async-nats	0.47.0	normal:all	false		true
windows-targets	0.52.6	tokio-rustls	0.26.4	axum-server	0.7.3	normal:all	false		true
windows-targets	0.52.6	tokio-rustls	0.26.4	hyper-rustls	0.27.7	normal:all	false		true
windows-targets	0.52.6	tokio-rustls	0.26.4	reqwest	0.12.28	"normal:cfg(not(target_arch = ""wasm32""))"	false		true
windows-targets	0.52.6	tokio-rustls	0.26.4	tls-listener	0.11.2	normal:all	false		true
windows-targets	0.52.6	tokio-rustls	0.26.4	tokio-websockets	0.10.1	normal:all	false		true
windows-targets	0.52.6	tokio-rustls	0.26.4	zenoh-link-tls	1.7.2	normal:all	false		true
windows-targets	0.52.6	tokio-websockets	0.10.1	async-nats	0.47.0	normal:all	false		true
windows-targets	0.52.6	wasmtime-wasi	45.0.3	sentinel-wasm	0.1.0	normal:all	true		true
windows-targets	0.52.6	windows-sys	0.52.0	ring	0.17.14	"normal:cfg(all(all(target_arch = ""aarch64"", target_endian = ""little""), target_os = ""windows""))"	false		true
windows-targets	0.52.6	windows-sys	0.52.0	socket2	0.5.10	normal:cfg(windows)	false		true
windows-targets	0.52.6	windows-sys	0.59.0	cap-fs-ext	3.4.5	normal:cfg(windows)	false		true
windows-targets	0.52.6	windows-sys	0.59.0	cap-primitives	3.4.5	normal:cfg(windows)	false		true
windows-targets	0.52.6	windows-sys	0.59.0	console	0.15.11	normal:cfg(windows)	false		true
windows-targets	0.52.6	windows-sys	0.59.0	fs-set-times	0.20.3	normal:cfg(windows)	false		true
windows-targets	0.52.6	windows-sys	0.59.0	io-extras	0.18.4	normal:cfg(windows)	false		true
windows-targets	0.52.6	windows-sys	0.59.0	quinn-udp	0.5.14	normal:cfg(windows)	false		true
windows-targets	0.52.6	windows-sys	0.59.0	winx	0.36.4	normal:cfg(windows)	false		true
windows-targets	0.52.6	windows-targets	0.52.6	windows-sys	0.52.0	normal:all	false		true
windows-targets	0.52.6	windows-targets	0.52.6	windows-sys	0.59.0	normal:all	false		true
windows-targets	0.52.6	winx	0.36.4	cap-primitives	3.4.5	normal:cfg(windows)	false		true
windows-targets	0.52.6	winx	0.36.4	cap-time-ext	3.4.5	normal:cfg(windows)	false		true
windows-targets	0.52.6	wtransport	0.6.1	sentinel-dashboard-backend	0.1.0	normal:all	true	A	true
windows-targets	0.52.6	zenoh	1.7.2	sentinel-zenoh	0.1.0	normal:all	true		true
windows-targets	0.52.6	zenoh-link	1.7.2	zenoh	1.7.2	normal:all	false		true
windows-targets	0.52.6	zenoh-link	1.7.2	zenoh-transport	1.7.2	normal:all	false		true
windows-targets	0.52.6	zenoh-link-commons	1.7.2	zenoh	1.7.2	normal:all	false		true
windows-targets	0.52.6	zenoh-link-commons	1.7.2	zenoh-link	1.7.2	normal:all	false		true
windows-targets	0.52.6	zenoh-link-commons	1.7.2	zenoh-link-quic	1.7.2	normal:all	false		true
windows-targets	0.52.6	zenoh-link-commons	1.7.2	zenoh-link-quic_datagram	1.7.2	normal:all	false		true
windows-targets	0.52.6	zenoh-link-commons	1.7.2	zenoh-link-tcp	1.7.2	normal:all	false		true
windows-targets	0.52.6	zenoh-link-commons	1.7.2	zenoh-link-tls	1.7.2	normal:all	false		true
windows-targets	0.52.6	zenoh-link-commons	1.7.2	zenoh-link-udp	1.7.2	normal:all	false		true
windows-targets	0.52.6	zenoh-link-commons	1.7.2	zenoh-link-unixsock_stream	1.7.2	normal:all	false		true
windows-targets	0.52.6	zenoh-link-commons	1.7.2	zenoh-link-ws	1.7.2	normal:all	false		true
windows-targets	0.52.6	zenoh-link-commons	1.7.2	zenoh-transport	1.7.2	normal:all	false		true
windows-targets	0.52.6	zenoh-link-quic	1.7.2	zenoh-link	1.7.2	normal:all	false		true
windows-targets	0.52.6	zenoh-link-quic_datagram	1.7.2	zenoh-link	1.7.2	normal:all	false		true
windows-targets	0.52.6	zenoh-link-tcp	1.7.2	zenoh-link	1.7.2	normal:all	false		true
windows-targets	0.52.6	zenoh-link-tls	1.7.2	zenoh-link	1.7.2	normal:all	false		true
windows-targets	0.52.6	zenoh-link-udp	1.7.2	zenoh-link	1.7.2	normal:all	false		true
windows-targets	0.52.6	zenoh-link-unixsock_stream	1.7.2	zenoh-link	1.7.2	normal:all	false		true
windows-targets	0.52.6	zenoh-link-ws	1.7.2	zenoh-link	1.7.2	normal:all	false		true
windows-targets	0.52.6	zenoh-transport	1.7.2	zenoh	1.7.2	normal:all	false		true
windows_aarch64_gnullvm	0.42.2	jni	0.21.1	rustls-platform-verifier	0.6.2	"normal:cfg(target_os = ""android"")"	false		true
windows_aarch64_gnullvm	0.42.2	quinn	0.11.9	sentinel-cluster-control	0.1.0	normal:all	true		true
windows_aarch64_gnullvm	0.42.2	quinn	0.11.9	wtransport	0.6.1	normal:all	false		true
windows_aarch64_gnullvm	0.42.2	quinn	0.11.9	zenoh-link-commons	1.7.2	normal:all	false		true
windows_aarch64_gnullvm	0.42.2	quinn	0.11.9	zenoh-link-quic	1.7.2	normal:all	false		true
windows_aarch64_gnullvm	0.42.2	quinn	0.11.9	zenoh-link-quic_datagram	1.7.2	normal:all	false		true
windows_aarch64_gnullvm	0.42.2	quinn-proto	0.11.15	quinn	0.11.9	normal:all	false		true
windows_aarch64_gnullvm	0.42.2	rustls-platform-verifier	0.6.2	quinn-proto	0.11.15	normal:all	false		true
windows_aarch64_gnullvm	0.42.2	sentinel-cluster-control	0.1.0	sentinel-daemon	0.1.0	normal:all	true	A	true
windows_aarch64_gnullvm	0.42.2	sentinel-sandbox	0.1.0	sentinel-daemon	0.1.0	normal:all	true	A	true
windows_aarch64_gnullvm	0.42.2	sentinel-zenoh	0.1.0	sentinel-daemon	0.1.0	normal:all	true	A	true
windows_aarch64_gnullvm	0.42.2	sentinel-zenoh	0.1.0	sentinel-sandbox	0.1.0	normal:all	true		true
windows_aarch64_gnullvm	0.42.2	windows-sys	0.45.0	jni	0.21.1	normal:cfg(windows)	false		true
windows_aarch64_gnullvm	0.42.2	windows-targets	0.42.2	windows-sys	0.45.0	normal:cfg(not(windows_raw_dylib))	false		true
windows_aarch64_gnullvm	0.42.2	windows_aarch64_gnullvm	0.42.2	windows-targets	0.42.2	normal:aarch64-pc-windows-gnullvm	false		true
windows_aarch64_gnullvm	0.42.2	wtransport	0.6.1	sentinel-dashboard-backend	0.1.0	normal:all	true	A	true
windows_aarch64_gnullvm	0.42.2	zenoh	1.7.2	sentinel-zenoh	0.1.0	normal:all	true		true
windows_aarch64_gnullvm	0.42.2	zenoh-link	1.7.2	zenoh	1.7.2	normal:all	false		true
windows_aarch64_gnullvm	0.42.2	zenoh-link	1.7.2	zenoh-transport	1.7.2	normal:all	false		true
windows_aarch64_gnullvm	0.42.2	zenoh-link-commons	1.7.2	zenoh	1.7.2	normal:all	false		true
windows_aarch64_gnullvm	0.42.2	zenoh-link-commons	1.7.2	zenoh-link	1.7.2	normal:all	false		true
windows_aarch64_gnullvm	0.42.2	zenoh-link-commons	1.7.2	zenoh-link-quic	1.7.2	normal:all	false		true
windows_aarch64_gnullvm	0.42.2	zenoh-link-commons	1.7.2	zenoh-link-quic_datagram	1.7.2	normal:all	false		true
windows_aarch64_gnullvm	0.42.2	zenoh-link-commons	1.7.2	zenoh-link-tcp	1.7.2	normal:all	false		true
windows_aarch64_gnullvm	0.42.2	zenoh-link-commons	1.7.2	zenoh-link-tls	1.7.2	normal:all	false		true
windows_aarch64_gnullvm	0.42.2	zenoh-link-commons	1.7.2	zenoh-link-udp	1.7.2	normal:all	false		true
windows_aarch64_gnullvm	0.42.2	zenoh-link-commons	1.7.2	zenoh-link-unixsock_stream	1.7.2	normal:all	false		true
windows_aarch64_gnullvm	0.42.2	zenoh-link-commons	1.7.2	zenoh-link-ws	1.7.2	normal:all	false		true
windows_aarch64_gnullvm	0.42.2	zenoh-link-commons	1.7.2	zenoh-transport	1.7.2	normal:all	false		true
windows_aarch64_gnullvm	0.42.2	zenoh-link-quic	1.7.2	zenoh-link	1.7.2	normal:all	false		true
windows_aarch64_gnullvm	0.42.2	zenoh-link-quic_datagram	1.7.2	zenoh-link	1.7.2	normal:all	false		true
windows_aarch64_gnullvm	0.42.2	zenoh-link-tcp	1.7.2	zenoh-link	1.7.2	normal:all	false		true
windows_aarch64_gnullvm	0.42.2	zenoh-link-tls	1.7.2	zenoh-link	1.7.2	normal:all	false		true
windows_aarch64_gnullvm	0.42.2	zenoh-link-udp	1.7.2	zenoh-link	1.7.2	normal:all	false		true
windows_aarch64_gnullvm	0.42.2	zenoh-link-unixsock_stream	1.7.2	zenoh-link	1.7.2	normal:all	false		true
windows_aarch64_gnullvm	0.42.2	zenoh-link-ws	1.7.2	zenoh-link	1.7.2	normal:all	false		true
windows_aarch64_gnullvm	0.42.2	zenoh-transport	1.7.2	zenoh	1.7.2	normal:all	false		true
windows_aarch64_gnullvm	0.52.6	async-nats	0.47.0	sentinel-daemon	0.1.0	normal:all	true	A	true
windows_aarch64_gnullvm	0.52.6	async-nats	0.47.0	sentinel-dashboard-backend	0.1.0	normal:all	true	A	true
windows_aarch64_gnullvm	0.52.6	async-nats	0.47.0	sentinel-gaia-loop	0.1.0	normal:all	true	A	true
windows_aarch64_gnullvm	0.52.6	axum-server	0.7.3	sentinel-dashboard-backend	0.1.0	normal:all	true	A	true
windows_aarch64_gnullvm	0.52.6	cap-fs-ext	3.4.5	wasmtime-wasi	45.0.3	normal:all	false		true
windows_aarch64_gnullvm	0.52.6	cap-net-ext	3.4.5	wasmtime-wasi	45.0.3	normal:all	false		true
windows_aarch64_gnullvm	0.52.6	cap-primitives	3.4.5	cap-fs-ext	3.4.5	normal:all	false		true
windows_aarch64_gnullvm	0.52.6	cap-primitives	3.4.5	cap-net-ext	3.4.5	normal:all	false		true
windows_aarch64_gnullvm	0.52.6	cap-primitives	3.4.5	cap-std	3.4.5	normal:all	false		true
windows_aarch64_gnullvm	0.52.6	cap-primitives	3.4.5	cap-time-ext	3.4.5	normal:all	false		true
windows_aarch64_gnullvm	0.52.6	cap-std	3.4.5	cap-fs-ext	3.4.5	normal:all	false		true
windows_aarch64_gnullvm	0.52.6	cap-std	3.4.5	cap-net-ext	3.4.5	normal:all	false		true
windows_aarch64_gnullvm	0.52.6	cap-std	3.4.5	wasmtime-wasi	45.0.3	normal:all	false		true
windows_aarch64_gnullvm	0.52.6	cap-time-ext	3.4.5	wasmtime-wasi	45.0.3	normal:all	false		true
windows_aarch64_gnullvm	0.52.6	console	0.15.11	insta	1.46.3	normal:all	false		true
windows_aarch64_gnullvm	0.52.6	fs-set-times	0.20.3	cap-primitives	3.4.5	normal:all	false		true
windows_aarch64_gnullvm	0.52.6	fs-set-times	0.20.3	wasmtime-wasi	45.0.3	normal:all	false		true
windows_aarch64_gnullvm	0.52.6	hyper-rustls	0.27.7	reqwest	0.12.28	"normal:cfg(not(target_arch = ""wasm32""))"	false		true
windows_aarch64_gnullvm	0.52.6	insta	1.46.3	sentinel-ecs	0.1.0	dev:all	true		true
windows_aarch64_gnullvm	0.52.6	insta	1.46.3	sentinel-physics	0.1.0	dev:all	true		true
windows_aarch64_gnullvm	0.52.6	io-extras	0.18.4	cap-primitives	3.4.5	normal:all	false		true
windows_aarch64_gnullvm	0.52.6	io-extras	0.18.4	cap-std	3.4.5	normal:all	false		true
windows_aarch64_gnullvm	0.52.6	io-extras	0.18.4	wasmtime-wasi	45.0.3	normal:cfg(windows)	false		true
windows_aarch64_gnullvm	0.52.6	quinn	0.11.9	sentinel-cluster-control	0.1.0	normal:all	true		true
windows_aarch64_gnullvm	0.52.6	quinn	0.11.9	wtransport	0.6.1	normal:all	false		true
windows_aarch64_gnullvm	0.52.6	quinn	0.11.9	zenoh-link-commons	1.7.2	normal:all	false		true
windows_aarch64_gnullvm	0.52.6	quinn	0.11.9	zenoh-link-quic	1.7.2	normal:all	false		true
windows_aarch64_gnullvm	0.52.6	quinn	0.11.9	zenoh-link-quic_datagram	1.7.2	normal:all	false		true
windows_aarch64_gnullvm	0.52.6	quinn-proto	0.11.15	quinn	0.11.9	normal:all	false		true
windows_aarch64_gnullvm	0.52.6	quinn-udp	0.5.14	quinn	0.11.9	normal:all	false		true
windows_aarch64_gnullvm	0.52.6	rcgen	0.13.2	sentinel-cluster-control	0.1.0	normal:all	true		true
windows_aarch64_gnullvm	0.52.6	rcgen	0.13.2	sentinel-dashboard-backend	0.1.0	normal:all	true	A	true
windows_aarch64_gnullvm	0.52.6	rcgen	0.13.2	wtransport	0.6.1	normal:all	false		true
windows_aarch64_gnullvm	0.52.6	reqwest	0.12.28	sentinel-ctl	0.1.0	normal:all	true	B	true
windows_aarch64_gnullvm	0.52.6	reqwest	0.12.28	sentinel-daemon	0.1.0	normal:all	true	A	true
windows_aarch64_gnullvm	0.52.6	reqwest	0.12.28	sentinel-dashboard-backend	0.1.0	normal:all	true	A	true
windows_aarch64_gnullvm	0.52.6	ring	0.17.14	async-nats	0.47.0	normal:all	false		true
windows_aarch64_gnullvm	0.52.6	ring	0.17.14	quinn-proto	0.11.15	"normal:all;normal:cfg(all(target_family = ""wasm"", target_os = ""unknown""))"	false		true
windows_aarch64_gnullvm	0.52.6	ring	0.17.14	rcgen	0.13.2	normal:all	false		true
windows_aarch64_gnullvm	0.52.6	ring	0.17.14	rustls	0.23.37	normal:all	false		true
windows_aarch64_gnullvm	0.52.6	ring	0.17.14	rustls-webpki	0.103.13	normal:all	false		true
windows_aarch64_gnullvm	0.52.6	ring	0.17.14	tokio-websockets	0.10.1	normal:all	false		true
windows_aarch64_gnullvm	0.52.6	rustls	0.23.37	axum-server	0.7.3	normal:all	false		true
windows_aarch64_gnullvm	0.52.6	rustls	0.23.37	hyper-rustls	0.27.7	normal:all	false		true
windows_aarch64_gnullvm	0.52.6	rustls	0.23.37	quinn	0.11.9	normal:all	false		true
windows_aarch64_gnullvm	0.52.6	rustls	0.23.37	quinn-proto	0.11.15	normal:all	false		true
windows_aarch64_gnullvm	0.52.6	rustls	0.23.37	reqwest	0.12.28	"normal:cfg(not(target_arch = ""wasm32""))"	false		true
windows_aarch64_gnullvm	0.52.6	rustls	0.23.37	rustls-platform-verifier	0.6.2	normal:all	false		true
windows_aarch64_gnullvm	0.52.6	rustls	0.23.37	sentinel-cluster-control	0.1.0	normal:all	true		true
windows_aarch64_gnullvm	0.52.6	rustls	0.23.37	sentinel-dashboard-backend	0.1.0	normal:all	true	A	true
windows_aarch64_gnullvm	0.52.6	rustls	0.23.37	tokio-rustls	0.26.4	normal:all	false		true
windows_aarch64_gnullvm	0.52.6	rustls	0.23.37	wtransport	0.6.1	normal:all	false		true
windows_aarch64_gnullvm	0.52.6	rustls	0.23.37	zenoh-link-commons	1.7.2	normal:all	false		true
windows_aarch64_gnullvm	0.52.6	rustls	0.23.37	zenoh-link-quic	1.7.2	normal:all	false		true
windows_aarch64_gnullvm	0.52.6	rustls	0.23.37	zenoh-link-quic_datagram	1.7.2	normal:all	false		true
windows_aarch64_gnullvm	0.52.6	rustls	0.23.37	zenoh-link-tls	1.7.2	normal:all	false		true
windows_aarch64_gnullvm	0.52.6	rustls-platform-verifier	0.6.2	quinn-proto	0.11.15	normal:all	false		true
windows_aarch64_gnullvm	0.52.6	rustls-webpki	0.103.13	async-nats	0.47.0	normal:all	false		true
windows_aarch64_gnullvm	0.52.6	rustls-webpki	0.103.13	rustls	0.23.37	normal:all	false		true
windows_aarch64_gnullvm	0.52.6	rustls-webpki	0.103.13	rustls-platform-verifier	0.6.2	"normal:cfg(all(unix, not(target_os = ""android""), not(target_vendor = ""apple""), not(target_arch = ""wasm32"")));normal:cfg(target_arch = ""wasm32"");normal:cfg(target_os = ""android"")"	false		true
windows_aarch64_gnullvm	0.52.6	rustls-webpki	0.103.13	zenoh-link-commons	1.7.2	normal:all	false		true
windows_aarch64_gnullvm	0.52.6	rustls-webpki	0.103.13	zenoh-link-quic	1.7.2	normal:all	false		true
windows_aarch64_gnullvm	0.52.6	rustls-webpki	0.103.13	zenoh-link-quic_datagram	1.7.2	normal:all	false		true
windows_aarch64_gnullvm	0.52.6	rustls-webpki	0.103.13	zenoh-link-tls	1.7.2	normal:all	false		true
windows_aarch64_gnullvm	0.52.6	sentinel-cluster-control	0.1.0	sentinel-daemon	0.1.0	normal:all	true	A	true
windows_aarch64_gnullvm	0.52.6	sentinel-ecs	0.1.0	sentinel-daemon	0.1.0	normal:all	true	A	true
windows_aarch64_gnullvm	0.52.6	sentinel-ecs	0.1.0	sentinel-runtime	0.1.0	normal:all	true		true
windows_aarch64_gnullvm	0.52.6	sentinel-gaia-loop	0.1.0	sentinel-dashboard-backend	0.1.0	normal:all	true	A	true
windows_aarch64_gnullvm	0.52.6	sentinel-physics	0.1.0	sentinel-ecs	0.1.0	normal:all	true		true
windows_aarch64_gnullvm	0.52.6	sentinel-physics	0.1.0	sentinel-projection	0.1.0	normal:all	true		true
windows_aarch64_gnullvm	0.52.6	sentinel-projection	0.1.0	sentinel-daemon	0.1.0	normal:all	true	A	true
windows_aarch64_gnullvm	0.52.6	sentinel-projection	0.1.0	sentinel-dashboard-backend	0.1.0	normal:all	true	A	true
windows_aarch64_gnullvm	0.52.6	sentinel-projection	0.1.0	sentinel-gaia-memory	0.1.0	dev:all	true		true
windows_aarch64_gnullvm	0.52.6	sentinel-projection	0.1.0	sentinel-projection-service	0.1.0	normal:all	true	A	true
windows_aarch64_gnullvm	0.52.6	sentinel-runtime	0.1.0	sentinel-daemon	0.1.0	normal:all	true	A	true
windows_aarch64_gnullvm	0.52.6	sentinel-sandbox	0.1.0	sentinel-daemon	0.1.0	normal:all	true	A	true
windows_aarch64_gnullvm	0.52.6	sentinel-wasm	0.1.0	sentinel-daemon	0.1.0	normal:all	true	A	true
windows_aarch64_gnullvm	0.52.6	sentinel-wasm	0.1.0	sentinel-ecs	0.1.0	normal:all	true		true
windows_aarch64_gnullvm	0.52.6	sentinel-zenoh	0.1.0	sentinel-daemon	0.1.0	normal:all	true	A	true
windows_aarch64_gnullvm	0.52.6	sentinel-zenoh	0.1.0	sentinel-sandbox	0.1.0	normal:all	true		true
windows_aarch64_gnullvm	0.52.6	socket2	0.5.10	wtransport	0.6.1	normal:all	false		true
windows_aarch64_gnullvm	0.52.6	socket2	0.5.10	zenoh	1.7.2	normal:all	false		true
windows_aarch64_gnullvm	0.52.6	socket2	0.5.10	zenoh-link-commons	1.7.2	normal:all	false		true
windows_aarch64_gnullvm	0.52.6	socket2	0.5.10	zenoh-link-tcp	1.7.2	normal:all	false		true
windows_aarch64_gnullvm	0.52.6	socket2	0.5.10	zenoh-link-tls	1.7.2	normal:all	false		true
windows_aarch64_gnullvm	0.52.6	socket2	0.5.10	zenoh-link-udp	1.7.2	normal:all	false		true
windows_aarch64_gnullvm	0.52.6	tls-listener	0.11.2	zenoh-link-tls	1.7.2	normal:all	false		true
windows_aarch64_gnullvm	0.52.6	tokio-rustls	0.26.4	async-nats	0.47.0	normal:all	false		true
windows_aarch64_gnullvm	0.52.6	tokio-rustls	0.26.4	axum-server	0.7.3	normal:all	false		true
windows_aarch64_gnullvm	0.52.6	tokio-rustls	0.26.4	hyper-rustls	0.27.7	normal:all	false		true
windows_aarch64_gnullvm	0.52.6	tokio-rustls	0.26.4	reqwest	0.12.28	"normal:cfg(not(target_arch = ""wasm32""))"	false		true
windows_aarch64_gnullvm	0.52.6	tokio-rustls	0.26.4	tls-listener	0.11.2	normal:all	false		true
windows_aarch64_gnullvm	0.52.6	tokio-rustls	0.26.4	tokio-websockets	0.10.1	normal:all	false		true
windows_aarch64_gnullvm	0.52.6	tokio-rustls	0.26.4	zenoh-link-tls	1.7.2	normal:all	false		true
windows_aarch64_gnullvm	0.52.6	tokio-websockets	0.10.1	async-nats	0.47.0	normal:all	false		true
windows_aarch64_gnullvm	0.52.6	wasmtime-wasi	45.0.3	sentinel-wasm	0.1.0	normal:all	true		true
windows_aarch64_gnullvm	0.52.6	windows-sys	0.52.0	ring	0.17.14	"normal:cfg(all(all(target_arch = ""aarch64"", target_endian = ""little""), target_os = ""windows""))"	false		true
windows_aarch64_gnullvm	0.52.6	windows-sys	0.52.0	socket2	0.5.10	normal:cfg(windows)	false		true
windows_aarch64_gnullvm	0.52.6	windows-sys	0.59.0	cap-fs-ext	3.4.5	normal:cfg(windows)	false		true
windows_aarch64_gnullvm	0.52.6	windows-sys	0.59.0	cap-primitives	3.4.5	normal:cfg(windows)	false		true
windows_aarch64_gnullvm	0.52.6	windows-sys	0.59.0	console	0.15.11	normal:cfg(windows)	false		true
windows_aarch64_gnullvm	0.52.6	windows-sys	0.59.0	fs-set-times	0.20.3	normal:cfg(windows)	false		true
windows_aarch64_gnullvm	0.52.6	windows-sys	0.59.0	io-extras	0.18.4	normal:cfg(windows)	false		true
windows_aarch64_gnullvm	0.52.6	windows-sys	0.59.0	quinn-udp	0.5.14	normal:cfg(windows)	false		true
windows_aarch64_gnullvm	0.52.6	windows-sys	0.59.0	winx	0.36.4	normal:cfg(windows)	false		true
windows_aarch64_gnullvm	0.52.6	windows-targets	0.52.6	windows-sys	0.52.0	normal:all	false		true
windows_aarch64_gnullvm	0.52.6	windows-targets	0.52.6	windows-sys	0.59.0	normal:all	false		true
windows_aarch64_gnullvm	0.52.6	windows_aarch64_gnullvm	0.52.6	windows-targets	0.52.6	normal:aarch64-pc-windows-gnullvm	false		true
windows_aarch64_gnullvm	0.52.6	winx	0.36.4	cap-primitives	3.4.5	normal:cfg(windows)	false		true
windows_aarch64_gnullvm	0.52.6	winx	0.36.4	cap-time-ext	3.4.5	normal:cfg(windows)	false		true
windows_aarch64_gnullvm	0.52.6	wtransport	0.6.1	sentinel-dashboard-backend	0.1.0	normal:all	true	A	true
windows_aarch64_gnullvm	0.52.6	zenoh	1.7.2	sentinel-zenoh	0.1.0	normal:all	true		true
windows_aarch64_gnullvm	0.52.6	zenoh-link	1.7.2	zenoh	1.7.2	normal:all	false		true
windows_aarch64_gnullvm	0.52.6	zenoh-link	1.7.2	zenoh-transport	1.7.2	normal:all	false		true
windows_aarch64_gnullvm	0.52.6	zenoh-link-commons	1.7.2	zenoh	1.7.2	normal:all	false		true
windows_aarch64_gnullvm	0.52.6	zenoh-link-commons	1.7.2	zenoh-link	1.7.2	normal:all	false		true
windows_aarch64_gnullvm	0.52.6	zenoh-link-commons	1.7.2	zenoh-link-quic	1.7.2	normal:all	false		true
windows_aarch64_gnullvm	0.52.6	zenoh-link-commons	1.7.2	zenoh-link-quic_datagram	1.7.2	normal:all	false		true
windows_aarch64_gnullvm	0.52.6	zenoh-link-commons	1.7.2	zenoh-link-tcp	1.7.2	normal:all	false		true
windows_aarch64_gnullvm	0.52.6	zenoh-link-commons	1.7.2	zenoh-link-tls	1.7.2	normal:all	false		true
windows_aarch64_gnullvm	0.52.6	zenoh-link-commons	1.7.2	zenoh-link-udp	1.7.2	normal:all	false		true
windows_aarch64_gnullvm	0.52.6	zenoh-link-commons	1.7.2	zenoh-link-unixsock_stream	1.7.2	normal:all	false		true
windows_aarch64_gnullvm	0.52.6	zenoh-link-commons	1.7.2	zenoh-link-ws	1.7.2	normal:all	false		true
windows_aarch64_gnullvm	0.52.6	zenoh-link-commons	1.7.2	zenoh-transport	1.7.2	normal:all	false		true
windows_aarch64_gnullvm	0.52.6	zenoh-link-quic	1.7.2	zenoh-link	1.7.2	normal:all	false		true
windows_aarch64_gnullvm	0.52.6	zenoh-link-quic_datagram	1.7.2	zenoh-link	1.7.2	normal:all	false		true
windows_aarch64_gnullvm	0.52.6	zenoh-link-tcp	1.7.2	zenoh-link	1.7.2	normal:all	false		true
windows_aarch64_gnullvm	0.52.6	zenoh-link-tls	1.7.2	zenoh-link	1.7.2	normal:all	false		true
windows_aarch64_gnullvm	0.52.6	zenoh-link-udp	1.7.2	zenoh-link	1.7.2	normal:all	false		true
windows_aarch64_gnullvm	0.52.6	zenoh-link-unixsock_stream	1.7.2	zenoh-link	1.7.2	normal:all	false		true
windows_aarch64_gnullvm	0.52.6	zenoh-link-ws	1.7.2	zenoh-link	1.7.2	normal:all	false		true
windows_aarch64_gnullvm	0.52.6	zenoh-transport	1.7.2	zenoh	1.7.2	normal:all	false		true
windows_aarch64_msvc	0.42.2	jni	0.21.1	rustls-platform-verifier	0.6.2	"normal:cfg(target_os = ""android"")"	false		true
windows_aarch64_msvc	0.42.2	quinn	0.11.9	sentinel-cluster-control	0.1.0	normal:all	true		true
windows_aarch64_msvc	0.42.2	quinn	0.11.9	wtransport	0.6.1	normal:all	false		true
windows_aarch64_msvc	0.42.2	quinn	0.11.9	zenoh-link-commons	1.7.2	normal:all	false		true
windows_aarch64_msvc	0.42.2	quinn	0.11.9	zenoh-link-quic	1.7.2	normal:all	false		true
windows_aarch64_msvc	0.42.2	quinn	0.11.9	zenoh-link-quic_datagram	1.7.2	normal:all	false		true
windows_aarch64_msvc	0.42.2	quinn-proto	0.11.15	quinn	0.11.9	normal:all	false		true
windows_aarch64_msvc	0.42.2	rustls-platform-verifier	0.6.2	quinn-proto	0.11.15	normal:all	false		true
windows_aarch64_msvc	0.42.2	sentinel-cluster-control	0.1.0	sentinel-daemon	0.1.0	normal:all	true	A	true
windows_aarch64_msvc	0.42.2	sentinel-sandbox	0.1.0	sentinel-daemon	0.1.0	normal:all	true	A	true
windows_aarch64_msvc	0.42.2	sentinel-zenoh	0.1.0	sentinel-daemon	0.1.0	normal:all	true	A	true
windows_aarch64_msvc	0.42.2	sentinel-zenoh	0.1.0	sentinel-sandbox	0.1.0	normal:all	true		true
windows_aarch64_msvc	0.42.2	windows-sys	0.45.0	jni	0.21.1	normal:cfg(windows)	false		true
windows_aarch64_msvc	0.42.2	windows-targets	0.42.2	windows-sys	0.45.0	normal:cfg(not(windows_raw_dylib))	false		true
windows_aarch64_msvc	0.42.2	windows_aarch64_msvc	0.42.2	windows-targets	0.42.2	normal:aarch64-pc-windows-msvc;normal:aarch64-uwp-windows-msvc	false		true
windows_aarch64_msvc	0.42.2	wtransport	0.6.1	sentinel-dashboard-backend	0.1.0	normal:all	true	A	true
windows_aarch64_msvc	0.42.2	zenoh	1.7.2	sentinel-zenoh	0.1.0	normal:all	true		true
windows_aarch64_msvc	0.42.2	zenoh-link	1.7.2	zenoh	1.7.2	normal:all	false		true
windows_aarch64_msvc	0.42.2	zenoh-link	1.7.2	zenoh-transport	1.7.2	normal:all	false		true
windows_aarch64_msvc	0.42.2	zenoh-link-commons	1.7.2	zenoh	1.7.2	normal:all	false		true
windows_aarch64_msvc	0.42.2	zenoh-link-commons	1.7.2	zenoh-link	1.7.2	normal:all	false		true
windows_aarch64_msvc	0.42.2	zenoh-link-commons	1.7.2	zenoh-link-quic	1.7.2	normal:all	false		true
windows_aarch64_msvc	0.42.2	zenoh-link-commons	1.7.2	zenoh-link-quic_datagram	1.7.2	normal:all	false		true
windows_aarch64_msvc	0.42.2	zenoh-link-commons	1.7.2	zenoh-link-tcp	1.7.2	normal:all	false		true
windows_aarch64_msvc	0.42.2	zenoh-link-commons	1.7.2	zenoh-link-tls	1.7.2	normal:all	false		true
windows_aarch64_msvc	0.42.2	zenoh-link-commons	1.7.2	zenoh-link-udp	1.7.2	normal:all	false		true
windows_aarch64_msvc	0.42.2	zenoh-link-commons	1.7.2	zenoh-link-unixsock_stream	1.7.2	normal:all	false		true
windows_aarch64_msvc	0.42.2	zenoh-link-commons	1.7.2	zenoh-link-ws	1.7.2	normal:all	false		true
windows_aarch64_msvc	0.42.2	zenoh-link-commons	1.7.2	zenoh-transport	1.7.2	normal:all	false		true
windows_aarch64_msvc	0.42.2	zenoh-link-quic	1.7.2	zenoh-link	1.7.2	normal:all	false		true
windows_aarch64_msvc	0.42.2	zenoh-link-quic_datagram	1.7.2	zenoh-link	1.7.2	normal:all	false		true
windows_aarch64_msvc	0.42.2	zenoh-link-tcp	1.7.2	zenoh-link	1.7.2	normal:all	false		true
windows_aarch64_msvc	0.42.2	zenoh-link-tls	1.7.2	zenoh-link	1.7.2	normal:all	false		true
windows_aarch64_msvc	0.42.2	zenoh-link-udp	1.7.2	zenoh-link	1.7.2	normal:all	false		true
windows_aarch64_msvc	0.42.2	zenoh-link-unixsock_stream	1.7.2	zenoh-link	1.7.2	normal:all	false		true
windows_aarch64_msvc	0.42.2	zenoh-link-ws	1.7.2	zenoh-link	1.7.2	normal:all	false		true
windows_aarch64_msvc	0.42.2	zenoh-transport	1.7.2	zenoh	1.7.2	normal:all	false		true
windows_aarch64_msvc	0.52.6	async-nats	0.47.0	sentinel-daemon	0.1.0	normal:all	true	A	true
windows_aarch64_msvc	0.52.6	async-nats	0.47.0	sentinel-dashboard-backend	0.1.0	normal:all	true	A	true
windows_aarch64_msvc	0.52.6	async-nats	0.47.0	sentinel-gaia-loop	0.1.0	normal:all	true	A	true
windows_aarch64_msvc	0.52.6	axum-server	0.7.3	sentinel-dashboard-backend	0.1.0	normal:all	true	A	true
windows_aarch64_msvc	0.52.6	cap-fs-ext	3.4.5	wasmtime-wasi	45.0.3	normal:all	false		true
windows_aarch64_msvc	0.52.6	cap-net-ext	3.4.5	wasmtime-wasi	45.0.3	normal:all	false		true
windows_aarch64_msvc	0.52.6	cap-primitives	3.4.5	cap-fs-ext	3.4.5	normal:all	false		true
windows_aarch64_msvc	0.52.6	cap-primitives	3.4.5	cap-net-ext	3.4.5	normal:all	false		true
windows_aarch64_msvc	0.52.6	cap-primitives	3.4.5	cap-std	3.4.5	normal:all	false		true
windows_aarch64_msvc	0.52.6	cap-primitives	3.4.5	cap-time-ext	3.4.5	normal:all	false		true
windows_aarch64_msvc	0.52.6	cap-std	3.4.5	cap-fs-ext	3.4.5	normal:all	false		true
windows_aarch64_msvc	0.52.6	cap-std	3.4.5	cap-net-ext	3.4.5	normal:all	false		true
windows_aarch64_msvc	0.52.6	cap-std	3.4.5	wasmtime-wasi	45.0.3	normal:all	false		true
windows_aarch64_msvc	0.52.6	cap-time-ext	3.4.5	wasmtime-wasi	45.0.3	normal:all	false		true
windows_aarch64_msvc	0.52.6	console	0.15.11	insta	1.46.3	normal:all	false		true
windows_aarch64_msvc	0.52.6	fs-set-times	0.20.3	cap-primitives	3.4.5	normal:all	false		true
windows_aarch64_msvc	0.52.6	fs-set-times	0.20.3	wasmtime-wasi	45.0.3	normal:all	false		true
windows_aarch64_msvc	0.52.6	hyper-rustls	0.27.7	reqwest	0.12.28	"normal:cfg(not(target_arch = ""wasm32""))"	false		true
windows_aarch64_msvc	0.52.6	insta	1.46.3	sentinel-ecs	0.1.0	dev:all	true		true
windows_aarch64_msvc	0.52.6	insta	1.46.3	sentinel-physics	0.1.0	dev:all	true		true
windows_aarch64_msvc	0.52.6	io-extras	0.18.4	cap-primitives	3.4.5	normal:all	false		true
windows_aarch64_msvc	0.52.6	io-extras	0.18.4	cap-std	3.4.5	normal:all	false		true
windows_aarch64_msvc	0.52.6	io-extras	0.18.4	wasmtime-wasi	45.0.3	normal:cfg(windows)	false		true
windows_aarch64_msvc	0.52.6	quinn	0.11.9	sentinel-cluster-control	0.1.0	normal:all	true		true
windows_aarch64_msvc	0.52.6	quinn	0.11.9	wtransport	0.6.1	normal:all	false		true
windows_aarch64_msvc	0.52.6	quinn	0.11.9	zenoh-link-commons	1.7.2	normal:all	false		true
windows_aarch64_msvc	0.52.6	quinn	0.11.9	zenoh-link-quic	1.7.2	normal:all	false		true
windows_aarch64_msvc	0.52.6	quinn	0.11.9	zenoh-link-quic_datagram	1.7.2	normal:all	false		true
windows_aarch64_msvc	0.52.6	quinn-proto	0.11.15	quinn	0.11.9	normal:all	false		true
windows_aarch64_msvc	0.52.6	quinn-udp	0.5.14	quinn	0.11.9	normal:all	false		true
windows_aarch64_msvc	0.52.6	rcgen	0.13.2	sentinel-cluster-control	0.1.0	normal:all	true		true
windows_aarch64_msvc	0.52.6	rcgen	0.13.2	sentinel-dashboard-backend	0.1.0	normal:all	true	A	true
windows_aarch64_msvc	0.52.6	rcgen	0.13.2	wtransport	0.6.1	normal:all	false		true
windows_aarch64_msvc	0.52.6	reqwest	0.12.28	sentinel-ctl	0.1.0	normal:all	true	B	true
windows_aarch64_msvc	0.52.6	reqwest	0.12.28	sentinel-daemon	0.1.0	normal:all	true	A	true
windows_aarch64_msvc	0.52.6	reqwest	0.12.28	sentinel-dashboard-backend	0.1.0	normal:all	true	A	true
windows_aarch64_msvc	0.52.6	ring	0.17.14	async-nats	0.47.0	normal:all	false		true
windows_aarch64_msvc	0.52.6	ring	0.17.14	quinn-proto	0.11.15	"normal:all;normal:cfg(all(target_family = ""wasm"", target_os = ""unknown""))"	false		true
windows_aarch64_msvc	0.52.6	ring	0.17.14	rcgen	0.13.2	normal:all	false		true
windows_aarch64_msvc	0.52.6	ring	0.17.14	rustls	0.23.37	normal:all	false		true
windows_aarch64_msvc	0.52.6	ring	0.17.14	rustls-webpki	0.103.13	normal:all	false		true
windows_aarch64_msvc	0.52.6	ring	0.17.14	tokio-websockets	0.10.1	normal:all	false		true
windows_aarch64_msvc	0.52.6	rustls	0.23.37	axum-server	0.7.3	normal:all	false		true
windows_aarch64_msvc	0.52.6	rustls	0.23.37	hyper-rustls	0.27.7	normal:all	false		true
windows_aarch64_msvc	0.52.6	rustls	0.23.37	quinn	0.11.9	normal:all	false		true
windows_aarch64_msvc	0.52.6	rustls	0.23.37	quinn-proto	0.11.15	normal:all	false		true
windows_aarch64_msvc	0.52.6	rustls	0.23.37	reqwest	0.12.28	"normal:cfg(not(target_arch = ""wasm32""))"	false		true
windows_aarch64_msvc	0.52.6	rustls	0.23.37	rustls-platform-verifier	0.6.2	normal:all	false		true
windows_aarch64_msvc	0.52.6	rustls	0.23.37	sentinel-cluster-control	0.1.0	normal:all	true		true
windows_aarch64_msvc	0.52.6	rustls	0.23.37	sentinel-dashboard-backend	0.1.0	normal:all	true	A	true
windows_aarch64_msvc	0.52.6	rustls	0.23.37	tokio-rustls	0.26.4	normal:all	false		true
windows_aarch64_msvc	0.52.6	rustls	0.23.37	wtransport	0.6.1	normal:all	false		true
windows_aarch64_msvc	0.52.6	rustls	0.23.37	zenoh-link-commons	1.7.2	normal:all	false		true
windows_aarch64_msvc	0.52.6	rustls	0.23.37	zenoh-link-quic	1.7.2	normal:all	false		true
windows_aarch64_msvc	0.52.6	rustls	0.23.37	zenoh-link-quic_datagram	1.7.2	normal:all	false		true
windows_aarch64_msvc	0.52.6	rustls	0.23.37	zenoh-link-tls	1.7.2	normal:all	false		true
windows_aarch64_msvc	0.52.6	rustls-platform-verifier	0.6.2	quinn-proto	0.11.15	normal:all	false		true
windows_aarch64_msvc	0.52.6	rustls-webpki	0.103.13	async-nats	0.47.0	normal:all	false		true
windows_aarch64_msvc	0.52.6	rustls-webpki	0.103.13	rustls	0.23.37	normal:all	false		true
windows_aarch64_msvc	0.52.6	rustls-webpki	0.103.13	rustls-platform-verifier	0.6.2	"normal:cfg(all(unix, not(target_os = ""android""), not(target_vendor = ""apple""), not(target_arch = ""wasm32"")));normal:cfg(target_arch = ""wasm32"");normal:cfg(target_os = ""android"")"	false		true
windows_aarch64_msvc	0.52.6	rustls-webpki	0.103.13	zenoh-link-commons	1.7.2	normal:all	false		true
windows_aarch64_msvc	0.52.6	rustls-webpki	0.103.13	zenoh-link-quic	1.7.2	normal:all	false		true
windows_aarch64_msvc	0.52.6	rustls-webpki	0.103.13	zenoh-link-quic_datagram	1.7.2	normal:all	false		true
windows_aarch64_msvc	0.52.6	rustls-webpki	0.103.13	zenoh-link-tls	1.7.2	normal:all	false		true
windows_aarch64_msvc	0.52.6	sentinel-cluster-control	0.1.0	sentinel-daemon	0.1.0	normal:all	true	A	true
windows_aarch64_msvc	0.52.6	sentinel-ecs	0.1.0	sentinel-daemon	0.1.0	normal:all	true	A	true
windows_aarch64_msvc	0.52.6	sentinel-ecs	0.1.0	sentinel-runtime	0.1.0	normal:all	true		true
windows_aarch64_msvc	0.52.6	sentinel-gaia-loop	0.1.0	sentinel-dashboard-backend	0.1.0	normal:all	true	A	true
windows_aarch64_msvc	0.52.6	sentinel-physics	0.1.0	sentinel-ecs	0.1.0	normal:all	true		true
windows_aarch64_msvc	0.52.6	sentinel-physics	0.1.0	sentinel-projection	0.1.0	normal:all	true		true
windows_aarch64_msvc	0.52.6	sentinel-projection	0.1.0	sentinel-daemon	0.1.0	normal:all	true	A	true
windows_aarch64_msvc	0.52.6	sentinel-projection	0.1.0	sentinel-dashboard-backend	0.1.0	normal:all	true	A	true
windows_aarch64_msvc	0.52.6	sentinel-projection	0.1.0	sentinel-gaia-memory	0.1.0	dev:all	true		true
windows_aarch64_msvc	0.52.6	sentinel-projection	0.1.0	sentinel-projection-service	0.1.0	normal:all	true	A	true
windows_aarch64_msvc	0.52.6	sentinel-runtime	0.1.0	sentinel-daemon	0.1.0	normal:all	true	A	true
windows_aarch64_msvc	0.52.6	sentinel-sandbox	0.1.0	sentinel-daemon	0.1.0	normal:all	true	A	true
windows_aarch64_msvc	0.52.6	sentinel-wasm	0.1.0	sentinel-daemon	0.1.0	normal:all	true	A	true
windows_aarch64_msvc	0.52.6	sentinel-wasm	0.1.0	sentinel-ecs	0.1.0	normal:all	true		true
windows_aarch64_msvc	0.52.6	sentinel-zenoh	0.1.0	sentinel-daemon	0.1.0	normal:all	true	A	true
windows_aarch64_msvc	0.52.6	sentinel-zenoh	0.1.0	sentinel-sandbox	0.1.0	normal:all	true		true
windows_aarch64_msvc	0.52.6	socket2	0.5.10	wtransport	0.6.1	normal:all	false		true
windows_aarch64_msvc	0.52.6	socket2	0.5.10	zenoh	1.7.2	normal:all	false		true
windows_aarch64_msvc	0.52.6	socket2	0.5.10	zenoh-link-commons	1.7.2	normal:all	false		true
windows_aarch64_msvc	0.52.6	socket2	0.5.10	zenoh-link-tcp	1.7.2	normal:all	false		true
windows_aarch64_msvc	0.52.6	socket2	0.5.10	zenoh-link-tls	1.7.2	normal:all	false		true
windows_aarch64_msvc	0.52.6	socket2	0.5.10	zenoh-link-udp	1.7.2	normal:all	false		true
windows_aarch64_msvc	0.52.6	tls-listener	0.11.2	zenoh-link-tls	1.7.2	normal:all	false		true
windows_aarch64_msvc	0.52.6	tokio-rustls	0.26.4	async-nats	0.47.0	normal:all	false		true
windows_aarch64_msvc	0.52.6	tokio-rustls	0.26.4	axum-server	0.7.3	normal:all	false		true
windows_aarch64_msvc	0.52.6	tokio-rustls	0.26.4	hyper-rustls	0.27.7	normal:all	false		true
windows_aarch64_msvc	0.52.6	tokio-rustls	0.26.4	reqwest	0.12.28	"normal:cfg(not(target_arch = ""wasm32""))"	false		true
windows_aarch64_msvc	0.52.6	tokio-rustls	0.26.4	tls-listener	0.11.2	normal:all	false		true
windows_aarch64_msvc	0.52.6	tokio-rustls	0.26.4	tokio-websockets	0.10.1	normal:all	false		true
windows_aarch64_msvc	0.52.6	tokio-rustls	0.26.4	zenoh-link-tls	1.7.2	normal:all	false		true
windows_aarch64_msvc	0.52.6	tokio-websockets	0.10.1	async-nats	0.47.0	normal:all	false		true
windows_aarch64_msvc	0.52.6	wasmtime-wasi	45.0.3	sentinel-wasm	0.1.0	normal:all	true		true
windows_aarch64_msvc	0.52.6	windows-sys	0.52.0	ring	0.17.14	"normal:cfg(all(all(target_arch = ""aarch64"", target_endian = ""little""), target_os = ""windows""))"	false		true
windows_aarch64_msvc	0.52.6	windows-sys	0.52.0	socket2	0.5.10	normal:cfg(windows)	false		true
windows_aarch64_msvc	0.52.6	windows-sys	0.59.0	cap-fs-ext	3.4.5	normal:cfg(windows)	false		true
windows_aarch64_msvc	0.52.6	windows-sys	0.59.0	cap-primitives	3.4.5	normal:cfg(windows)	false		true
windows_aarch64_msvc	0.52.6	windows-sys	0.59.0	console	0.15.11	normal:cfg(windows)	false		true
windows_aarch64_msvc	0.52.6	windows-sys	0.59.0	fs-set-times	0.20.3	normal:cfg(windows)	false		true
windows_aarch64_msvc	0.52.6	windows-sys	0.59.0	io-extras	0.18.4	normal:cfg(windows)	false		true
windows_aarch64_msvc	0.52.6	windows-sys	0.59.0	quinn-udp	0.5.14	normal:cfg(windows)	false		true
windows_aarch64_msvc	0.52.6	windows-sys	0.59.0	winx	0.36.4	normal:cfg(windows)	false		true
windows_aarch64_msvc	0.52.6	windows-targets	0.52.6	windows-sys	0.52.0	normal:all	false		true
windows_aarch64_msvc	0.52.6	windows-targets	0.52.6	windows-sys	0.59.0	normal:all	false		true
windows_aarch64_msvc	0.52.6	windows_aarch64_msvc	0.52.6	windows-targets	0.52.6	"normal:cfg(all(target_arch = ""aarch64"", target_env = ""msvc"", not(windows_raw_dylib)))"	false		true
windows_aarch64_msvc	0.52.6	winx	0.36.4	cap-primitives	3.4.5	normal:cfg(windows)	false		true
windows_aarch64_msvc	0.52.6	winx	0.36.4	cap-time-ext	3.4.5	normal:cfg(windows)	false		true
windows_aarch64_msvc	0.52.6	wtransport	0.6.1	sentinel-dashboard-backend	0.1.0	normal:all	true	A	true
windows_aarch64_msvc	0.52.6	zenoh	1.7.2	sentinel-zenoh	0.1.0	normal:all	true		true
windows_aarch64_msvc	0.52.6	zenoh-link	1.7.2	zenoh	1.7.2	normal:all	false		true
windows_aarch64_msvc	0.52.6	zenoh-link	1.7.2	zenoh-transport	1.7.2	normal:all	false		true
windows_aarch64_msvc	0.52.6	zenoh-link-commons	1.7.2	zenoh	1.7.2	normal:all	false		true
windows_aarch64_msvc	0.52.6	zenoh-link-commons	1.7.2	zenoh-link	1.7.2	normal:all	false		true
windows_aarch64_msvc	0.52.6	zenoh-link-commons	1.7.2	zenoh-link-quic	1.7.2	normal:all	false		true
windows_aarch64_msvc	0.52.6	zenoh-link-commons	1.7.2	zenoh-link-quic_datagram	1.7.2	normal:all	false		true
windows_aarch64_msvc	0.52.6	zenoh-link-commons	1.7.2	zenoh-link-tcp	1.7.2	normal:all	false		true
windows_aarch64_msvc	0.52.6	zenoh-link-commons	1.7.2	zenoh-link-tls	1.7.2	normal:all	false		true
windows_aarch64_msvc	0.52.6	zenoh-link-commons	1.7.2	zenoh-link-udp	1.7.2	normal:all	false		true
windows_aarch64_msvc	0.52.6	zenoh-link-commons	1.7.2	zenoh-link-unixsock_stream	1.7.2	normal:all	false		true
windows_aarch64_msvc	0.52.6	zenoh-link-commons	1.7.2	zenoh-link-ws	1.7.2	normal:all	false		true
windows_aarch64_msvc	0.52.6	zenoh-link-commons	1.7.2	zenoh-transport	1.7.2	normal:all	false		true
windows_aarch64_msvc	0.52.6	zenoh-link-quic	1.7.2	zenoh-link	1.7.2	normal:all	false		true
windows_aarch64_msvc	0.52.6	zenoh-link-quic_datagram	1.7.2	zenoh-link	1.7.2	normal:all	false		true
windows_aarch64_msvc	0.52.6	zenoh-link-tcp	1.7.2	zenoh-link	1.7.2	normal:all	false		true
windows_aarch64_msvc	0.52.6	zenoh-link-tls	1.7.2	zenoh-link	1.7.2	normal:all	false		true
windows_aarch64_msvc	0.52.6	zenoh-link-udp	1.7.2	zenoh-link	1.7.2	normal:all	false		true
windows_aarch64_msvc	0.52.6	zenoh-link-unixsock_stream	1.7.2	zenoh-link	1.7.2	normal:all	false		true
windows_aarch64_msvc	0.52.6	zenoh-link-ws	1.7.2	zenoh-link	1.7.2	normal:all	false		true
windows_aarch64_msvc	0.52.6	zenoh-transport	1.7.2	zenoh	1.7.2	normal:all	false		true
windows_i686_gnu	0.42.2	jni	0.21.1	rustls-platform-verifier	0.6.2	"normal:cfg(target_os = ""android"")"	false		true
windows_i686_gnu	0.42.2	quinn	0.11.9	sentinel-cluster-control	0.1.0	normal:all	true		true
windows_i686_gnu	0.42.2	quinn	0.11.9	wtransport	0.6.1	normal:all	false		true
windows_i686_gnu	0.42.2	quinn	0.11.9	zenoh-link-commons	1.7.2	normal:all	false		true
windows_i686_gnu	0.42.2	quinn	0.11.9	zenoh-link-quic	1.7.2	normal:all	false		true
windows_i686_gnu	0.42.2	quinn	0.11.9	zenoh-link-quic_datagram	1.7.2	normal:all	false		true
windows_i686_gnu	0.42.2	quinn-proto	0.11.15	quinn	0.11.9	normal:all	false		true
windows_i686_gnu	0.42.2	rustls-platform-verifier	0.6.2	quinn-proto	0.11.15	normal:all	false		true
windows_i686_gnu	0.42.2	sentinel-cluster-control	0.1.0	sentinel-daemon	0.1.0	normal:all	true	A	true
windows_i686_gnu	0.42.2	sentinel-sandbox	0.1.0	sentinel-daemon	0.1.0	normal:all	true	A	true
windows_i686_gnu	0.42.2	sentinel-zenoh	0.1.0	sentinel-daemon	0.1.0	normal:all	true	A	true
windows_i686_gnu	0.42.2	sentinel-zenoh	0.1.0	sentinel-sandbox	0.1.0	normal:all	true		true
windows_i686_gnu	0.42.2	windows-sys	0.45.0	jni	0.21.1	normal:cfg(windows)	false		true
windows_i686_gnu	0.42.2	windows-targets	0.42.2	windows-sys	0.45.0	normal:cfg(not(windows_raw_dylib))	false		true
windows_i686_gnu	0.42.2	windows_i686_gnu	0.42.2	windows-targets	0.42.2	normal:i686-pc-windows-gnu;normal:i686-uwp-windows-gnu	false		true
windows_i686_gnu	0.42.2	wtransport	0.6.1	sentinel-dashboard-backend	0.1.0	normal:all	true	A	true
windows_i686_gnu	0.42.2	zenoh	1.7.2	sentinel-zenoh	0.1.0	normal:all	true		true
windows_i686_gnu	0.42.2	zenoh-link	1.7.2	zenoh	1.7.2	normal:all	false		true
windows_i686_gnu	0.42.2	zenoh-link	1.7.2	zenoh-transport	1.7.2	normal:all	false		true
windows_i686_gnu	0.42.2	zenoh-link-commons	1.7.2	zenoh	1.7.2	normal:all	false		true
windows_i686_gnu	0.42.2	zenoh-link-commons	1.7.2	zenoh-link	1.7.2	normal:all	false		true
windows_i686_gnu	0.42.2	zenoh-link-commons	1.7.2	zenoh-link-quic	1.7.2	normal:all	false		true
windows_i686_gnu	0.42.2	zenoh-link-commons	1.7.2	zenoh-link-quic_datagram	1.7.2	normal:all	false		true
windows_i686_gnu	0.42.2	zenoh-link-commons	1.7.2	zenoh-link-tcp	1.7.2	normal:all	false		true
windows_i686_gnu	0.42.2	zenoh-link-commons	1.7.2	zenoh-link-tls	1.7.2	normal:all	false		true
windows_i686_gnu	0.42.2	zenoh-link-commons	1.7.2	zenoh-link-udp	1.7.2	normal:all	false		true
windows_i686_gnu	0.42.2	zenoh-link-commons	1.7.2	zenoh-link-unixsock_stream	1.7.2	normal:all	false		true
windows_i686_gnu	0.42.2	zenoh-link-commons	1.7.2	zenoh-link-ws	1.7.2	normal:all	false		true
windows_i686_gnu	0.42.2	zenoh-link-commons	1.7.2	zenoh-transport	1.7.2	normal:all	false		true
windows_i686_gnu	0.42.2	zenoh-link-quic	1.7.2	zenoh-link	1.7.2	normal:all	false		true
windows_i686_gnu	0.42.2	zenoh-link-quic_datagram	1.7.2	zenoh-link	1.7.2	normal:all	false		true
windows_i686_gnu	0.42.2	zenoh-link-tcp	1.7.2	zenoh-link	1.7.2	normal:all	false		true
windows_i686_gnu	0.42.2	zenoh-link-tls	1.7.2	zenoh-link	1.7.2	normal:all	false		true
windows_i686_gnu	0.42.2	zenoh-link-udp	1.7.2	zenoh-link	1.7.2	normal:all	false		true
windows_i686_gnu	0.42.2	zenoh-link-unixsock_stream	1.7.2	zenoh-link	1.7.2	normal:all	false		true
windows_i686_gnu	0.42.2	zenoh-link-ws	1.7.2	zenoh-link	1.7.2	normal:all	false		true
windows_i686_gnu	0.42.2	zenoh-transport	1.7.2	zenoh	1.7.2	normal:all	false		true
windows_i686_gnu	0.52.6	async-nats	0.47.0	sentinel-daemon	0.1.0	normal:all	true	A	true
windows_i686_gnu	0.52.6	async-nats	0.47.0	sentinel-dashboard-backend	0.1.0	normal:all	true	A	true
windows_i686_gnu	0.52.6	async-nats	0.47.0	sentinel-gaia-loop	0.1.0	normal:all	true	A	true
windows_i686_gnu	0.52.6	axum-server	0.7.3	sentinel-dashboard-backend	0.1.0	normal:all	true	A	true
windows_i686_gnu	0.52.6	cap-fs-ext	3.4.5	wasmtime-wasi	45.0.3	normal:all	false		true
windows_i686_gnu	0.52.6	cap-net-ext	3.4.5	wasmtime-wasi	45.0.3	normal:all	false		true
windows_i686_gnu	0.52.6	cap-primitives	3.4.5	cap-fs-ext	3.4.5	normal:all	false		true
windows_i686_gnu	0.52.6	cap-primitives	3.4.5	cap-net-ext	3.4.5	normal:all	false		true
windows_i686_gnu	0.52.6	cap-primitives	3.4.5	cap-std	3.4.5	normal:all	false		true
windows_i686_gnu	0.52.6	cap-primitives	3.4.5	cap-time-ext	3.4.5	normal:all	false		true
windows_i686_gnu	0.52.6	cap-std	3.4.5	cap-fs-ext	3.4.5	normal:all	false		true
windows_i686_gnu	0.52.6	cap-std	3.4.5	cap-net-ext	3.4.5	normal:all	false		true
windows_i686_gnu	0.52.6	cap-std	3.4.5	wasmtime-wasi	45.0.3	normal:all	false		true
windows_i686_gnu	0.52.6	cap-time-ext	3.4.5	wasmtime-wasi	45.0.3	normal:all	false		true
windows_i686_gnu	0.52.6	console	0.15.11	insta	1.46.3	normal:all	false		true
windows_i686_gnu	0.52.6	fs-set-times	0.20.3	cap-primitives	3.4.5	normal:all	false		true
windows_i686_gnu	0.52.6	fs-set-times	0.20.3	wasmtime-wasi	45.0.3	normal:all	false		true
windows_i686_gnu	0.52.6	hyper-rustls	0.27.7	reqwest	0.12.28	"normal:cfg(not(target_arch = ""wasm32""))"	false		true
windows_i686_gnu	0.52.6	insta	1.46.3	sentinel-ecs	0.1.0	dev:all	true		true
windows_i686_gnu	0.52.6	insta	1.46.3	sentinel-physics	0.1.0	dev:all	true		true
windows_i686_gnu	0.52.6	io-extras	0.18.4	cap-primitives	3.4.5	normal:all	false		true
windows_i686_gnu	0.52.6	io-extras	0.18.4	cap-std	3.4.5	normal:all	false		true
windows_i686_gnu	0.52.6	io-extras	0.18.4	wasmtime-wasi	45.0.3	normal:cfg(windows)	false		true
windows_i686_gnu	0.52.6	quinn	0.11.9	sentinel-cluster-control	0.1.0	normal:all	true		true
windows_i686_gnu	0.52.6	quinn	0.11.9	wtransport	0.6.1	normal:all	false		true
windows_i686_gnu	0.52.6	quinn	0.11.9	zenoh-link-commons	1.7.2	normal:all	false		true
windows_i686_gnu	0.52.6	quinn	0.11.9	zenoh-link-quic	1.7.2	normal:all	false		true
windows_i686_gnu	0.52.6	quinn	0.11.9	zenoh-link-quic_datagram	1.7.2	normal:all	false		true
windows_i686_gnu	0.52.6	quinn-proto	0.11.15	quinn	0.11.9	normal:all	false		true
windows_i686_gnu	0.52.6	quinn-udp	0.5.14	quinn	0.11.9	normal:all	false		true
windows_i686_gnu	0.52.6	rcgen	0.13.2	sentinel-cluster-control	0.1.0	normal:all	true		true
windows_i686_gnu	0.52.6	rcgen	0.13.2	sentinel-dashboard-backend	0.1.0	normal:all	true	A	true
windows_i686_gnu	0.52.6	rcgen	0.13.2	wtransport	0.6.1	normal:all	false		true
windows_i686_gnu	0.52.6	reqwest	0.12.28	sentinel-ctl	0.1.0	normal:all	true	B	true
windows_i686_gnu	0.52.6	reqwest	0.12.28	sentinel-daemon	0.1.0	normal:all	true	A	true
windows_i686_gnu	0.52.6	reqwest	0.12.28	sentinel-dashboard-backend	0.1.0	normal:all	true	A	true
windows_i686_gnu	0.52.6	ring	0.17.14	async-nats	0.47.0	normal:all	false		true
windows_i686_gnu	0.52.6	ring	0.17.14	quinn-proto	0.11.15	"normal:all;normal:cfg(all(target_family = ""wasm"", target_os = ""unknown""))"	false		true
windows_i686_gnu	0.52.6	ring	0.17.14	rcgen	0.13.2	normal:all	false		true
windows_i686_gnu	0.52.6	ring	0.17.14	rustls	0.23.37	normal:all	false		true
windows_i686_gnu	0.52.6	ring	0.17.14	rustls-webpki	0.103.13	normal:all	false		true
windows_i686_gnu	0.52.6	ring	0.17.14	tokio-websockets	0.10.1	normal:all	false		true
windows_i686_gnu	0.52.6	rustls	0.23.37	axum-server	0.7.3	normal:all	false		true
windows_i686_gnu	0.52.6	rustls	0.23.37	hyper-rustls	0.27.7	normal:all	false		true
windows_i686_gnu	0.52.6	rustls	0.23.37	quinn	0.11.9	normal:all	false		true
windows_i686_gnu	0.52.6	rustls	0.23.37	quinn-proto	0.11.15	normal:all	false		true
windows_i686_gnu	0.52.6	rustls	0.23.37	reqwest	0.12.28	"normal:cfg(not(target_arch = ""wasm32""))"	false		true
windows_i686_gnu	0.52.6	rustls	0.23.37	rustls-platform-verifier	0.6.2	normal:all	false		true
windows_i686_gnu	0.52.6	rustls	0.23.37	sentinel-cluster-control	0.1.0	normal:all	true		true
windows_i686_gnu	0.52.6	rustls	0.23.37	sentinel-dashboard-backend	0.1.0	normal:all	true	A	true
windows_i686_gnu	0.52.6	rustls	0.23.37	tokio-rustls	0.26.4	normal:all	false		true
windows_i686_gnu	0.52.6	rustls	0.23.37	wtransport	0.6.1	normal:all	false		true
windows_i686_gnu	0.52.6	rustls	0.23.37	zenoh-link-commons	1.7.2	normal:all	false		true
windows_i686_gnu	0.52.6	rustls	0.23.37	zenoh-link-quic	1.7.2	normal:all	false		true
windows_i686_gnu	0.52.6	rustls	0.23.37	zenoh-link-quic_datagram	1.7.2	normal:all	false		true
windows_i686_gnu	0.52.6	rustls	0.23.37	zenoh-link-tls	1.7.2	normal:all	false		true
windows_i686_gnu	0.52.6	rustls-platform-verifier	0.6.2	quinn-proto	0.11.15	normal:all	false		true
windows_i686_gnu	0.52.6	rustls-webpki	0.103.13	async-nats	0.47.0	normal:all	false		true
windows_i686_gnu	0.52.6	rustls-webpki	0.103.13	rustls	0.23.37	normal:all	false		true
windows_i686_gnu	0.52.6	rustls-webpki	0.103.13	rustls-platform-verifier	0.6.2	"normal:cfg(all(unix, not(target_os = ""android""), not(target_vendor = ""apple""), not(target_arch = ""wasm32"")));normal:cfg(target_arch = ""wasm32"");normal:cfg(target_os = ""android"")"	false		true
windows_i686_gnu	0.52.6	rustls-webpki	0.103.13	zenoh-link-commons	1.7.2	normal:all	false		true
windows_i686_gnu	0.52.6	rustls-webpki	0.103.13	zenoh-link-quic	1.7.2	normal:all	false		true
windows_i686_gnu	0.52.6	rustls-webpki	0.103.13	zenoh-link-quic_datagram	1.7.2	normal:all	false		true
windows_i686_gnu	0.52.6	rustls-webpki	0.103.13	zenoh-link-tls	1.7.2	normal:all	false		true
windows_i686_gnu	0.52.6	sentinel-cluster-control	0.1.0	sentinel-daemon	0.1.0	normal:all	true	A	true
windows_i686_gnu	0.52.6	sentinel-ecs	0.1.0	sentinel-daemon	0.1.0	normal:all	true	A	true
windows_i686_gnu	0.52.6	sentinel-ecs	0.1.0	sentinel-runtime	0.1.0	normal:all	true		true
windows_i686_gnu	0.52.6	sentinel-gaia-loop	0.1.0	sentinel-dashboard-backend	0.1.0	normal:all	true	A	true
windows_i686_gnu	0.52.6	sentinel-physics	0.1.0	sentinel-ecs	0.1.0	normal:all	true		true
windows_i686_gnu	0.52.6	sentinel-physics	0.1.0	sentinel-projection	0.1.0	normal:all	true		true
windows_i686_gnu	0.52.6	sentinel-projection	0.1.0	sentinel-daemon	0.1.0	normal:all	true	A	true
windows_i686_gnu	0.52.6	sentinel-projection	0.1.0	sentinel-dashboard-backend	0.1.0	normal:all	true	A	true
windows_i686_gnu	0.52.6	sentinel-projection	0.1.0	sentinel-gaia-memory	0.1.0	dev:all	true		true
windows_i686_gnu	0.52.6	sentinel-projection	0.1.0	sentinel-projection-service	0.1.0	normal:all	true	A	true
windows_i686_gnu	0.52.6	sentinel-runtime	0.1.0	sentinel-daemon	0.1.0	normal:all	true	A	true
windows_i686_gnu	0.52.6	sentinel-sandbox	0.1.0	sentinel-daemon	0.1.0	normal:all	true	A	true
windows_i686_gnu	0.52.6	sentinel-wasm	0.1.0	sentinel-daemon	0.1.0	normal:all	true	A	true
windows_i686_gnu	0.52.6	sentinel-wasm	0.1.0	sentinel-ecs	0.1.0	normal:all	true		true
windows_i686_gnu	0.52.6	sentinel-zenoh	0.1.0	sentinel-daemon	0.1.0	normal:all	true	A	true
windows_i686_gnu	0.52.6	sentinel-zenoh	0.1.0	sentinel-sandbox	0.1.0	normal:all	true		true
windows_i686_gnu	0.52.6	socket2	0.5.10	wtransport	0.6.1	normal:all	false		true
windows_i686_gnu	0.52.6	socket2	0.5.10	zenoh	1.7.2	normal:all	false		true
windows_i686_gnu	0.52.6	socket2	0.5.10	zenoh-link-commons	1.7.2	normal:all	false		true
windows_i686_gnu	0.52.6	socket2	0.5.10	zenoh-link-tcp	1.7.2	normal:all	false		true
windows_i686_gnu	0.52.6	socket2	0.5.10	zenoh-link-tls	1.7.2	normal:all	false		true
windows_i686_gnu	0.52.6	socket2	0.5.10	zenoh-link-udp	1.7.2	normal:all	false		true
windows_i686_gnu	0.52.6	tls-listener	0.11.2	zenoh-link-tls	1.7.2	normal:all	false		true
windows_i686_gnu	0.52.6	tokio-rustls	0.26.4	async-nats	0.47.0	normal:all	false		true
windows_i686_gnu	0.52.6	tokio-rustls	0.26.4	axum-server	0.7.3	normal:all	false		true
windows_i686_gnu	0.52.6	tokio-rustls	0.26.4	hyper-rustls	0.27.7	normal:all	false		true
windows_i686_gnu	0.52.6	tokio-rustls	0.26.4	reqwest	0.12.28	"normal:cfg(not(target_arch = ""wasm32""))"	false		true
windows_i686_gnu	0.52.6	tokio-rustls	0.26.4	tls-listener	0.11.2	normal:all	false		true
windows_i686_gnu	0.52.6	tokio-rustls	0.26.4	tokio-websockets	0.10.1	normal:all	false		true
windows_i686_gnu	0.52.6	tokio-rustls	0.26.4	zenoh-link-tls	1.7.2	normal:all	false		true
windows_i686_gnu	0.52.6	tokio-websockets	0.10.1	async-nats	0.47.0	normal:all	false		true
windows_i686_gnu	0.52.6	wasmtime-wasi	45.0.3	sentinel-wasm	0.1.0	normal:all	true		true
windows_i686_gnu	0.52.6	windows-sys	0.52.0	ring	0.17.14	"normal:cfg(all(all(target_arch = ""aarch64"", target_endian = ""little""), target_os = ""windows""))"	false		true
windows_i686_gnu	0.52.6	windows-sys	0.52.0	socket2	0.5.10	normal:cfg(windows)	false		true
windows_i686_gnu	0.52.6	windows-sys	0.59.0	cap-fs-ext	3.4.5	normal:cfg(windows)	false		true
windows_i686_gnu	0.52.6	windows-sys	0.59.0	cap-primitives	3.4.5	normal:cfg(windows)	false		true
windows_i686_gnu	0.52.6	windows-sys	0.59.0	console	0.15.11	normal:cfg(windows)	false		true
windows_i686_gnu	0.52.6	windows-sys	0.59.0	fs-set-times	0.20.3	normal:cfg(windows)	false		true
windows_i686_gnu	0.52.6	windows-sys	0.59.0	io-extras	0.18.4	normal:cfg(windows)	false		true
windows_i686_gnu	0.52.6	windows-sys	0.59.0	quinn-udp	0.5.14	normal:cfg(windows)	false		true
windows_i686_gnu	0.52.6	windows-sys	0.59.0	winx	0.36.4	normal:cfg(windows)	false		true
windows_i686_gnu	0.52.6	windows-targets	0.52.6	windows-sys	0.52.0	normal:all	false		true
windows_i686_gnu	0.52.6	windows-targets	0.52.6	windows-sys	0.59.0	normal:all	false		true
windows_i686_gnu	0.52.6	windows_i686_gnu	0.52.6	windows-targets	0.52.6	"normal:cfg(all(target_arch = ""x86"", target_env = ""gnu"", not(target_abi = ""llvm""), not(windows_raw_dylib)))"	false		true
windows_i686_gnu	0.52.6	winx	0.36.4	cap-primitives	3.4.5	normal:cfg(windows)	false		true
windows_i686_gnu	0.52.6	winx	0.36.4	cap-time-ext	3.4.5	normal:cfg(windows)	false		true
windows_i686_gnu	0.52.6	wtransport	0.6.1	sentinel-dashboard-backend	0.1.0	normal:all	true	A	true
windows_i686_gnu	0.52.6	zenoh	1.7.2	sentinel-zenoh	0.1.0	normal:all	true		true
windows_i686_gnu	0.52.6	zenoh-link	1.7.2	zenoh	1.7.2	normal:all	false		true
windows_i686_gnu	0.52.6	zenoh-link	1.7.2	zenoh-transport	1.7.2	normal:all	false		true
windows_i686_gnu	0.52.6	zenoh-link-commons	1.7.2	zenoh	1.7.2	normal:all	false		true
windows_i686_gnu	0.52.6	zenoh-link-commons	1.7.2	zenoh-link	1.7.2	normal:all	false		true
windows_i686_gnu	0.52.6	zenoh-link-commons	1.7.2	zenoh-link-quic	1.7.2	normal:all	false		true
windows_i686_gnu	0.52.6	zenoh-link-commons	1.7.2	zenoh-link-quic_datagram	1.7.2	normal:all	false		true
windows_i686_gnu	0.52.6	zenoh-link-commons	1.7.2	zenoh-link-tcp	1.7.2	normal:all	false		true
windows_i686_gnu	0.52.6	zenoh-link-commons	1.7.2	zenoh-link-tls	1.7.2	normal:all	false		true
windows_i686_gnu	0.52.6	zenoh-link-commons	1.7.2	zenoh-link-udp	1.7.2	normal:all	false		true
windows_i686_gnu	0.52.6	zenoh-link-commons	1.7.2	zenoh-link-unixsock_stream	1.7.2	normal:all	false		true
windows_i686_gnu	0.52.6	zenoh-link-commons	1.7.2	zenoh-link-ws	1.7.2	normal:all	false		true
windows_i686_gnu	0.52.6	zenoh-link-commons	1.7.2	zenoh-transport	1.7.2	normal:all	false		true
windows_i686_gnu	0.52.6	zenoh-link-quic	1.7.2	zenoh-link	1.7.2	normal:all	false		true
windows_i686_gnu	0.52.6	zenoh-link-quic_datagram	1.7.2	zenoh-link	1.7.2	normal:all	false		true
windows_i686_gnu	0.52.6	zenoh-link-tcp	1.7.2	zenoh-link	1.7.2	normal:all	false		true
windows_i686_gnu	0.52.6	zenoh-link-tls	1.7.2	zenoh-link	1.7.2	normal:all	false		true
windows_i686_gnu	0.52.6	zenoh-link-udp	1.7.2	zenoh-link	1.7.2	normal:all	false		true
windows_i686_gnu	0.52.6	zenoh-link-unixsock_stream	1.7.2	zenoh-link	1.7.2	normal:all	false		true
windows_i686_gnu	0.52.6	zenoh-link-ws	1.7.2	zenoh-link	1.7.2	normal:all	false		true
windows_i686_gnu	0.52.6	zenoh-transport	1.7.2	zenoh	1.7.2	normal:all	false		true
windows_i686_msvc	0.42.2	jni	0.21.1	rustls-platform-verifier	0.6.2	"normal:cfg(target_os = ""android"")"	false		true
windows_i686_msvc	0.42.2	quinn	0.11.9	sentinel-cluster-control	0.1.0	normal:all	true		true
windows_i686_msvc	0.42.2	quinn	0.11.9	wtransport	0.6.1	normal:all	false		true
windows_i686_msvc	0.42.2	quinn	0.11.9	zenoh-link-commons	1.7.2	normal:all	false		true
windows_i686_msvc	0.42.2	quinn	0.11.9	zenoh-link-quic	1.7.2	normal:all	false		true
windows_i686_msvc	0.42.2	quinn	0.11.9	zenoh-link-quic_datagram	1.7.2	normal:all	false		true
windows_i686_msvc	0.42.2	quinn-proto	0.11.15	quinn	0.11.9	normal:all	false		true
windows_i686_msvc	0.42.2	rustls-platform-verifier	0.6.2	quinn-proto	0.11.15	normal:all	false		true
windows_i686_msvc	0.42.2	sentinel-cluster-control	0.1.0	sentinel-daemon	0.1.0	normal:all	true	A	true
windows_i686_msvc	0.42.2	sentinel-sandbox	0.1.0	sentinel-daemon	0.1.0	normal:all	true	A	true
windows_i686_msvc	0.42.2	sentinel-zenoh	0.1.0	sentinel-daemon	0.1.0	normal:all	true	A	true
windows_i686_msvc	0.42.2	sentinel-zenoh	0.1.0	sentinel-sandbox	0.1.0	normal:all	true		true
windows_i686_msvc	0.42.2	windows-sys	0.45.0	jni	0.21.1	normal:cfg(windows)	false		true
windows_i686_msvc	0.42.2	windows-targets	0.42.2	windows-sys	0.45.0	normal:cfg(not(windows_raw_dylib))	false		true
windows_i686_msvc	0.42.2	windows_i686_msvc	0.42.2	windows-targets	0.42.2	normal:i686-pc-windows-msvc;normal:i686-uwp-windows-msvc	false		true
windows_i686_msvc	0.42.2	wtransport	0.6.1	sentinel-dashboard-backend	0.1.0	normal:all	true	A	true
windows_i686_msvc	0.42.2	zenoh	1.7.2	sentinel-zenoh	0.1.0	normal:all	true		true
windows_i686_msvc	0.42.2	zenoh-link	1.7.2	zenoh	1.7.2	normal:all	false		true
windows_i686_msvc	0.42.2	zenoh-link	1.7.2	zenoh-transport	1.7.2	normal:all	false		true
windows_i686_msvc	0.42.2	zenoh-link-commons	1.7.2	zenoh	1.7.2	normal:all	false		true
windows_i686_msvc	0.42.2	zenoh-link-commons	1.7.2	zenoh-link	1.7.2	normal:all	false		true
windows_i686_msvc	0.42.2	zenoh-link-commons	1.7.2	zenoh-link-quic	1.7.2	normal:all	false		true
windows_i686_msvc	0.42.2	zenoh-link-commons	1.7.2	zenoh-link-quic_datagram	1.7.2	normal:all	false		true
windows_i686_msvc	0.42.2	zenoh-link-commons	1.7.2	zenoh-link-tcp	1.7.2	normal:all	false		true
windows_i686_msvc	0.42.2	zenoh-link-commons	1.7.2	zenoh-link-tls	1.7.2	normal:all	false		true
windows_i686_msvc	0.42.2	zenoh-link-commons	1.7.2	zenoh-link-udp	1.7.2	normal:all	false		true
windows_i686_msvc	0.42.2	zenoh-link-commons	1.7.2	zenoh-link-unixsock_stream	1.7.2	normal:all	false		true
windows_i686_msvc	0.42.2	zenoh-link-commons	1.7.2	zenoh-link-ws	1.7.2	normal:all	false		true
windows_i686_msvc	0.42.2	zenoh-link-commons	1.7.2	zenoh-transport	1.7.2	normal:all	false		true
windows_i686_msvc	0.42.2	zenoh-link-quic	1.7.2	zenoh-link	1.7.2	normal:all	false		true
windows_i686_msvc	0.42.2	zenoh-link-quic_datagram	1.7.2	zenoh-link	1.7.2	normal:all	false		true
windows_i686_msvc	0.42.2	zenoh-link-tcp	1.7.2	zenoh-link	1.7.2	normal:all	false		true
windows_i686_msvc	0.42.2	zenoh-link-tls	1.7.2	zenoh-link	1.7.2	normal:all	false		true
windows_i686_msvc	0.42.2	zenoh-link-udp	1.7.2	zenoh-link	1.7.2	normal:all	false		true
windows_i686_msvc	0.42.2	zenoh-link-unixsock_stream	1.7.2	zenoh-link	1.7.2	normal:all	false		true
windows_i686_msvc	0.42.2	zenoh-link-ws	1.7.2	zenoh-link	1.7.2	normal:all	false		true
windows_i686_msvc	0.42.2	zenoh-transport	1.7.2	zenoh	1.7.2	normal:all	false		true
windows_i686_msvc	0.52.6	async-nats	0.47.0	sentinel-daemon	0.1.0	normal:all	true	A	true
windows_i686_msvc	0.52.6	async-nats	0.47.0	sentinel-dashboard-backend	0.1.0	normal:all	true	A	true
windows_i686_msvc	0.52.6	async-nats	0.47.0	sentinel-gaia-loop	0.1.0	normal:all	true	A	true
windows_i686_msvc	0.52.6	axum-server	0.7.3	sentinel-dashboard-backend	0.1.0	normal:all	true	A	true
windows_i686_msvc	0.52.6	cap-fs-ext	3.4.5	wasmtime-wasi	45.0.3	normal:all	false		true
windows_i686_msvc	0.52.6	cap-net-ext	3.4.5	wasmtime-wasi	45.0.3	normal:all	false		true
windows_i686_msvc	0.52.6	cap-primitives	3.4.5	cap-fs-ext	3.4.5	normal:all	false		true
windows_i686_msvc	0.52.6	cap-primitives	3.4.5	cap-net-ext	3.4.5	normal:all	false		true
windows_i686_msvc	0.52.6	cap-primitives	3.4.5	cap-std	3.4.5	normal:all	false		true
windows_i686_msvc	0.52.6	cap-primitives	3.4.5	cap-time-ext	3.4.5	normal:all	false		true
windows_i686_msvc	0.52.6	cap-std	3.4.5	cap-fs-ext	3.4.5	normal:all	false		true
windows_i686_msvc	0.52.6	cap-std	3.4.5	cap-net-ext	3.4.5	normal:all	false		true
windows_i686_msvc	0.52.6	cap-std	3.4.5	wasmtime-wasi	45.0.3	normal:all	false		true
windows_i686_msvc	0.52.6	cap-time-ext	3.4.5	wasmtime-wasi	45.0.3	normal:all	false		true
windows_i686_msvc	0.52.6	console	0.15.11	insta	1.46.3	normal:all	false		true
windows_i686_msvc	0.52.6	fs-set-times	0.20.3	cap-primitives	3.4.5	normal:all	false		true
windows_i686_msvc	0.52.6	fs-set-times	0.20.3	wasmtime-wasi	45.0.3	normal:all	false		true
windows_i686_msvc	0.52.6	hyper-rustls	0.27.7	reqwest	0.12.28	"normal:cfg(not(target_arch = ""wasm32""))"	false		true
windows_i686_msvc	0.52.6	insta	1.46.3	sentinel-ecs	0.1.0	dev:all	true		true
windows_i686_msvc	0.52.6	insta	1.46.3	sentinel-physics	0.1.0	dev:all	true		true
windows_i686_msvc	0.52.6	io-extras	0.18.4	cap-primitives	3.4.5	normal:all	false		true
windows_i686_msvc	0.52.6	io-extras	0.18.4	cap-std	3.4.5	normal:all	false		true
windows_i686_msvc	0.52.6	io-extras	0.18.4	wasmtime-wasi	45.0.3	normal:cfg(windows)	false		true
windows_i686_msvc	0.52.6	quinn	0.11.9	sentinel-cluster-control	0.1.0	normal:all	true		true
windows_i686_msvc	0.52.6	quinn	0.11.9	wtransport	0.6.1	normal:all	false		true
windows_i686_msvc	0.52.6	quinn	0.11.9	zenoh-link-commons	1.7.2	normal:all	false		true
windows_i686_msvc	0.52.6	quinn	0.11.9	zenoh-link-quic	1.7.2	normal:all	false		true
windows_i686_msvc	0.52.6	quinn	0.11.9	zenoh-link-quic_datagram	1.7.2	normal:all	false		true
windows_i686_msvc	0.52.6	quinn-proto	0.11.15	quinn	0.11.9	normal:all	false		true
windows_i686_msvc	0.52.6	quinn-udp	0.5.14	quinn	0.11.9	normal:all	false		true
windows_i686_msvc	0.52.6	rcgen	0.13.2	sentinel-cluster-control	0.1.0	normal:all	true		true
windows_i686_msvc	0.52.6	rcgen	0.13.2	sentinel-dashboard-backend	0.1.0	normal:all	true	A	true
windows_i686_msvc	0.52.6	rcgen	0.13.2	wtransport	0.6.1	normal:all	false		true
windows_i686_msvc	0.52.6	reqwest	0.12.28	sentinel-ctl	0.1.0	normal:all	true	B	true
windows_i686_msvc	0.52.6	reqwest	0.12.28	sentinel-daemon	0.1.0	normal:all	true	A	true
windows_i686_msvc	0.52.6	reqwest	0.12.28	sentinel-dashboard-backend	0.1.0	normal:all	true	A	true
windows_i686_msvc	0.52.6	ring	0.17.14	async-nats	0.47.0	normal:all	false		true
windows_i686_msvc	0.52.6	ring	0.17.14	quinn-proto	0.11.15	"normal:all;normal:cfg(all(target_family = ""wasm"", target_os = ""unknown""))"	false		true
windows_i686_msvc	0.52.6	ring	0.17.14	rcgen	0.13.2	normal:all	false		true
windows_i686_msvc	0.52.6	ring	0.17.14	rustls	0.23.37	normal:all	false		true
windows_i686_msvc	0.52.6	ring	0.17.14	rustls-webpki	0.103.13	normal:all	false		true
windows_i686_msvc	0.52.6	ring	0.17.14	tokio-websockets	0.10.1	normal:all	false		true
windows_i686_msvc	0.52.6	rustls	0.23.37	axum-server	0.7.3	normal:all	false		true
windows_i686_msvc	0.52.6	rustls	0.23.37	hyper-rustls	0.27.7	normal:all	false		true
windows_i686_msvc	0.52.6	rustls	0.23.37	quinn	0.11.9	normal:all	false		true
windows_i686_msvc	0.52.6	rustls	0.23.37	quinn-proto	0.11.15	normal:all	false		true
windows_i686_msvc	0.52.6	rustls	0.23.37	reqwest	0.12.28	"normal:cfg(not(target_arch = ""wasm32""))"	false		true
windows_i686_msvc	0.52.6	rustls	0.23.37	rustls-platform-verifier	0.6.2	normal:all	false		true
windows_i686_msvc	0.52.6	rustls	0.23.37	sentinel-cluster-control	0.1.0	normal:all	true		true
windows_i686_msvc	0.52.6	rustls	0.23.37	sentinel-dashboard-backend	0.1.0	normal:all	true	A	true
windows_i686_msvc	0.52.6	rustls	0.23.37	tokio-rustls	0.26.4	normal:all	false		true
windows_i686_msvc	0.52.6	rustls	0.23.37	wtransport	0.6.1	normal:all	false		true
windows_i686_msvc	0.52.6	rustls	0.23.37	zenoh-link-commons	1.7.2	normal:all	false		true
windows_i686_msvc	0.52.6	rustls	0.23.37	zenoh-link-quic	1.7.2	normal:all	false		true
windows_i686_msvc	0.52.6	rustls	0.23.37	zenoh-link-quic_datagram	1.7.2	normal:all	false		true
windows_i686_msvc	0.52.6	rustls	0.23.37	zenoh-link-tls	1.7.2	normal:all	false		true
windows_i686_msvc	0.52.6	rustls-platform-verifier	0.6.2	quinn-proto	0.11.15	normal:all	false		true
windows_i686_msvc	0.52.6	rustls-webpki	0.103.13	async-nats	0.47.0	normal:all	false		true
windows_i686_msvc	0.52.6	rustls-webpki	0.103.13	rustls	0.23.37	normal:all	false		true
windows_i686_msvc	0.52.6	rustls-webpki	0.103.13	rustls-platform-verifier	0.6.2	"normal:cfg(all(unix, not(target_os = ""android""), not(target_vendor = ""apple""), not(target_arch = ""wasm32"")));normal:cfg(target_arch = ""wasm32"");normal:cfg(target_os = ""android"")"	false		true
windows_i686_msvc	0.52.6	rustls-webpki	0.103.13	zenoh-link-commons	1.7.2	normal:all	false		true
windows_i686_msvc	0.52.6	rustls-webpki	0.103.13	zenoh-link-quic	1.7.2	normal:all	false		true
windows_i686_msvc	0.52.6	rustls-webpki	0.103.13	zenoh-link-quic_datagram	1.7.2	normal:all	false		true
windows_i686_msvc	0.52.6	rustls-webpki	0.103.13	zenoh-link-tls	1.7.2	normal:all	false		true
windows_i686_msvc	0.52.6	sentinel-cluster-control	0.1.0	sentinel-daemon	0.1.0	normal:all	true	A	true
windows_i686_msvc	0.52.6	sentinel-ecs	0.1.0	sentinel-daemon	0.1.0	normal:all	true	A	true
windows_i686_msvc	0.52.6	sentinel-ecs	0.1.0	sentinel-runtime	0.1.0	normal:all	true		true
windows_i686_msvc	0.52.6	sentinel-gaia-loop	0.1.0	sentinel-dashboard-backend	0.1.0	normal:all	true	A	true
windows_i686_msvc	0.52.6	sentinel-physics	0.1.0	sentinel-ecs	0.1.0	normal:all	true		true
windows_i686_msvc	0.52.6	sentinel-physics	0.1.0	sentinel-projection	0.1.0	normal:all	true		true
windows_i686_msvc	0.52.6	sentinel-projection	0.1.0	sentinel-daemon	0.1.0	normal:all	true	A	true
windows_i686_msvc	0.52.6	sentinel-projection	0.1.0	sentinel-dashboard-backend	0.1.0	normal:all	true	A	true
windows_i686_msvc	0.52.6	sentinel-projection	0.1.0	sentinel-gaia-memory	0.1.0	dev:all	true		true
windows_i686_msvc	0.52.6	sentinel-projection	0.1.0	sentinel-projection-service	0.1.0	normal:all	true	A	true
windows_i686_msvc	0.52.6	sentinel-runtime	0.1.0	sentinel-daemon	0.1.0	normal:all	true	A	true
windows_i686_msvc	0.52.6	sentinel-sandbox	0.1.0	sentinel-daemon	0.1.0	normal:all	true	A	true
windows_i686_msvc	0.52.6	sentinel-wasm	0.1.0	sentinel-daemon	0.1.0	normal:all	true	A	true
windows_i686_msvc	0.52.6	sentinel-wasm	0.1.0	sentinel-ecs	0.1.0	normal:all	true		true
windows_i686_msvc	0.52.6	sentinel-zenoh	0.1.0	sentinel-daemon	0.1.0	normal:all	true	A	true
windows_i686_msvc	0.52.6	sentinel-zenoh	0.1.0	sentinel-sandbox	0.1.0	normal:all	true		true
windows_i686_msvc	0.52.6	socket2	0.5.10	wtransport	0.6.1	normal:all	false		true
windows_i686_msvc	0.52.6	socket2	0.5.10	zenoh	1.7.2	normal:all	false		true
windows_i686_msvc	0.52.6	socket2	0.5.10	zenoh-link-commons	1.7.2	normal:all	false		true
windows_i686_msvc	0.52.6	socket2	0.5.10	zenoh-link-tcp	1.7.2	normal:all	false		true
windows_i686_msvc	0.52.6	socket2	0.5.10	zenoh-link-tls	1.7.2	normal:all	false		true
windows_i686_msvc	0.52.6	socket2	0.5.10	zenoh-link-udp	1.7.2	normal:all	false		true
windows_i686_msvc	0.52.6	tls-listener	0.11.2	zenoh-link-tls	1.7.2	normal:all	false		true
windows_i686_msvc	0.52.6	tokio-rustls	0.26.4	async-nats	0.47.0	normal:all	false		true
windows_i686_msvc	0.52.6	tokio-rustls	0.26.4	axum-server	0.7.3	normal:all	false		true
windows_i686_msvc	0.52.6	tokio-rustls	0.26.4	hyper-rustls	0.27.7	normal:all	false		true
windows_i686_msvc	0.52.6	tokio-rustls	0.26.4	reqwest	0.12.28	"normal:cfg(not(target_arch = ""wasm32""))"	false		true
windows_i686_msvc	0.52.6	tokio-rustls	0.26.4	tls-listener	0.11.2	normal:all	false		true
windows_i686_msvc	0.52.6	tokio-rustls	0.26.4	tokio-websockets	0.10.1	normal:all	false		true
windows_i686_msvc	0.52.6	tokio-rustls	0.26.4	zenoh-link-tls	1.7.2	normal:all	false		true
windows_i686_msvc	0.52.6	tokio-websockets	0.10.1	async-nats	0.47.0	normal:all	false		true
windows_i686_msvc	0.52.6	wasmtime-wasi	45.0.3	sentinel-wasm	0.1.0	normal:all	true		true
windows_i686_msvc	0.52.6	windows-sys	0.52.0	ring	0.17.14	"normal:cfg(all(all(target_arch = ""aarch64"", target_endian = ""little""), target_os = ""windows""))"	false		true
windows_i686_msvc	0.52.6	windows-sys	0.52.0	socket2	0.5.10	normal:cfg(windows)	false		true
windows_i686_msvc	0.52.6	windows-sys	0.59.0	cap-fs-ext	3.4.5	normal:cfg(windows)	false		true
windows_i686_msvc	0.52.6	windows-sys	0.59.0	cap-primitives	3.4.5	normal:cfg(windows)	false		true
windows_i686_msvc	0.52.6	windows-sys	0.59.0	console	0.15.11	normal:cfg(windows)	false		true
windows_i686_msvc	0.52.6	windows-sys	0.59.0	fs-set-times	0.20.3	normal:cfg(windows)	false		true
windows_i686_msvc	0.52.6	windows-sys	0.59.0	io-extras	0.18.4	normal:cfg(windows)	false		true
windows_i686_msvc	0.52.6	windows-sys	0.59.0	quinn-udp	0.5.14	normal:cfg(windows)	false		true
windows_i686_msvc	0.52.6	windows-sys	0.59.0	winx	0.36.4	normal:cfg(windows)	false		true
windows_i686_msvc	0.52.6	windows-targets	0.52.6	windows-sys	0.52.0	normal:all	false		true
windows_i686_msvc	0.52.6	windows-targets	0.52.6	windows-sys	0.59.0	normal:all	false		true
windows_i686_msvc	0.52.6	windows_i686_msvc	0.52.6	windows-targets	0.52.6	"normal:cfg(all(target_arch = ""x86"", target_env = ""msvc"", not(windows_raw_dylib)))"	false		true
windows_i686_msvc	0.52.6	winx	0.36.4	cap-primitives	3.4.5	normal:cfg(windows)	false		true
windows_i686_msvc	0.52.6	winx	0.36.4	cap-time-ext	3.4.5	normal:cfg(windows)	false		true
windows_i686_msvc	0.52.6	wtransport	0.6.1	sentinel-dashboard-backend	0.1.0	normal:all	true	A	true
windows_i686_msvc	0.52.6	zenoh	1.7.2	sentinel-zenoh	0.1.0	normal:all	true		true
windows_i686_msvc	0.52.6	zenoh-link	1.7.2	zenoh	1.7.2	normal:all	false		true
windows_i686_msvc	0.52.6	zenoh-link	1.7.2	zenoh-transport	1.7.2	normal:all	false		true
windows_i686_msvc	0.52.6	zenoh-link-commons	1.7.2	zenoh	1.7.2	normal:all	false		true
windows_i686_msvc	0.52.6	zenoh-link-commons	1.7.2	zenoh-link	1.7.2	normal:all	false		true
windows_i686_msvc	0.52.6	zenoh-link-commons	1.7.2	zenoh-link-quic	1.7.2	normal:all	false		true
windows_i686_msvc	0.52.6	zenoh-link-commons	1.7.2	zenoh-link-quic_datagram	1.7.2	normal:all	false		true
windows_i686_msvc	0.52.6	zenoh-link-commons	1.7.2	zenoh-link-tcp	1.7.2	normal:all	false		true
windows_i686_msvc	0.52.6	zenoh-link-commons	1.7.2	zenoh-link-tls	1.7.2	normal:all	false		true
windows_i686_msvc	0.52.6	zenoh-link-commons	1.7.2	zenoh-link-udp	1.7.2	normal:all	false		true
windows_i686_msvc	0.52.6	zenoh-link-commons	1.7.2	zenoh-link-unixsock_stream	1.7.2	normal:all	false		true
windows_i686_msvc	0.52.6	zenoh-link-commons	1.7.2	zenoh-link-ws	1.7.2	normal:all	false		true
windows_i686_msvc	0.52.6	zenoh-link-commons	1.7.2	zenoh-transport	1.7.2	normal:all	false		true
windows_i686_msvc	0.52.6	zenoh-link-quic	1.7.2	zenoh-link	1.7.2	normal:all	false		true
windows_i686_msvc	0.52.6	zenoh-link-quic_datagram	1.7.2	zenoh-link	1.7.2	normal:all	false		true
windows_i686_msvc	0.52.6	zenoh-link-tcp	1.7.2	zenoh-link	1.7.2	normal:all	false		true
windows_i686_msvc	0.52.6	zenoh-link-tls	1.7.2	zenoh-link	1.7.2	normal:all	false		true
windows_i686_msvc	0.52.6	zenoh-link-udp	1.7.2	zenoh-link	1.7.2	normal:all	false		true
windows_i686_msvc	0.52.6	zenoh-link-unixsock_stream	1.7.2	zenoh-link	1.7.2	normal:all	false		true
windows_i686_msvc	0.52.6	zenoh-link-ws	1.7.2	zenoh-link	1.7.2	normal:all	false		true
windows_i686_msvc	0.52.6	zenoh-transport	1.7.2	zenoh	1.7.2	normal:all	false		true
windows_x86_64_gnu	0.42.2	jni	0.21.1	rustls-platform-verifier	0.6.2	"normal:cfg(target_os = ""android"")"	false		true
windows_x86_64_gnu	0.42.2	quinn	0.11.9	sentinel-cluster-control	0.1.0	normal:all	true		true
windows_x86_64_gnu	0.42.2	quinn	0.11.9	wtransport	0.6.1	normal:all	false		true
windows_x86_64_gnu	0.42.2	quinn	0.11.9	zenoh-link-commons	1.7.2	normal:all	false		true
windows_x86_64_gnu	0.42.2	quinn	0.11.9	zenoh-link-quic	1.7.2	normal:all	false		true
windows_x86_64_gnu	0.42.2	quinn	0.11.9	zenoh-link-quic_datagram	1.7.2	normal:all	false		true
windows_x86_64_gnu	0.42.2	quinn-proto	0.11.15	quinn	0.11.9	normal:all	false		true
windows_x86_64_gnu	0.42.2	rustls-platform-verifier	0.6.2	quinn-proto	0.11.15	normal:all	false		true
windows_x86_64_gnu	0.42.2	sentinel-cluster-control	0.1.0	sentinel-daemon	0.1.0	normal:all	true	A	true
windows_x86_64_gnu	0.42.2	sentinel-sandbox	0.1.0	sentinel-daemon	0.1.0	normal:all	true	A	true
windows_x86_64_gnu	0.42.2	sentinel-zenoh	0.1.0	sentinel-daemon	0.1.0	normal:all	true	A	true
windows_x86_64_gnu	0.42.2	sentinel-zenoh	0.1.0	sentinel-sandbox	0.1.0	normal:all	true		true
windows_x86_64_gnu	0.42.2	windows-sys	0.45.0	jni	0.21.1	normal:cfg(windows)	false		true
windows_x86_64_gnu	0.42.2	windows-targets	0.42.2	windows-sys	0.45.0	normal:cfg(not(windows_raw_dylib))	false		true
windows_x86_64_gnu	0.42.2	windows_x86_64_gnu	0.42.2	windows-targets	0.42.2	normal:x86_64-pc-windows-gnu;normal:x86_64-uwp-windows-gnu	false		true
windows_x86_64_gnu	0.42.2	wtransport	0.6.1	sentinel-dashboard-backend	0.1.0	normal:all	true	A	true
windows_x86_64_gnu	0.42.2	zenoh	1.7.2	sentinel-zenoh	0.1.0	normal:all	true		true
windows_x86_64_gnu	0.42.2	zenoh-link	1.7.2	zenoh	1.7.2	normal:all	false		true
windows_x86_64_gnu	0.42.2	zenoh-link	1.7.2	zenoh-transport	1.7.2	normal:all	false		true
windows_x86_64_gnu	0.42.2	zenoh-link-commons	1.7.2	zenoh	1.7.2	normal:all	false		true
windows_x86_64_gnu	0.42.2	zenoh-link-commons	1.7.2	zenoh-link	1.7.2	normal:all	false		true
windows_x86_64_gnu	0.42.2	zenoh-link-commons	1.7.2	zenoh-link-quic	1.7.2	normal:all	false		true
windows_x86_64_gnu	0.42.2	zenoh-link-commons	1.7.2	zenoh-link-quic_datagram	1.7.2	normal:all	false		true
windows_x86_64_gnu	0.42.2	zenoh-link-commons	1.7.2	zenoh-link-tcp	1.7.2	normal:all	false		true
windows_x86_64_gnu	0.42.2	zenoh-link-commons	1.7.2	zenoh-link-tls	1.7.2	normal:all	false		true
windows_x86_64_gnu	0.42.2	zenoh-link-commons	1.7.2	zenoh-link-udp	1.7.2	normal:all	false		true
windows_x86_64_gnu	0.42.2	zenoh-link-commons	1.7.2	zenoh-link-unixsock_stream	1.7.2	normal:all	false		true
windows_x86_64_gnu	0.42.2	zenoh-link-commons	1.7.2	zenoh-link-ws	1.7.2	normal:all	false		true
windows_x86_64_gnu	0.42.2	zenoh-link-commons	1.7.2	zenoh-transport	1.7.2	normal:all	false		true
windows_x86_64_gnu	0.42.2	zenoh-link-quic	1.7.2	zenoh-link	1.7.2	normal:all	false		true
windows_x86_64_gnu	0.42.2	zenoh-link-quic_datagram	1.7.2	zenoh-link	1.7.2	normal:all	false		true
windows_x86_64_gnu	0.42.2	zenoh-link-tcp	1.7.2	zenoh-link	1.7.2	normal:all	false		true
windows_x86_64_gnu	0.42.2	zenoh-link-tls	1.7.2	zenoh-link	1.7.2	normal:all	false		true
windows_x86_64_gnu	0.42.2	zenoh-link-udp	1.7.2	zenoh-link	1.7.2	normal:all	false		true
windows_x86_64_gnu	0.42.2	zenoh-link-unixsock_stream	1.7.2	zenoh-link	1.7.2	normal:all	false		true
windows_x86_64_gnu	0.42.2	zenoh-link-ws	1.7.2	zenoh-link	1.7.2	normal:all	false		true
windows_x86_64_gnu	0.42.2	zenoh-transport	1.7.2	zenoh	1.7.2	normal:all	false		true
windows_x86_64_gnu	0.52.6	async-nats	0.47.0	sentinel-daemon	0.1.0	normal:all	true	A	true
windows_x86_64_gnu	0.52.6	async-nats	0.47.0	sentinel-dashboard-backend	0.1.0	normal:all	true	A	true
windows_x86_64_gnu	0.52.6	async-nats	0.47.0	sentinel-gaia-loop	0.1.0	normal:all	true	A	true
windows_x86_64_gnu	0.52.6	axum-server	0.7.3	sentinel-dashboard-backend	0.1.0	normal:all	true	A	true
windows_x86_64_gnu	0.52.6	cap-fs-ext	3.4.5	wasmtime-wasi	45.0.3	normal:all	false		true
windows_x86_64_gnu	0.52.6	cap-net-ext	3.4.5	wasmtime-wasi	45.0.3	normal:all	false		true
windows_x86_64_gnu	0.52.6	cap-primitives	3.4.5	cap-fs-ext	3.4.5	normal:all	false		true
windows_x86_64_gnu	0.52.6	cap-primitives	3.4.5	cap-net-ext	3.4.5	normal:all	false		true
windows_x86_64_gnu	0.52.6	cap-primitives	3.4.5	cap-std	3.4.5	normal:all	false		true
windows_x86_64_gnu	0.52.6	cap-primitives	3.4.5	cap-time-ext	3.4.5	normal:all	false		true
windows_x86_64_gnu	0.52.6	cap-std	3.4.5	cap-fs-ext	3.4.5	normal:all	false		true
windows_x86_64_gnu	0.52.6	cap-std	3.4.5	cap-net-ext	3.4.5	normal:all	false		true
windows_x86_64_gnu	0.52.6	cap-std	3.4.5	wasmtime-wasi	45.0.3	normal:all	false		true
windows_x86_64_gnu	0.52.6	cap-time-ext	3.4.5	wasmtime-wasi	45.0.3	normal:all	false		true
windows_x86_64_gnu	0.52.6	console	0.15.11	insta	1.46.3	normal:all	false		true
windows_x86_64_gnu	0.52.6	fs-set-times	0.20.3	cap-primitives	3.4.5	normal:all	false		true
windows_x86_64_gnu	0.52.6	fs-set-times	0.20.3	wasmtime-wasi	45.0.3	normal:all	false		true
windows_x86_64_gnu	0.52.6	hyper-rustls	0.27.7	reqwest	0.12.28	"normal:cfg(not(target_arch = ""wasm32""))"	false		true
windows_x86_64_gnu	0.52.6	insta	1.46.3	sentinel-ecs	0.1.0	dev:all	true		true
windows_x86_64_gnu	0.52.6	insta	1.46.3	sentinel-physics	0.1.0	dev:all	true		true
windows_x86_64_gnu	0.52.6	io-extras	0.18.4	cap-primitives	3.4.5	normal:all	false		true
windows_x86_64_gnu	0.52.6	io-extras	0.18.4	cap-std	3.4.5	normal:all	false		true
windows_x86_64_gnu	0.52.6	io-extras	0.18.4	wasmtime-wasi	45.0.3	normal:cfg(windows)	false		true
windows_x86_64_gnu	0.52.6	quinn	0.11.9	sentinel-cluster-control	0.1.0	normal:all	true		true
windows_x86_64_gnu	0.52.6	quinn	0.11.9	wtransport	0.6.1	normal:all	false		true
windows_x86_64_gnu	0.52.6	quinn	0.11.9	zenoh-link-commons	1.7.2	normal:all	false		true
windows_x86_64_gnu	0.52.6	quinn	0.11.9	zenoh-link-quic	1.7.2	normal:all	false		true
windows_x86_64_gnu	0.52.6	quinn	0.11.9	zenoh-link-quic_datagram	1.7.2	normal:all	false		true
windows_x86_64_gnu	0.52.6	quinn-proto	0.11.15	quinn	0.11.9	normal:all	false		true
windows_x86_64_gnu	0.52.6	quinn-udp	0.5.14	quinn	0.11.9	normal:all	false		true
windows_x86_64_gnu	0.52.6	rcgen	0.13.2	sentinel-cluster-control	0.1.0	normal:all	true		true
windows_x86_64_gnu	0.52.6	rcgen	0.13.2	sentinel-dashboard-backend	0.1.0	normal:all	true	A	true
windows_x86_64_gnu	0.52.6	rcgen	0.13.2	wtransport	0.6.1	normal:all	false		true
windows_x86_64_gnu	0.52.6	reqwest	0.12.28	sentinel-ctl	0.1.0	normal:all	true	B	true
windows_x86_64_gnu	0.52.6	reqwest	0.12.28	sentinel-daemon	0.1.0	normal:all	true	A	true
windows_x86_64_gnu	0.52.6	reqwest	0.12.28	sentinel-dashboard-backend	0.1.0	normal:all	true	A	true
windows_x86_64_gnu	0.52.6	ring	0.17.14	async-nats	0.47.0	normal:all	false		true
windows_x86_64_gnu	0.52.6	ring	0.17.14	quinn-proto	0.11.15	"normal:all;normal:cfg(all(target_family = ""wasm"", target_os = ""unknown""))"	false		true
windows_x86_64_gnu	0.52.6	ring	0.17.14	rcgen	0.13.2	normal:all	false		true
windows_x86_64_gnu	0.52.6	ring	0.17.14	rustls	0.23.37	normal:all	false		true
windows_x86_64_gnu	0.52.6	ring	0.17.14	rustls-webpki	0.103.13	normal:all	false		true
windows_x86_64_gnu	0.52.6	ring	0.17.14	tokio-websockets	0.10.1	normal:all	false		true
windows_x86_64_gnu	0.52.6	rustls	0.23.37	axum-server	0.7.3	normal:all	false		true
windows_x86_64_gnu	0.52.6	rustls	0.23.37	hyper-rustls	0.27.7	normal:all	false		true
windows_x86_64_gnu	0.52.6	rustls	0.23.37	quinn	0.11.9	normal:all	false		true
windows_x86_64_gnu	0.52.6	rustls	0.23.37	quinn-proto	0.11.15	normal:all	false		true
windows_x86_64_gnu	0.52.6	rustls	0.23.37	reqwest	0.12.28	"normal:cfg(not(target_arch = ""wasm32""))"	false		true
windows_x86_64_gnu	0.52.6	rustls	0.23.37	rustls-platform-verifier	0.6.2	normal:all	false		true
windows_x86_64_gnu	0.52.6	rustls	0.23.37	sentinel-cluster-control	0.1.0	normal:all	true		true
windows_x86_64_gnu	0.52.6	rustls	0.23.37	sentinel-dashboard-backend	0.1.0	normal:all	true	A	true
windows_x86_64_gnu	0.52.6	rustls	0.23.37	tokio-rustls	0.26.4	normal:all	false		true
windows_x86_64_gnu	0.52.6	rustls	0.23.37	wtransport	0.6.1	normal:all	false		true
windows_x86_64_gnu	0.52.6	rustls	0.23.37	zenoh-link-commons	1.7.2	normal:all	false		true
windows_x86_64_gnu	0.52.6	rustls	0.23.37	zenoh-link-quic	1.7.2	normal:all	false		true
windows_x86_64_gnu	0.52.6	rustls	0.23.37	zenoh-link-quic_datagram	1.7.2	normal:all	false		true
windows_x86_64_gnu	0.52.6	rustls	0.23.37	zenoh-link-tls	1.7.2	normal:all	false		true
windows_x86_64_gnu	0.52.6	rustls-platform-verifier	0.6.2	quinn-proto	0.11.15	normal:all	false		true
windows_x86_64_gnu	0.52.6	rustls-webpki	0.103.13	async-nats	0.47.0	normal:all	false		true
windows_x86_64_gnu	0.52.6	rustls-webpki	0.103.13	rustls	0.23.37	normal:all	false		true
windows_x86_64_gnu	0.52.6	rustls-webpki	0.103.13	rustls-platform-verifier	0.6.2	"normal:cfg(all(unix, not(target_os = ""android""), not(target_vendor = ""apple""), not(target_arch = ""wasm32"")));normal:cfg(target_arch = ""wasm32"");normal:cfg(target_os = ""android"")"	false		true
windows_x86_64_gnu	0.52.6	rustls-webpki	0.103.13	zenoh-link-commons	1.7.2	normal:all	false		true
windows_x86_64_gnu	0.52.6	rustls-webpki	0.103.13	zenoh-link-quic	1.7.2	normal:all	false		true
windows_x86_64_gnu	0.52.6	rustls-webpki	0.103.13	zenoh-link-quic_datagram	1.7.2	normal:all	false		true
windows_x86_64_gnu	0.52.6	rustls-webpki	0.103.13	zenoh-link-tls	1.7.2	normal:all	false		true
windows_x86_64_gnu	0.52.6	sentinel-cluster-control	0.1.0	sentinel-daemon	0.1.0	normal:all	true	A	true
windows_x86_64_gnu	0.52.6	sentinel-ecs	0.1.0	sentinel-daemon	0.1.0	normal:all	true	A	true
windows_x86_64_gnu	0.52.6	sentinel-ecs	0.1.0	sentinel-runtime	0.1.0	normal:all	true		true
windows_x86_64_gnu	0.52.6	sentinel-gaia-loop	0.1.0	sentinel-dashboard-backend	0.1.0	normal:all	true	A	true
windows_x86_64_gnu	0.52.6	sentinel-physics	0.1.0	sentinel-ecs	0.1.0	normal:all	true		true
windows_x86_64_gnu	0.52.6	sentinel-physics	0.1.0	sentinel-projection	0.1.0	normal:all	true		true
windows_x86_64_gnu	0.52.6	sentinel-projection	0.1.0	sentinel-daemon	0.1.0	normal:all	true	A	true
windows_x86_64_gnu	0.52.6	sentinel-projection	0.1.0	sentinel-dashboard-backend	0.1.0	normal:all	true	A	true
windows_x86_64_gnu	0.52.6	sentinel-projection	0.1.0	sentinel-gaia-memory	0.1.0	dev:all	true		true
windows_x86_64_gnu	0.52.6	sentinel-projection	0.1.0	sentinel-projection-service	0.1.0	normal:all	true	A	true
windows_x86_64_gnu	0.52.6	sentinel-runtime	0.1.0	sentinel-daemon	0.1.0	normal:all	true	A	true
windows_x86_64_gnu	0.52.6	sentinel-sandbox	0.1.0	sentinel-daemon	0.1.0	normal:all	true	A	true
windows_x86_64_gnu	0.52.6	sentinel-wasm	0.1.0	sentinel-daemon	0.1.0	normal:all	true	A	true
windows_x86_64_gnu	0.52.6	sentinel-wasm	0.1.0	sentinel-ecs	0.1.0	normal:all	true		true
windows_x86_64_gnu	0.52.6	sentinel-zenoh	0.1.0	sentinel-daemon	0.1.0	normal:all	true	A	true
windows_x86_64_gnu	0.52.6	sentinel-zenoh	0.1.0	sentinel-sandbox	0.1.0	normal:all	true		true
windows_x86_64_gnu	0.52.6	socket2	0.5.10	wtransport	0.6.1	normal:all	false		true
windows_x86_64_gnu	0.52.6	socket2	0.5.10	zenoh	1.7.2	normal:all	false		true
windows_x86_64_gnu	0.52.6	socket2	0.5.10	zenoh-link-commons	1.7.2	normal:all	false		true
windows_x86_64_gnu	0.52.6	socket2	0.5.10	zenoh-link-tcp	1.7.2	normal:all	false		true
windows_x86_64_gnu	0.52.6	socket2	0.5.10	zenoh-link-tls	1.7.2	normal:all	false		true
windows_x86_64_gnu	0.52.6	socket2	0.5.10	zenoh-link-udp	1.7.2	normal:all	false		true
windows_x86_64_gnu	0.52.6	tls-listener	0.11.2	zenoh-link-tls	1.7.2	normal:all	false		true
windows_x86_64_gnu	0.52.6	tokio-rustls	0.26.4	async-nats	0.47.0	normal:all	false		true
windows_x86_64_gnu	0.52.6	tokio-rustls	0.26.4	axum-server	0.7.3	normal:all	false		true
windows_x86_64_gnu	0.52.6	tokio-rustls	0.26.4	hyper-rustls	0.27.7	normal:all	false		true
windows_x86_64_gnu	0.52.6	tokio-rustls	0.26.4	reqwest	0.12.28	"normal:cfg(not(target_arch = ""wasm32""))"	false		true
windows_x86_64_gnu	0.52.6	tokio-rustls	0.26.4	tls-listener	0.11.2	normal:all	false		true
windows_x86_64_gnu	0.52.6	tokio-rustls	0.26.4	tokio-websockets	0.10.1	normal:all	false		true
windows_x86_64_gnu	0.52.6	tokio-rustls	0.26.4	zenoh-link-tls	1.7.2	normal:all	false		true
windows_x86_64_gnu	0.52.6	tokio-websockets	0.10.1	async-nats	0.47.0	normal:all	false		true
windows_x86_64_gnu	0.52.6	wasmtime-wasi	45.0.3	sentinel-wasm	0.1.0	normal:all	true		true
windows_x86_64_gnu	0.52.6	windows-sys	0.52.0	ring	0.17.14	"normal:cfg(all(all(target_arch = ""aarch64"", target_endian = ""little""), target_os = ""windows""))"	false		true
windows_x86_64_gnu	0.52.6	windows-sys	0.52.0	socket2	0.5.10	normal:cfg(windows)	false		true
windows_x86_64_gnu	0.52.6	windows-sys	0.59.0	cap-fs-ext	3.4.5	normal:cfg(windows)	false		true
windows_x86_64_gnu	0.52.6	windows-sys	0.59.0	cap-primitives	3.4.5	normal:cfg(windows)	false		true
windows_x86_64_gnu	0.52.6	windows-sys	0.59.0	console	0.15.11	normal:cfg(windows)	false		true
windows_x86_64_gnu	0.52.6	windows-sys	0.59.0	fs-set-times	0.20.3	normal:cfg(windows)	false		true
windows_x86_64_gnu	0.52.6	windows-sys	0.59.0	io-extras	0.18.4	normal:cfg(windows)	false		true
windows_x86_64_gnu	0.52.6	windows-sys	0.59.0	quinn-udp	0.5.14	normal:cfg(windows)	false		true
windows_x86_64_gnu	0.52.6	windows-sys	0.59.0	winx	0.36.4	normal:cfg(windows)	false		true
windows_x86_64_gnu	0.52.6	windows-targets	0.52.6	windows-sys	0.52.0	normal:all	false		true
windows_x86_64_gnu	0.52.6	windows-targets	0.52.6	windows-sys	0.59.0	normal:all	false		true
windows_x86_64_gnu	0.52.6	windows_x86_64_gnu	0.52.6	windows-targets	0.52.6	"normal:cfg(all(target_arch = ""x86_64"", target_env = ""gnu"", not(target_abi = ""llvm""), not(windows_raw_dylib)))"	false		true
windows_x86_64_gnu	0.52.6	winx	0.36.4	cap-primitives	3.4.5	normal:cfg(windows)	false		true
windows_x86_64_gnu	0.52.6	winx	0.36.4	cap-time-ext	3.4.5	normal:cfg(windows)	false		true
windows_x86_64_gnu	0.52.6	wtransport	0.6.1	sentinel-dashboard-backend	0.1.0	normal:all	true	A	true
windows_x86_64_gnu	0.52.6	zenoh	1.7.2	sentinel-zenoh	0.1.0	normal:all	true		true
windows_x86_64_gnu	0.52.6	zenoh-link	1.7.2	zenoh	1.7.2	normal:all	false		true
windows_x86_64_gnu	0.52.6	zenoh-link	1.7.2	zenoh-transport	1.7.2	normal:all	false		true
windows_x86_64_gnu	0.52.6	zenoh-link-commons	1.7.2	zenoh	1.7.2	normal:all	false		true
windows_x86_64_gnu	0.52.6	zenoh-link-commons	1.7.2	zenoh-link	1.7.2	normal:all	false		true
windows_x86_64_gnu	0.52.6	zenoh-link-commons	1.7.2	zenoh-link-quic	1.7.2	normal:all	false		true
windows_x86_64_gnu	0.52.6	zenoh-link-commons	1.7.2	zenoh-link-quic_datagram	1.7.2	normal:all	false		true
windows_x86_64_gnu	0.52.6	zenoh-link-commons	1.7.2	zenoh-link-tcp	1.7.2	normal:all	false		true
windows_x86_64_gnu	0.52.6	zenoh-link-commons	1.7.2	zenoh-link-tls	1.7.2	normal:all	false		true
windows_x86_64_gnu	0.52.6	zenoh-link-commons	1.7.2	zenoh-link-udp	1.7.2	normal:all	false		true
windows_x86_64_gnu	0.52.6	zenoh-link-commons	1.7.2	zenoh-link-unixsock_stream	1.7.2	normal:all	false		true
windows_x86_64_gnu	0.52.6	zenoh-link-commons	1.7.2	zenoh-link-ws	1.7.2	normal:all	false		true
windows_x86_64_gnu	0.52.6	zenoh-link-commons	1.7.2	zenoh-transport	1.7.2	normal:all	false		true
windows_x86_64_gnu	0.52.6	zenoh-link-quic	1.7.2	zenoh-link	1.7.2	normal:all	false		true
windows_x86_64_gnu	0.52.6	zenoh-link-quic_datagram	1.7.2	zenoh-link	1.7.2	normal:all	false		true
windows_x86_64_gnu	0.52.6	zenoh-link-tcp	1.7.2	zenoh-link	1.7.2	normal:all	false		true
windows_x86_64_gnu	0.52.6	zenoh-link-tls	1.7.2	zenoh-link	1.7.2	normal:all	false		true
windows_x86_64_gnu	0.52.6	zenoh-link-udp	1.7.2	zenoh-link	1.7.2	normal:all	false		true
windows_x86_64_gnu	0.52.6	zenoh-link-unixsock_stream	1.7.2	zenoh-link	1.7.2	normal:all	false		true
windows_x86_64_gnu	0.52.6	zenoh-link-ws	1.7.2	zenoh-link	1.7.2	normal:all	false		true
windows_x86_64_gnu	0.52.6	zenoh-transport	1.7.2	zenoh	1.7.2	normal:all	false		true
windows_x86_64_gnullvm	0.42.2	jni	0.21.1	rustls-platform-verifier	0.6.2	"normal:cfg(target_os = ""android"")"	false		true
windows_x86_64_gnullvm	0.42.2	quinn	0.11.9	sentinel-cluster-control	0.1.0	normal:all	true		true
windows_x86_64_gnullvm	0.42.2	quinn	0.11.9	wtransport	0.6.1	normal:all	false		true
windows_x86_64_gnullvm	0.42.2	quinn	0.11.9	zenoh-link-commons	1.7.2	normal:all	false		true
windows_x86_64_gnullvm	0.42.2	quinn	0.11.9	zenoh-link-quic	1.7.2	normal:all	false		true
windows_x86_64_gnullvm	0.42.2	quinn	0.11.9	zenoh-link-quic_datagram	1.7.2	normal:all	false		true
windows_x86_64_gnullvm	0.42.2	quinn-proto	0.11.15	quinn	0.11.9	normal:all	false		true
windows_x86_64_gnullvm	0.42.2	rustls-platform-verifier	0.6.2	quinn-proto	0.11.15	normal:all	false		true
windows_x86_64_gnullvm	0.42.2	sentinel-cluster-control	0.1.0	sentinel-daemon	0.1.0	normal:all	true	A	true
windows_x86_64_gnullvm	0.42.2	sentinel-sandbox	0.1.0	sentinel-daemon	0.1.0	normal:all	true	A	true
windows_x86_64_gnullvm	0.42.2	sentinel-zenoh	0.1.0	sentinel-daemon	0.1.0	normal:all	true	A	true
windows_x86_64_gnullvm	0.42.2	sentinel-zenoh	0.1.0	sentinel-sandbox	0.1.0	normal:all	true		true
windows_x86_64_gnullvm	0.42.2	windows-sys	0.45.0	jni	0.21.1	normal:cfg(windows)	false		true
windows_x86_64_gnullvm	0.42.2	windows-targets	0.42.2	windows-sys	0.45.0	normal:cfg(not(windows_raw_dylib))	false		true
windows_x86_64_gnullvm	0.42.2	windows_x86_64_gnullvm	0.42.2	windows-targets	0.42.2	normal:x86_64-pc-windows-gnullvm	false		true
windows_x86_64_gnullvm	0.42.2	wtransport	0.6.1	sentinel-dashboard-backend	0.1.0	normal:all	true	A	true
windows_x86_64_gnullvm	0.42.2	zenoh	1.7.2	sentinel-zenoh	0.1.0	normal:all	true		true
windows_x86_64_gnullvm	0.42.2	zenoh-link	1.7.2	zenoh	1.7.2	normal:all	false		true
windows_x86_64_gnullvm	0.42.2	zenoh-link	1.7.2	zenoh-transport	1.7.2	normal:all	false		true
windows_x86_64_gnullvm	0.42.2	zenoh-link-commons	1.7.2	zenoh	1.7.2	normal:all	false		true
windows_x86_64_gnullvm	0.42.2	zenoh-link-commons	1.7.2	zenoh-link	1.7.2	normal:all	false		true
windows_x86_64_gnullvm	0.42.2	zenoh-link-commons	1.7.2	zenoh-link-quic	1.7.2	normal:all	false		true
windows_x86_64_gnullvm	0.42.2	zenoh-link-commons	1.7.2	zenoh-link-quic_datagram	1.7.2	normal:all	false		true
windows_x86_64_gnullvm	0.42.2	zenoh-link-commons	1.7.2	zenoh-link-tcp	1.7.2	normal:all	false		true
windows_x86_64_gnullvm	0.42.2	zenoh-link-commons	1.7.2	zenoh-link-tls	1.7.2	normal:all	false		true
windows_x86_64_gnullvm	0.42.2	zenoh-link-commons	1.7.2	zenoh-link-udp	1.7.2	normal:all	false		true
windows_x86_64_gnullvm	0.42.2	zenoh-link-commons	1.7.2	zenoh-link-unixsock_stream	1.7.2	normal:all	false		true
windows_x86_64_gnullvm	0.42.2	zenoh-link-commons	1.7.2	zenoh-link-ws	1.7.2	normal:all	false		true
windows_x86_64_gnullvm	0.42.2	zenoh-link-commons	1.7.2	zenoh-transport	1.7.2	normal:all	false		true
windows_x86_64_gnullvm	0.42.2	zenoh-link-quic	1.7.2	zenoh-link	1.7.2	normal:all	false		true
windows_x86_64_gnullvm	0.42.2	zenoh-link-quic_datagram	1.7.2	zenoh-link	1.7.2	normal:all	false		true
windows_x86_64_gnullvm	0.42.2	zenoh-link-tcp	1.7.2	zenoh-link	1.7.2	normal:all	false		true
windows_x86_64_gnullvm	0.42.2	zenoh-link-tls	1.7.2	zenoh-link	1.7.2	normal:all	false		true
windows_x86_64_gnullvm	0.42.2	zenoh-link-udp	1.7.2	zenoh-link	1.7.2	normal:all	false		true
windows_x86_64_gnullvm	0.42.2	zenoh-link-unixsock_stream	1.7.2	zenoh-link	1.7.2	normal:all	false		true
windows_x86_64_gnullvm	0.42.2	zenoh-link-ws	1.7.2	zenoh-link	1.7.2	normal:all	false		true
windows_x86_64_gnullvm	0.42.2	zenoh-transport	1.7.2	zenoh	1.7.2	normal:all	false		true
windows_x86_64_gnullvm	0.52.6	async-nats	0.47.0	sentinel-daemon	0.1.0	normal:all	true	A	true
windows_x86_64_gnullvm	0.52.6	async-nats	0.47.0	sentinel-dashboard-backend	0.1.0	normal:all	true	A	true
windows_x86_64_gnullvm	0.52.6	async-nats	0.47.0	sentinel-gaia-loop	0.1.0	normal:all	true	A	true
windows_x86_64_gnullvm	0.52.6	axum-server	0.7.3	sentinel-dashboard-backend	0.1.0	normal:all	true	A	true
windows_x86_64_gnullvm	0.52.6	cap-fs-ext	3.4.5	wasmtime-wasi	45.0.3	normal:all	false		true
windows_x86_64_gnullvm	0.52.6	cap-net-ext	3.4.5	wasmtime-wasi	45.0.3	normal:all	false		true
windows_x86_64_gnullvm	0.52.6	cap-primitives	3.4.5	cap-fs-ext	3.4.5	normal:all	false		true
windows_x86_64_gnullvm	0.52.6	cap-primitives	3.4.5	cap-net-ext	3.4.5	normal:all	false		true
windows_x86_64_gnullvm	0.52.6	cap-primitives	3.4.5	cap-std	3.4.5	normal:all	false		true
windows_x86_64_gnullvm	0.52.6	cap-primitives	3.4.5	cap-time-ext	3.4.5	normal:all	false		true
windows_x86_64_gnullvm	0.52.6	cap-std	3.4.5	cap-fs-ext	3.4.5	normal:all	false		true
windows_x86_64_gnullvm	0.52.6	cap-std	3.4.5	cap-net-ext	3.4.5	normal:all	false		true
windows_x86_64_gnullvm	0.52.6	cap-std	3.4.5	wasmtime-wasi	45.0.3	normal:all	false		true
windows_x86_64_gnullvm	0.52.6	cap-time-ext	3.4.5	wasmtime-wasi	45.0.3	normal:all	false		true
windows_x86_64_gnullvm	0.52.6	console	0.15.11	insta	1.46.3	normal:all	false		true
windows_x86_64_gnullvm	0.52.6	fs-set-times	0.20.3	cap-primitives	3.4.5	normal:all	false		true
windows_x86_64_gnullvm	0.52.6	fs-set-times	0.20.3	wasmtime-wasi	45.0.3	normal:all	false		true
windows_x86_64_gnullvm	0.52.6	hyper-rustls	0.27.7	reqwest	0.12.28	"normal:cfg(not(target_arch = ""wasm32""))"	false		true
windows_x86_64_gnullvm	0.52.6	insta	1.46.3	sentinel-ecs	0.1.0	dev:all	true		true
windows_x86_64_gnullvm	0.52.6	insta	1.46.3	sentinel-physics	0.1.0	dev:all	true		true
windows_x86_64_gnullvm	0.52.6	io-extras	0.18.4	cap-primitives	3.4.5	normal:all	false		true
windows_x86_64_gnullvm	0.52.6	io-extras	0.18.4	cap-std	3.4.5	normal:all	false		true
windows_x86_64_gnullvm	0.52.6	io-extras	0.18.4	wasmtime-wasi	45.0.3	normal:cfg(windows)	false		true
windows_x86_64_gnullvm	0.52.6	quinn	0.11.9	sentinel-cluster-control	0.1.0	normal:all	true		true
windows_x86_64_gnullvm	0.52.6	quinn	0.11.9	wtransport	0.6.1	normal:all	false		true
windows_x86_64_gnullvm	0.52.6	quinn	0.11.9	zenoh-link-commons	1.7.2	normal:all	false		true
windows_x86_64_gnullvm	0.52.6	quinn	0.11.9	zenoh-link-quic	1.7.2	normal:all	false		true
windows_x86_64_gnullvm	0.52.6	quinn	0.11.9	zenoh-link-quic_datagram	1.7.2	normal:all	false		true
windows_x86_64_gnullvm	0.52.6	quinn-proto	0.11.15	quinn	0.11.9	normal:all	false		true
windows_x86_64_gnullvm	0.52.6	quinn-udp	0.5.14	quinn	0.11.9	normal:all	false		true
windows_x86_64_gnullvm	0.52.6	rcgen	0.13.2	sentinel-cluster-control	0.1.0	normal:all	true		true
windows_x86_64_gnullvm	0.52.6	rcgen	0.13.2	sentinel-dashboard-backend	0.1.0	normal:all	true	A	true
windows_x86_64_gnullvm	0.52.6	rcgen	0.13.2	wtransport	0.6.1	normal:all	false		true
windows_x86_64_gnullvm	0.52.6	reqwest	0.12.28	sentinel-ctl	0.1.0	normal:all	true	B	true
windows_x86_64_gnullvm	0.52.6	reqwest	0.12.28	sentinel-daemon	0.1.0	normal:all	true	A	true
windows_x86_64_gnullvm	0.52.6	reqwest	0.12.28	sentinel-dashboard-backend	0.1.0	normal:all	true	A	true
windows_x86_64_gnullvm	0.52.6	ring	0.17.14	async-nats	0.47.0	normal:all	false		true
windows_x86_64_gnullvm	0.52.6	ring	0.17.14	quinn-proto	0.11.15	"normal:all;normal:cfg(all(target_family = ""wasm"", target_os = ""unknown""))"	false		true
windows_x86_64_gnullvm	0.52.6	ring	0.17.14	rcgen	0.13.2	normal:all	false		true
windows_x86_64_gnullvm	0.52.6	ring	0.17.14	rustls	0.23.37	normal:all	false		true
windows_x86_64_gnullvm	0.52.6	ring	0.17.14	rustls-webpki	0.103.13	normal:all	false		true
windows_x86_64_gnullvm	0.52.6	ring	0.17.14	tokio-websockets	0.10.1	normal:all	false		true
windows_x86_64_gnullvm	0.52.6	rustls	0.23.37	axum-server	0.7.3	normal:all	false		true
windows_x86_64_gnullvm	0.52.6	rustls	0.23.37	hyper-rustls	0.27.7	normal:all	false		true
windows_x86_64_gnullvm	0.52.6	rustls	0.23.37	quinn	0.11.9	normal:all	false		true
windows_x86_64_gnullvm	0.52.6	rustls	0.23.37	quinn-proto	0.11.15	normal:all	false		true
windows_x86_64_gnullvm	0.52.6	rustls	0.23.37	reqwest	0.12.28	"normal:cfg(not(target_arch = ""wasm32""))"	false		true
windows_x86_64_gnullvm	0.52.6	rustls	0.23.37	rustls-platform-verifier	0.6.2	normal:all	false		true
windows_x86_64_gnullvm	0.52.6	rustls	0.23.37	sentinel-cluster-control	0.1.0	normal:all	true		true
windows_x86_64_gnullvm	0.52.6	rustls	0.23.37	sentinel-dashboard-backend	0.1.0	normal:all	true	A	true
windows_x86_64_gnullvm	0.52.6	rustls	0.23.37	tokio-rustls	0.26.4	normal:all	false		true
windows_x86_64_gnullvm	0.52.6	rustls	0.23.37	wtransport	0.6.1	normal:all	false		true
windows_x86_64_gnullvm	0.52.6	rustls	0.23.37	zenoh-link-commons	1.7.2	normal:all	false		true
windows_x86_64_gnullvm	0.52.6	rustls	0.23.37	zenoh-link-quic	1.7.2	normal:all	false		true
windows_x86_64_gnullvm	0.52.6	rustls	0.23.37	zenoh-link-quic_datagram	1.7.2	normal:all	false		true
windows_x86_64_gnullvm	0.52.6	rustls	0.23.37	zenoh-link-tls	1.7.2	normal:all	false		true
windows_x86_64_gnullvm	0.52.6	rustls-platform-verifier	0.6.2	quinn-proto	0.11.15	normal:all	false		true
windows_x86_64_gnullvm	0.52.6	rustls-webpki	0.103.13	async-nats	0.47.0	normal:all	false		true
windows_x86_64_gnullvm	0.52.6	rustls-webpki	0.103.13	rustls	0.23.37	normal:all	false		true
windows_x86_64_gnullvm	0.52.6	rustls-webpki	0.103.13	rustls-platform-verifier	0.6.2	"normal:cfg(all(unix, not(target_os = ""android""), not(target_vendor = ""apple""), not(target_arch = ""wasm32"")));normal:cfg(target_arch = ""wasm32"");normal:cfg(target_os = ""android"")"	false		true
windows_x86_64_gnullvm	0.52.6	rustls-webpki	0.103.13	zenoh-link-commons	1.7.2	normal:all	false		true
windows_x86_64_gnullvm	0.52.6	rustls-webpki	0.103.13	zenoh-link-quic	1.7.2	normal:all	false		true
windows_x86_64_gnullvm	0.52.6	rustls-webpki	0.103.13	zenoh-link-quic_datagram	1.7.2	normal:all	false		true
windows_x86_64_gnullvm	0.52.6	rustls-webpki	0.103.13	zenoh-link-tls	1.7.2	normal:all	false		true
windows_x86_64_gnullvm	0.52.6	sentinel-cluster-control	0.1.0	sentinel-daemon	0.1.0	normal:all	true	A	true
windows_x86_64_gnullvm	0.52.6	sentinel-ecs	0.1.0	sentinel-daemon	0.1.0	normal:all	true	A	true
windows_x86_64_gnullvm	0.52.6	sentinel-ecs	0.1.0	sentinel-runtime	0.1.0	normal:all	true		true
windows_x86_64_gnullvm	0.52.6	sentinel-gaia-loop	0.1.0	sentinel-dashboard-backend	0.1.0	normal:all	true	A	true
windows_x86_64_gnullvm	0.52.6	sentinel-physics	0.1.0	sentinel-ecs	0.1.0	normal:all	true		true
windows_x86_64_gnullvm	0.52.6	sentinel-physics	0.1.0	sentinel-projection	0.1.0	normal:all	true		true
windows_x86_64_gnullvm	0.52.6	sentinel-projection	0.1.0	sentinel-daemon	0.1.0	normal:all	true	A	true
windows_x86_64_gnullvm	0.52.6	sentinel-projection	0.1.0	sentinel-dashboard-backend	0.1.0	normal:all	true	A	true
windows_x86_64_gnullvm	0.52.6	sentinel-projection	0.1.0	sentinel-gaia-memory	0.1.0	dev:all	true		true
windows_x86_64_gnullvm	0.52.6	sentinel-projection	0.1.0	sentinel-projection-service	0.1.0	normal:all	true	A	true
windows_x86_64_gnullvm	0.52.6	sentinel-runtime	0.1.0	sentinel-daemon	0.1.0	normal:all	true	A	true
windows_x86_64_gnullvm	0.52.6	sentinel-sandbox	0.1.0	sentinel-daemon	0.1.0	normal:all	true	A	true
windows_x86_64_gnullvm	0.52.6	sentinel-wasm	0.1.0	sentinel-daemon	0.1.0	normal:all	true	A	true
windows_x86_64_gnullvm	0.52.6	sentinel-wasm	0.1.0	sentinel-ecs	0.1.0	normal:all	true		true
windows_x86_64_gnullvm	0.52.6	sentinel-zenoh	0.1.0	sentinel-daemon	0.1.0	normal:all	true	A	true
windows_x86_64_gnullvm	0.52.6	sentinel-zenoh	0.1.0	sentinel-sandbox	0.1.0	normal:all	true		true
windows_x86_64_gnullvm	0.52.6	socket2	0.5.10	wtransport	0.6.1	normal:all	false		true
windows_x86_64_gnullvm	0.52.6	socket2	0.5.10	zenoh	1.7.2	normal:all	false		true
windows_x86_64_gnullvm	0.52.6	socket2	0.5.10	zenoh-link-commons	1.7.2	normal:all	false		true
windows_x86_64_gnullvm	0.52.6	socket2	0.5.10	zenoh-link-tcp	1.7.2	normal:all	false		true
windows_x86_64_gnullvm	0.52.6	socket2	0.5.10	zenoh-link-tls	1.7.2	normal:all	false		true
windows_x86_64_gnullvm	0.52.6	socket2	0.5.10	zenoh-link-udp	1.7.2	normal:all	false		true
windows_x86_64_gnullvm	0.52.6	tls-listener	0.11.2	zenoh-link-tls	1.7.2	normal:all	false		true
windows_x86_64_gnullvm	0.52.6	tokio-rustls	0.26.4	async-nats	0.47.0	normal:all	false		true
windows_x86_64_gnullvm	0.52.6	tokio-rustls	0.26.4	axum-server	0.7.3	normal:all	false		true
windows_x86_64_gnullvm	0.52.6	tokio-rustls	0.26.4	hyper-rustls	0.27.7	normal:all	false		true
windows_x86_64_gnullvm	0.52.6	tokio-rustls	0.26.4	reqwest	0.12.28	"normal:cfg(not(target_arch = ""wasm32""))"	false		true
windows_x86_64_gnullvm	0.52.6	tokio-rustls	0.26.4	tls-listener	0.11.2	normal:all	false		true
windows_x86_64_gnullvm	0.52.6	tokio-rustls	0.26.4	tokio-websockets	0.10.1	normal:all	false		true
windows_x86_64_gnullvm	0.52.6	tokio-rustls	0.26.4	zenoh-link-tls	1.7.2	normal:all	false		true
windows_x86_64_gnullvm	0.52.6	tokio-websockets	0.10.1	async-nats	0.47.0	normal:all	false		true
windows_x86_64_gnullvm	0.52.6	wasmtime-wasi	45.0.3	sentinel-wasm	0.1.0	normal:all	true		true
windows_x86_64_gnullvm	0.52.6	windows-sys	0.52.0	ring	0.17.14	"normal:cfg(all(all(target_arch = ""aarch64"", target_endian = ""little""), target_os = ""windows""))"	false		true
windows_x86_64_gnullvm	0.52.6	windows-sys	0.52.0	socket2	0.5.10	normal:cfg(windows)	false		true
windows_x86_64_gnullvm	0.52.6	windows-sys	0.59.0	cap-fs-ext	3.4.5	normal:cfg(windows)	false		true
windows_x86_64_gnullvm	0.52.6	windows-sys	0.59.0	cap-primitives	3.4.5	normal:cfg(windows)	false		true
windows_x86_64_gnullvm	0.52.6	windows-sys	0.59.0	console	0.15.11	normal:cfg(windows)	false		true
windows_x86_64_gnullvm	0.52.6	windows-sys	0.59.0	fs-set-times	0.20.3	normal:cfg(windows)	false		true
windows_x86_64_gnullvm	0.52.6	windows-sys	0.59.0	io-extras	0.18.4	normal:cfg(windows)	false		true
windows_x86_64_gnullvm	0.52.6	windows-sys	0.59.0	quinn-udp	0.5.14	normal:cfg(windows)	false		true
windows_x86_64_gnullvm	0.52.6	windows-sys	0.59.0	winx	0.36.4	normal:cfg(windows)	false		true
windows_x86_64_gnullvm	0.52.6	windows-targets	0.52.6	windows-sys	0.52.0	normal:all	false		true
windows_x86_64_gnullvm	0.52.6	windows-targets	0.52.6	windows-sys	0.59.0	normal:all	false		true
windows_x86_64_gnullvm	0.52.6	windows_x86_64_gnullvm	0.52.6	windows-targets	0.52.6	normal:x86_64-pc-windows-gnullvm	false		true
windows_x86_64_gnullvm	0.52.6	winx	0.36.4	cap-primitives	3.4.5	normal:cfg(windows)	false		true
windows_x86_64_gnullvm	0.52.6	winx	0.36.4	cap-time-ext	3.4.5	normal:cfg(windows)	false		true
windows_x86_64_gnullvm	0.52.6	wtransport	0.6.1	sentinel-dashboard-backend	0.1.0	normal:all	true	A	true
windows_x86_64_gnullvm	0.52.6	zenoh	1.7.2	sentinel-zenoh	0.1.0	normal:all	true		true
windows_x86_64_gnullvm	0.52.6	zenoh-link	1.7.2	zenoh	1.7.2	normal:all	false		true
windows_x86_64_gnullvm	0.52.6	zenoh-link	1.7.2	zenoh-transport	1.7.2	normal:all	false		true
windows_x86_64_gnullvm	0.52.6	zenoh-link-commons	1.7.2	zenoh	1.7.2	normal:all	false		true
windows_x86_64_gnullvm	0.52.6	zenoh-link-commons	1.7.2	zenoh-link	1.7.2	normal:all	false		true
windows_x86_64_gnullvm	0.52.6	zenoh-link-commons	1.7.2	zenoh-link-quic	1.7.2	normal:all	false		true
windows_x86_64_gnullvm	0.52.6	zenoh-link-commons	1.7.2	zenoh-link-quic_datagram	1.7.2	normal:all	false		true
windows_x86_64_gnullvm	0.52.6	zenoh-link-commons	1.7.2	zenoh-link-tcp	1.7.2	normal:all	false		true
windows_x86_64_gnullvm	0.52.6	zenoh-link-commons	1.7.2	zenoh-link-tls	1.7.2	normal:all	false		true
windows_x86_64_gnullvm	0.52.6	zenoh-link-commons	1.7.2	zenoh-link-udp	1.7.2	normal:all	false		true
windows_x86_64_gnullvm	0.52.6	zenoh-link-commons	1.7.2	zenoh-link-unixsock_stream	1.7.2	normal:all	false		true
windows_x86_64_gnullvm	0.52.6	zenoh-link-commons	1.7.2	zenoh-link-ws	1.7.2	normal:all	false		true
windows_x86_64_gnullvm	0.52.6	zenoh-link-commons	1.7.2	zenoh-transport	1.7.2	normal:all	false		true
windows_x86_64_gnullvm	0.52.6	zenoh-link-quic	1.7.2	zenoh-link	1.7.2	normal:all	false		true
windows_x86_64_gnullvm	0.52.6	zenoh-link-quic_datagram	1.7.2	zenoh-link	1.7.2	normal:all	false		true
windows_x86_64_gnullvm	0.52.6	zenoh-link-tcp	1.7.2	zenoh-link	1.7.2	normal:all	false		true
windows_x86_64_gnullvm	0.52.6	zenoh-link-tls	1.7.2	zenoh-link	1.7.2	normal:all	false		true
windows_x86_64_gnullvm	0.52.6	zenoh-link-udp	1.7.2	zenoh-link	1.7.2	normal:all	false		true
windows_x86_64_gnullvm	0.52.6	zenoh-link-unixsock_stream	1.7.2	zenoh-link	1.7.2	normal:all	false		true
windows_x86_64_gnullvm	0.52.6	zenoh-link-ws	1.7.2	zenoh-link	1.7.2	normal:all	false		true
windows_x86_64_gnullvm	0.52.6	zenoh-transport	1.7.2	zenoh	1.7.2	normal:all	false		true
windows_x86_64_msvc	0.42.2	jni	0.21.1	rustls-platform-verifier	0.6.2	"normal:cfg(target_os = ""android"")"	false		true
windows_x86_64_msvc	0.42.2	quinn	0.11.9	sentinel-cluster-control	0.1.0	normal:all	true		true
windows_x86_64_msvc	0.42.2	quinn	0.11.9	wtransport	0.6.1	normal:all	false		true
windows_x86_64_msvc	0.42.2	quinn	0.11.9	zenoh-link-commons	1.7.2	normal:all	false		true
windows_x86_64_msvc	0.42.2	quinn	0.11.9	zenoh-link-quic	1.7.2	normal:all	false		true
windows_x86_64_msvc	0.42.2	quinn	0.11.9	zenoh-link-quic_datagram	1.7.2	normal:all	false		true
windows_x86_64_msvc	0.42.2	quinn-proto	0.11.15	quinn	0.11.9	normal:all	false		true
windows_x86_64_msvc	0.42.2	rustls-platform-verifier	0.6.2	quinn-proto	0.11.15	normal:all	false		true
windows_x86_64_msvc	0.42.2	sentinel-cluster-control	0.1.0	sentinel-daemon	0.1.0	normal:all	true	A	true
windows_x86_64_msvc	0.42.2	sentinel-sandbox	0.1.0	sentinel-daemon	0.1.0	normal:all	true	A	true
windows_x86_64_msvc	0.42.2	sentinel-zenoh	0.1.0	sentinel-daemon	0.1.0	normal:all	true	A	true
windows_x86_64_msvc	0.42.2	sentinel-zenoh	0.1.0	sentinel-sandbox	0.1.0	normal:all	true		true
windows_x86_64_msvc	0.42.2	windows-sys	0.45.0	jni	0.21.1	normal:cfg(windows)	false		true
windows_x86_64_msvc	0.42.2	windows-targets	0.42.2	windows-sys	0.45.0	normal:cfg(not(windows_raw_dylib))	false		true
windows_x86_64_msvc	0.42.2	windows_x86_64_msvc	0.42.2	windows-targets	0.42.2	normal:x86_64-pc-windows-msvc;normal:x86_64-uwp-windows-msvc	false		true
windows_x86_64_msvc	0.42.2	wtransport	0.6.1	sentinel-dashboard-backend	0.1.0	normal:all	true	A	true
windows_x86_64_msvc	0.42.2	zenoh	1.7.2	sentinel-zenoh	0.1.0	normal:all	true		true
windows_x86_64_msvc	0.42.2	zenoh-link	1.7.2	zenoh	1.7.2	normal:all	false		true
windows_x86_64_msvc	0.42.2	zenoh-link	1.7.2	zenoh-transport	1.7.2	normal:all	false		true
windows_x86_64_msvc	0.42.2	zenoh-link-commons	1.7.2	zenoh	1.7.2	normal:all	false		true
windows_x86_64_msvc	0.42.2	zenoh-link-commons	1.7.2	zenoh-link	1.7.2	normal:all	false		true
windows_x86_64_msvc	0.42.2	zenoh-link-commons	1.7.2	zenoh-link-quic	1.7.2	normal:all	false		true
windows_x86_64_msvc	0.42.2	zenoh-link-commons	1.7.2	zenoh-link-quic_datagram	1.7.2	normal:all	false		true
windows_x86_64_msvc	0.42.2	zenoh-link-commons	1.7.2	zenoh-link-tcp	1.7.2	normal:all	false		true
windows_x86_64_msvc	0.42.2	zenoh-link-commons	1.7.2	zenoh-link-tls	1.7.2	normal:all	false		true
windows_x86_64_msvc	0.42.2	zenoh-link-commons	1.7.2	zenoh-link-udp	1.7.2	normal:all	false		true
windows_x86_64_msvc	0.42.2	zenoh-link-commons	1.7.2	zenoh-link-unixsock_stream	1.7.2	normal:all	false		true
windows_x86_64_msvc	0.42.2	zenoh-link-commons	1.7.2	zenoh-link-ws	1.7.2	normal:all	false		true
windows_x86_64_msvc	0.42.2	zenoh-link-commons	1.7.2	zenoh-transport	1.7.2	normal:all	false		true
windows_x86_64_msvc	0.42.2	zenoh-link-quic	1.7.2	zenoh-link	1.7.2	normal:all	false		true
windows_x86_64_msvc	0.42.2	zenoh-link-quic_datagram	1.7.2	zenoh-link	1.7.2	normal:all	false		true
windows_x86_64_msvc	0.42.2	zenoh-link-tcp	1.7.2	zenoh-link	1.7.2	normal:all	false		true
windows_x86_64_msvc	0.42.2	zenoh-link-tls	1.7.2	zenoh-link	1.7.2	normal:all	false		true
windows_x86_64_msvc	0.42.2	zenoh-link-udp	1.7.2	zenoh-link	1.7.2	normal:all	false		true
windows_x86_64_msvc	0.42.2	zenoh-link-unixsock_stream	1.7.2	zenoh-link	1.7.2	normal:all	false		true
windows_x86_64_msvc	0.42.2	zenoh-link-ws	1.7.2	zenoh-link	1.7.2	normal:all	false		true
windows_x86_64_msvc	0.42.2	zenoh-transport	1.7.2	zenoh	1.7.2	normal:all	false		true
windows_x86_64_msvc	0.52.6	async-nats	0.47.0	sentinel-daemon	0.1.0	normal:all	true	A	true
windows_x86_64_msvc	0.52.6	async-nats	0.47.0	sentinel-dashboard-backend	0.1.0	normal:all	true	A	true
windows_x86_64_msvc	0.52.6	async-nats	0.47.0	sentinel-gaia-loop	0.1.0	normal:all	true	A	true
windows_x86_64_msvc	0.52.6	axum-server	0.7.3	sentinel-dashboard-backend	0.1.0	normal:all	true	A	true
windows_x86_64_msvc	0.52.6	cap-fs-ext	3.4.5	wasmtime-wasi	45.0.3	normal:all	false		true
windows_x86_64_msvc	0.52.6	cap-net-ext	3.4.5	wasmtime-wasi	45.0.3	normal:all	false		true
windows_x86_64_msvc	0.52.6	cap-primitives	3.4.5	cap-fs-ext	3.4.5	normal:all	false		true
windows_x86_64_msvc	0.52.6	cap-primitives	3.4.5	cap-net-ext	3.4.5	normal:all	false		true
windows_x86_64_msvc	0.52.6	cap-primitives	3.4.5	cap-std	3.4.5	normal:all	false		true
windows_x86_64_msvc	0.52.6	cap-primitives	3.4.5	cap-time-ext	3.4.5	normal:all	false		true
windows_x86_64_msvc	0.52.6	cap-std	3.4.5	cap-fs-ext	3.4.5	normal:all	false		true
windows_x86_64_msvc	0.52.6	cap-std	3.4.5	cap-net-ext	3.4.5	normal:all	false		true
windows_x86_64_msvc	0.52.6	cap-std	3.4.5	wasmtime-wasi	45.0.3	normal:all	false		true
windows_x86_64_msvc	0.52.6	cap-time-ext	3.4.5	wasmtime-wasi	45.0.3	normal:all	false		true
windows_x86_64_msvc	0.52.6	console	0.15.11	insta	1.46.3	normal:all	false		true
windows_x86_64_msvc	0.52.6	fs-set-times	0.20.3	cap-primitives	3.4.5	normal:all	false		true
windows_x86_64_msvc	0.52.6	fs-set-times	0.20.3	wasmtime-wasi	45.0.3	normal:all	false		true
windows_x86_64_msvc	0.52.6	hyper-rustls	0.27.7	reqwest	0.12.28	"normal:cfg(not(target_arch = ""wasm32""))"	false		true
windows_x86_64_msvc	0.52.6	insta	1.46.3	sentinel-ecs	0.1.0	dev:all	true		true
windows_x86_64_msvc	0.52.6	insta	1.46.3	sentinel-physics	0.1.0	dev:all	true		true
windows_x86_64_msvc	0.52.6	io-extras	0.18.4	cap-primitives	3.4.5	normal:all	false		true
windows_x86_64_msvc	0.52.6	io-extras	0.18.4	cap-std	3.4.5	normal:all	false		true
windows_x86_64_msvc	0.52.6	io-extras	0.18.4	wasmtime-wasi	45.0.3	normal:cfg(windows)	false		true
windows_x86_64_msvc	0.52.6	quinn	0.11.9	sentinel-cluster-control	0.1.0	normal:all	true		true
windows_x86_64_msvc	0.52.6	quinn	0.11.9	wtransport	0.6.1	normal:all	false		true
windows_x86_64_msvc	0.52.6	quinn	0.11.9	zenoh-link-commons	1.7.2	normal:all	false		true
windows_x86_64_msvc	0.52.6	quinn	0.11.9	zenoh-link-quic	1.7.2	normal:all	false		true
windows_x86_64_msvc	0.52.6	quinn	0.11.9	zenoh-link-quic_datagram	1.7.2	normal:all	false		true
windows_x86_64_msvc	0.52.6	quinn-proto	0.11.15	quinn	0.11.9	normal:all	false		true
windows_x86_64_msvc	0.52.6	quinn-udp	0.5.14	quinn	0.11.9	normal:all	false		true
windows_x86_64_msvc	0.52.6	rcgen	0.13.2	sentinel-cluster-control	0.1.0	normal:all	true		true
windows_x86_64_msvc	0.52.6	rcgen	0.13.2	sentinel-dashboard-backend	0.1.0	normal:all	true	A	true
windows_x86_64_msvc	0.52.6	rcgen	0.13.2	wtransport	0.6.1	normal:all	false		true
windows_x86_64_msvc	0.52.6	reqwest	0.12.28	sentinel-ctl	0.1.0	normal:all	true	B	true
windows_x86_64_msvc	0.52.6	reqwest	0.12.28	sentinel-daemon	0.1.0	normal:all	true	A	true
windows_x86_64_msvc	0.52.6	reqwest	0.12.28	sentinel-dashboard-backend	0.1.0	normal:all	true	A	true
windows_x86_64_msvc	0.52.6	ring	0.17.14	async-nats	0.47.0	normal:all	false		true
windows_x86_64_msvc	0.52.6	ring	0.17.14	quinn-proto	0.11.15	"normal:all;normal:cfg(all(target_family = ""wasm"", target_os = ""unknown""))"	false		true
windows_x86_64_msvc	0.52.6	ring	0.17.14	rcgen	0.13.2	normal:all	false		true
windows_x86_64_msvc	0.52.6	ring	0.17.14	rustls	0.23.37	normal:all	false		true
windows_x86_64_msvc	0.52.6	ring	0.17.14	rustls-webpki	0.103.13	normal:all	false		true
windows_x86_64_msvc	0.52.6	ring	0.17.14	tokio-websockets	0.10.1	normal:all	false		true
windows_x86_64_msvc	0.52.6	rustls	0.23.37	axum-server	0.7.3	normal:all	false		true
windows_x86_64_msvc	0.52.6	rustls	0.23.37	hyper-rustls	0.27.7	normal:all	false		true
windows_x86_64_msvc	0.52.6	rustls	0.23.37	quinn	0.11.9	normal:all	false		true
windows_x86_64_msvc	0.52.6	rustls	0.23.37	quinn-proto	0.11.15	normal:all	false		true
windows_x86_64_msvc	0.52.6	rustls	0.23.37	reqwest	0.12.28	"normal:cfg(not(target_arch = ""wasm32""))"	false		true
windows_x86_64_msvc	0.52.6	rustls	0.23.37	rustls-platform-verifier	0.6.2	normal:all	false		true
windows_x86_64_msvc	0.52.6	rustls	0.23.37	sentinel-cluster-control	0.1.0	normal:all	true		true
windows_x86_64_msvc	0.52.6	rustls	0.23.37	sentinel-dashboard-backend	0.1.0	normal:all	true	A	true
windows_x86_64_msvc	0.52.6	rustls	0.23.37	tokio-rustls	0.26.4	normal:all	false		true
windows_x86_64_msvc	0.52.6	rustls	0.23.37	wtransport	0.6.1	normal:all	false		true
windows_x86_64_msvc	0.52.6	rustls	0.23.37	zenoh-link-commons	1.7.2	normal:all	false		true
windows_x86_64_msvc	0.52.6	rustls	0.23.37	zenoh-link-quic	1.7.2	normal:all	false		true
windows_x86_64_msvc	0.52.6	rustls	0.23.37	zenoh-link-quic_datagram	1.7.2	normal:all	false		true
windows_x86_64_msvc	0.52.6	rustls	0.23.37	zenoh-link-tls	1.7.2	normal:all	false		true
windows_x86_64_msvc	0.52.6	rustls-platform-verifier	0.6.2	quinn-proto	0.11.15	normal:all	false		true
windows_x86_64_msvc	0.52.6	rustls-webpki	0.103.13	async-nats	0.47.0	normal:all	false		true
windows_x86_64_msvc	0.52.6	rustls-webpki	0.103.13	rustls	0.23.37	normal:all	false		true
windows_x86_64_msvc	0.52.6	rustls-webpki	0.103.13	rustls-platform-verifier	0.6.2	"normal:cfg(all(unix, not(target_os = ""android""), not(target_vendor = ""apple""), not(target_arch = ""wasm32"")));normal:cfg(target_arch = ""wasm32"");normal:cfg(target_os = ""android"")"	false		true
windows_x86_64_msvc	0.52.6	rustls-webpki	0.103.13	zenoh-link-commons	1.7.2	normal:all	false		true
windows_x86_64_msvc	0.52.6	rustls-webpki	0.103.13	zenoh-link-quic	1.7.2	normal:all	false		true
windows_x86_64_msvc	0.52.6	rustls-webpki	0.103.13	zenoh-link-quic_datagram	1.7.2	normal:all	false		true
windows_x86_64_msvc	0.52.6	rustls-webpki	0.103.13	zenoh-link-tls	1.7.2	normal:all	false		true
windows_x86_64_msvc	0.52.6	sentinel-cluster-control	0.1.0	sentinel-daemon	0.1.0	normal:all	true	A	true
windows_x86_64_msvc	0.52.6	sentinel-ecs	0.1.0	sentinel-daemon	0.1.0	normal:all	true	A	true
windows_x86_64_msvc	0.52.6	sentinel-ecs	0.1.0	sentinel-runtime	0.1.0	normal:all	true		true
windows_x86_64_msvc	0.52.6	sentinel-gaia-loop	0.1.0	sentinel-dashboard-backend	0.1.0	normal:all	true	A	true
windows_x86_64_msvc	0.52.6	sentinel-physics	0.1.0	sentinel-ecs	0.1.0	normal:all	true		true
windows_x86_64_msvc	0.52.6	sentinel-physics	0.1.0	sentinel-projection	0.1.0	normal:all	true		true
windows_x86_64_msvc	0.52.6	sentinel-projection	0.1.0	sentinel-daemon	0.1.0	normal:all	true	A	true
windows_x86_64_msvc	0.52.6	sentinel-projection	0.1.0	sentinel-dashboard-backend	0.1.0	normal:all	true	A	true
windows_x86_64_msvc	0.52.6	sentinel-projection	0.1.0	sentinel-gaia-memory	0.1.0	dev:all	true		true
windows_x86_64_msvc	0.52.6	sentinel-projection	0.1.0	sentinel-projection-service	0.1.0	normal:all	true	A	true
windows_x86_64_msvc	0.52.6	sentinel-runtime	0.1.0	sentinel-daemon	0.1.0	normal:all	true	A	true
windows_x86_64_msvc	0.52.6	sentinel-sandbox	0.1.0	sentinel-daemon	0.1.0	normal:all	true	A	true
windows_x86_64_msvc	0.52.6	sentinel-wasm	0.1.0	sentinel-daemon	0.1.0	normal:all	true	A	true
windows_x86_64_msvc	0.52.6	sentinel-wasm	0.1.0	sentinel-ecs	0.1.0	normal:all	true		true
windows_x86_64_msvc	0.52.6	sentinel-zenoh	0.1.0	sentinel-daemon	0.1.0	normal:all	true	A	true
windows_x86_64_msvc	0.52.6	sentinel-zenoh	0.1.0	sentinel-sandbox	0.1.0	normal:all	true		true
windows_x86_64_msvc	0.52.6	socket2	0.5.10	wtransport	0.6.1	normal:all	false		true
windows_x86_64_msvc	0.52.6	socket2	0.5.10	zenoh	1.7.2	normal:all	false		true
windows_x86_64_msvc	0.52.6	socket2	0.5.10	zenoh-link-commons	1.7.2	normal:all	false		true
windows_x86_64_msvc	0.52.6	socket2	0.5.10	zenoh-link-tcp	1.7.2	normal:all	false		true
windows_x86_64_msvc	0.52.6	socket2	0.5.10	zenoh-link-tls	1.7.2	normal:all	false		true
windows_x86_64_msvc	0.52.6	socket2	0.5.10	zenoh-link-udp	1.7.2	normal:all	false		true
windows_x86_64_msvc	0.52.6	tls-listener	0.11.2	zenoh-link-tls	1.7.2	normal:all	false		true
windows_x86_64_msvc	0.52.6	tokio-rustls	0.26.4	async-nats	0.47.0	normal:all	false		true
windows_x86_64_msvc	0.52.6	tokio-rustls	0.26.4	axum-server	0.7.3	normal:all	false		true
windows_x86_64_msvc	0.52.6	tokio-rustls	0.26.4	hyper-rustls	0.27.7	normal:all	false		true
windows_x86_64_msvc	0.52.6	tokio-rustls	0.26.4	reqwest	0.12.28	"normal:cfg(not(target_arch = ""wasm32""))"	false		true
windows_x86_64_msvc	0.52.6	tokio-rustls	0.26.4	tls-listener	0.11.2	normal:all	false		true
windows_x86_64_msvc	0.52.6	tokio-rustls	0.26.4	tokio-websockets	0.10.1	normal:all	false		true
windows_x86_64_msvc	0.52.6	tokio-rustls	0.26.4	zenoh-link-tls	1.7.2	normal:all	false		true
windows_x86_64_msvc	0.52.6	tokio-websockets	0.10.1	async-nats	0.47.0	normal:all	false		true
windows_x86_64_msvc	0.52.6	wasmtime-wasi	45.0.3	sentinel-wasm	0.1.0	normal:all	true		true
windows_x86_64_msvc	0.52.6	windows-sys	0.52.0	ring	0.17.14	"normal:cfg(all(all(target_arch = ""aarch64"", target_endian = ""little""), target_os = ""windows""))"	false		true
windows_x86_64_msvc	0.52.6	windows-sys	0.52.0	socket2	0.5.10	normal:cfg(windows)	false		true
windows_x86_64_msvc	0.52.6	windows-sys	0.59.0	cap-fs-ext	3.4.5	normal:cfg(windows)	false		true
windows_x86_64_msvc	0.52.6	windows-sys	0.59.0	cap-primitives	3.4.5	normal:cfg(windows)	false		true
windows_x86_64_msvc	0.52.6	windows-sys	0.59.0	console	0.15.11	normal:cfg(windows)	false		true
windows_x86_64_msvc	0.52.6	windows-sys	0.59.0	fs-set-times	0.20.3	normal:cfg(windows)	false		true
windows_x86_64_msvc	0.52.6	windows-sys	0.59.0	io-extras	0.18.4	normal:cfg(windows)	false		true
windows_x86_64_msvc	0.52.6	windows-sys	0.59.0	quinn-udp	0.5.14	normal:cfg(windows)	false		true
windows_x86_64_msvc	0.52.6	windows-sys	0.59.0	winx	0.36.4	normal:cfg(windows)	false		true
windows_x86_64_msvc	0.52.6	windows-targets	0.52.6	windows-sys	0.52.0	normal:all	false		true
windows_x86_64_msvc	0.52.6	windows-targets	0.52.6	windows-sys	0.59.0	normal:all	false		true
windows_x86_64_msvc	0.52.6	windows_x86_64_msvc	0.52.6	windows-targets	0.52.6	"normal:cfg(all(any(target_arch = ""x86_64"", target_arch = ""arm64ec""), target_env = ""msvc"", not(windows_raw_dylib)))"	false		true
windows_x86_64_msvc	0.52.6	winx	0.36.4	cap-primitives	3.4.5	normal:cfg(windows)	false		true
windows_x86_64_msvc	0.52.6	winx	0.36.4	cap-time-ext	3.4.5	normal:cfg(windows)	false		true
windows_x86_64_msvc	0.52.6	wtransport	0.6.1	sentinel-dashboard-backend	0.1.0	normal:all	true	A	true
windows_x86_64_msvc	0.52.6	zenoh	1.7.2	sentinel-zenoh	0.1.0	normal:all	true		true
windows_x86_64_msvc	0.52.6	zenoh-link	1.7.2	zenoh	1.7.2	normal:all	false		true
windows_x86_64_msvc	0.52.6	zenoh-link	1.7.2	zenoh-transport	1.7.2	normal:all	false		true
windows_x86_64_msvc	0.52.6	zenoh-link-commons	1.7.2	zenoh	1.7.2	normal:all	false		true
windows_x86_64_msvc	0.52.6	zenoh-link-commons	1.7.2	zenoh-link	1.7.2	normal:all	false		true
windows_x86_64_msvc	0.52.6	zenoh-link-commons	1.7.2	zenoh-link-quic	1.7.2	normal:all	false		true
windows_x86_64_msvc	0.52.6	zenoh-link-commons	1.7.2	zenoh-link-quic_datagram	1.7.2	normal:all	false		true
windows_x86_64_msvc	0.52.6	zenoh-link-commons	1.7.2	zenoh-link-tcp	1.7.2	normal:all	false		true
windows_x86_64_msvc	0.52.6	zenoh-link-commons	1.7.2	zenoh-link-tls	1.7.2	normal:all	false		true
windows_x86_64_msvc	0.52.6	zenoh-link-commons	1.7.2	zenoh-link-udp	1.7.2	normal:all	false		true
windows_x86_64_msvc	0.52.6	zenoh-link-commons	1.7.2	zenoh-link-unixsock_stream	1.7.2	normal:all	false		true
windows_x86_64_msvc	0.52.6	zenoh-link-commons	1.7.2	zenoh-link-ws	1.7.2	normal:all	false		true
windows_x86_64_msvc	0.52.6	zenoh-link-commons	1.7.2	zenoh-transport	1.7.2	normal:all	false		true
windows_x86_64_msvc	0.52.6	zenoh-link-quic	1.7.2	zenoh-link	1.7.2	normal:all	false		true
windows_x86_64_msvc	0.52.6	zenoh-link-quic_datagram	1.7.2	zenoh-link	1.7.2	normal:all	false		true
windows_x86_64_msvc	0.52.6	zenoh-link-tcp	1.7.2	zenoh-link	1.7.2	normal:all	false		true
windows_x86_64_msvc	0.52.6	zenoh-link-tls	1.7.2	zenoh-link	1.7.2	normal:all	false		true
windows_x86_64_msvc	0.52.6	zenoh-link-udp	1.7.2	zenoh-link	1.7.2	normal:all	false		true
windows_x86_64_msvc	0.52.6	zenoh-link-unixsock_stream	1.7.2	zenoh-link	1.7.2	normal:all	false		true
windows_x86_64_msvc	0.52.6	zenoh-link-ws	1.7.2	zenoh-link	1.7.2	normal:all	false		true
windows_x86_64_msvc	0.52.6	zenoh-transport	1.7.2	zenoh	1.7.2	normal:all	false		true
winnow	0.5.40	aya-log	0.2.2	sentinel-ebpf	0.1.0	normal:all	true		true
winnow	0.5.40	aya-log-common	0.1.16	aya-log	0.2.2	normal:all	false		true
winnow	0.5.40	bolero	0.13.4	sentinel-bio	0.1.0	dev:all	true		true
winnow	0.5.40	bolero	0.13.4	sentinel-physics	0.1.0	dev:all	true		true
winnow	0.5.40	bolero-afl	0.13.0	bolero	0.13.4	normal:cfg(fuzzing_afl)	false		true
winnow	0.5.40	bolero-engine	0.13.4	bolero	0.13.4	normal:all;normal:cfg(fuzzing_random);normal:cfg(not(any(fuzzing, kani)))	false		true
winnow	0.5.40	bolero-engine	0.13.4	bolero-afl	0.13.0	normal:all	false		true
winnow	0.5.40	bolero-engine	0.13.4	bolero-honggfuzz	0.13.0	normal:all	false		true
winnow	0.5.40	bolero-engine	0.13.4	bolero-kani	0.13.0	normal:all	false		true
winnow	0.5.40	bolero-engine	0.13.4	bolero-libfuzzer	0.13.0	normal:all	false		true
winnow	0.5.40	bolero-generator	0.13.5	bolero	0.13.4	normal:all	false		true
winnow	0.5.40	bolero-generator	0.13.5	bolero-engine	0.13.4	normal:all	false		true
winnow	0.5.40	bolero-generator-derive	0.13.4	bolero-generator	0.13.5	normal:all	false		true
winnow	0.5.40	bolero-honggfuzz	0.13.0	bolero	0.13.4	normal:cfg(fuzzing_honggfuzz)	false		true
winnow	0.5.40	bolero-kani	0.13.0	bolero	0.13.4	normal:cfg(kani)	false		true
winnow	0.5.40	bolero-libfuzzer	0.13.0	bolero	0.13.4	normal:cfg(fuzzing_libfuzzer)	false		true
winnow	0.5.40	fuser	0.17.0	sentinel-fs	0.1.0	normal:all	true		true
winnow	0.5.40	num_enum	0.7.5	aya-log-common	0.1.16	normal:all	false		true
winnow	0.5.40	num_enum	0.7.5	fuser	0.17.0	normal:all	false		true
winnow	0.5.40	num_enum_derive	0.7.5	num_enum	0.7.5	normal:all	false		true
winnow	0.5.40	proc-macro-crate	2.0.2	bolero-generator-derive	0.13.4	normal:all	false		true
winnow	0.5.40	proc-macro-crate	2.0.2	num_enum_derive	0.7.5	normal:all	false		true
winnow	0.5.40	proc-macro-crate	2.0.2	stabby-macros	72.1.4	normal:all	false		true
winnow	0.5.40	sentinel-bio	0.1.0	sentinel-ecs	0.1.0	normal:all	true		true
winnow	0.5.40	sentinel-console-plane	0.1.0	sentinel-dashboard-backend	0.1.0	normal:all	true	A	true
winnow	0.5.40	sentinel-ebpf	0.1.0	sentinel-daemon	0.1.0	normal:all	true	A	true
winnow	0.5.40	sentinel-ecs	0.1.0	sentinel-daemon	0.1.0	normal:all	true	A	true
winnow	0.5.40	sentinel-ecs	0.1.0	sentinel-runtime	0.1.0	normal:all	true		true
winnow	0.5.40	sentinel-fs	0.1.0	sentinel-console-plane	0.1.0	normal:all	true		true
winnow	0.5.40	sentinel-fs	0.1.0	sentinel-daemon	0.1.0	normal:all	true	A	true
winnow	0.5.40	sentinel-fs	0.1.0	sentinel-microvm	0.1.0	normal:all	true		true
winnow	0.5.40	sentinel-fs	0.1.0	sentinel-sandbox	0.1.0	normal:all	true		true
winnow	0.5.40	sentinel-physics	0.1.0	sentinel-ecs	0.1.0	normal:all	true		true
winnow	0.5.40	sentinel-physics	0.1.0	sentinel-projection	0.1.0	normal:all	true		true
winnow	0.5.40	sentinel-projection	0.1.0	sentinel-daemon	0.1.0	normal:all	true	A	true
winnow	0.5.40	sentinel-projection	0.1.0	sentinel-dashboard-backend	0.1.0	normal:all	true	A	true
winnow	0.5.40	sentinel-projection	0.1.0	sentinel-gaia-memory	0.1.0	dev:all	true		true
winnow	0.5.40	sentinel-projection	0.1.0	sentinel-projection-service	0.1.0	normal:all	true	A	true
winnow	0.5.40	sentinel-runtime	0.1.0	sentinel-daemon	0.1.0	normal:all	true	A	true
winnow	0.5.40	sentinel-sandbox	0.1.0	sentinel-daemon	0.1.0	normal:all	true	A	true
winnow	0.5.40	sentinel-zenoh	0.1.0	sentinel-daemon	0.1.0	normal:all	true	A	true
winnow	0.5.40	sentinel-zenoh	0.1.0	sentinel-sandbox	0.1.0	normal:all	true		true
winnow	0.5.40	stabby	72.1.4	zenoh-plugin-trait	1.7.2	normal:all	false		true
winnow	0.5.40	stabby-abi	72.1.4	stabby	72.1.4	normal:all	false		true
winnow	0.5.40	stabby-macros	72.1.4	stabby-abi	72.1.4	normal:all	false		true
winnow	0.5.40	toml_edit	0.20.2	proc-macro-crate	2.0.2	normal:all	false		true
winnow	0.5.40	winnow	0.5.40	toml_edit	0.20.2	normal:all	false		true
winnow	0.5.40	zenoh	1.7.2	sentinel-zenoh	0.1.0	normal:all	true		true
winnow	0.5.40	zenoh-plugin-trait	1.7.2	zenoh	1.7.2	normal:all	false		true
winnow	0.7.14	bevy_ecs	0.18.1	sentinel-common	0.1.0	normal:all	true		true
winnow	0.7.14	bevy_ecs	0.18.1	sentinel-daemon	0.1.0	normal:all	true	A	true
winnow	0.7.14	bevy_ecs	0.18.1	sentinel-ecs	0.1.0	normal:all	true		true
winnow	0.7.14	bevy_ecs	0.18.1	sentinel-runtime	0.1.0	normal:all	true		true
winnow	0.7.14	bevy_ecs_macros	0.18.0	bevy_ecs	0.18.1	normal:all	false		true
winnow	0.7.14	bevy_macro_utils	0.18.0	bevy_ecs_macros	0.18.0	normal:all	false		true
winnow	0.7.14	bevy_macro_utils	0.18.0	bevy_reflect_derive	0.18.0	normal:all	false		true
winnow	0.7.14	bevy_reflect	0.18.0	bevy_ecs	0.18.1	normal:all	false		true
winnow	0.7.14	bevy_reflect_derive	0.18.0	bevy_reflect	0.18.0	normal:all	false		true
winnow	0.7.14	sentinel-bio	0.1.0	sentinel-ecs	0.1.0	normal:all	true		true
winnow	0.7.14	sentinel-cluster-control	0.1.0	sentinel-daemon	0.1.0	normal:all	true	A	true
winnow	0.7.14	sentinel-common	0.1.0	sentinel-bio	0.1.0	normal:all	true		true
winnow	0.7.14	sentinel-common	0.1.0	sentinel-cluster-control	0.1.0	normal:all	true		true
winnow	0.7.14	sentinel-common	0.1.0	sentinel-daemon	0.1.0	normal:all	true	A	true
winnow	0.7.14	sentinel-common	0.1.0	sentinel-dashboard-backend	0.1.0	normal:all	true	A	true
winnow	0.7.14	sentinel-common	0.1.0	sentinel-ebpf	0.1.0	normal:all	true		true
winnow	0.7.14	sentinel-common	0.1.0	sentinel-ecs	0.1.0	dev:all;normal:all	true		true
winnow	0.7.14	sentinel-common	0.1.0	sentinel-fs	0.1.0	normal:all	true		true
winnow	0.7.14	sentinel-common	0.1.0	sentinel-gaia	0.1.0	normal:all	true	B	true
winnow	0.7.14	sentinel-common	0.1.0	sentinel-gaia-loop	0.1.0	normal:all	true	A	true
winnow	0.7.14	sentinel-common	0.1.0	sentinel-hippocampus	0.1.0	normal:all	true		true
winnow	0.7.14	sentinel-common	0.1.0	sentinel-limbo	0.1.0	normal:all	true		true
winnow	0.7.14	sentinel-common	0.1.0	sentinel-microvm	0.1.0	dev:all;normal:all	true		true
winnow	0.7.14	sentinel-common	0.1.0	sentinel-nightrun	0.1.0	normal:all	true	C	true
winnow	0.7.14	sentinel-common	0.1.0	sentinel-physics	0.1.0	normal:all	true		true
winnow	0.7.14	sentinel-common	0.1.0	sentinel-projection	0.1.0	normal:all	true		true
winnow	0.7.14	sentinel-common	0.1.0	sentinel-projection-service	0.1.0	normal:all	true	A	true
winnow	0.7.14	sentinel-common	0.1.0	sentinel-redb	0.1.0	normal:all	true		true
winnow	0.7.14	sentinel-common	0.1.0	sentinel-runtime	0.1.0	dev:all;normal:all	true		true
winnow	0.7.14	sentinel-common	0.1.0	sentinel-sandbox	0.1.0	dev:all;normal:all	true		true
winnow	0.7.14	sentinel-common	0.1.0	sentinel-telemetry	0.1.0	normal:all	true		true
winnow	0.7.14	sentinel-common	0.1.0	sentinel-wasm	0.1.0	dev:all;normal:all	true		true
winnow	0.7.14	sentinel-common	0.1.0	sentinel-zenoh	0.1.0	dev:all;normal:all	true		true
winnow	0.7.14	sentinel-console-plane	0.1.0	sentinel-dashboard-backend	0.1.0	normal:all	true	A	true
winnow	0.7.14	sentinel-ebpf	0.1.0	sentinel-daemon	0.1.0	normal:all	true	A	true
winnow	0.7.14	sentinel-ecs	0.1.0	sentinel-daemon	0.1.0	normal:all	true	A	true
winnow	0.7.14	sentinel-ecs	0.1.0	sentinel-runtime	0.1.0	normal:all	true		true
winnow	0.7.14	sentinel-fs	0.1.0	sentinel-console-plane	0.1.0	normal:all	true		true
winnow	0.7.14	sentinel-fs	0.1.0	sentinel-daemon	0.1.0	normal:all	true	A	true
winnow	0.7.14	sentinel-fs	0.1.0	sentinel-microvm	0.1.0	normal:all	true		true
winnow	0.7.14	sentinel-fs	0.1.0	sentinel-sandbox	0.1.0	normal:all	true		true
winnow	0.7.14	sentinel-gaia	0.1.0	sentinel-dashboard-backend	0.1.0	normal:all	true	A	true
winnow	0.7.14	sentinel-gaia-loop	0.1.0	sentinel-dashboard-backend	0.1.0	normal:all	true	A	true
winnow	0.7.14	sentinel-hippocampus	0.1.0	sentinel-daemon	0.1.0	normal:all	true	A	true
winnow	0.7.14	sentinel-hippocampus	0.1.0	sentinel-gaia-memory	0.1.0	normal:all	true		true
winnow	0.7.14	sentinel-hippocampus	0.1.0	sentinel-nightrun	0.1.0	normal:all	true	C	true
winnow	0.7.14	sentinel-limbo	0.1.0	sentinel-daemon	0.1.0	normal:all	true	A	true
winnow	0.7.14	sentinel-limbo	0.1.0	sentinel-dashboard-backend	0.1.0	normal:all	true	A	true
winnow	0.7.14	sentinel-limbo	0.1.0	sentinel-ecs	0.1.0	normal:all	true		true
winnow	0.7.14	sentinel-limbo	0.1.0	sentinel-gaia-loop	0.1.0	normal:all	true	A	true
winnow	0.7.14	sentinel-limbo	0.1.0	sentinel-gaia-memory	0.1.0	dev:all	true		true
winnow	0.7.14	sentinel-limbo	0.1.0	sentinel-nightrun	0.1.0	normal:all	true	C	true
winnow	0.7.14	sentinel-limbo	0.1.0	sentinel-projection	0.1.0	normal:all	true		true
winnow	0.7.14	sentinel-limbo	0.1.0	sentinel-projection-service	0.1.0	normal:all	true	A	true
winnow	0.7.14	sentinel-limbo	0.1.0	sentinel-runtime	0.1.0	dev:all;normal:all	true		true
winnow	0.7.14	sentinel-physics	0.1.0	sentinel-ecs	0.1.0	normal:all	true		true
winnow	0.7.14	sentinel-physics	0.1.0	sentinel-projection	0.1.0	normal:all	true		true
winnow	0.7.14	sentinel-projection	0.1.0	sentinel-daemon	0.1.0	normal:all	true	A	true
winnow	0.7.14	sentinel-projection	0.1.0	sentinel-dashboard-backend	0.1.0	normal:all	true	A	true
winnow	0.7.14	sentinel-projection	0.1.0	sentinel-gaia-memory	0.1.0	dev:all	true		true
winnow	0.7.14	sentinel-projection	0.1.0	sentinel-projection-service	0.1.0	normal:all	true	A	true
winnow	0.7.14	sentinel-redb	0.1.0	sentinel-daemon	0.1.0	normal:all	true	A	true
winnow	0.7.14	sentinel-redb	0.1.0	sentinel-ecs	0.1.0	normal:all	true		true
winnow	0.7.14	sentinel-runtime	0.1.0	sentinel-daemon	0.1.0	normal:all	true	A	true
winnow	0.7.14	sentinel-sandbox	0.1.0	sentinel-daemon	0.1.0	normal:all	true	A	true
winnow	0.7.14	sentinel-telemetry	0.1.0	sentinel-daemon	0.1.0	normal:all	true	A	true
winnow	0.7.14	sentinel-telemetry	0.1.0	sentinel-ecs	0.1.0	dev:all	true		true
winnow	0.7.14	sentinel-telemetry	0.1.0	sentinel-fs	0.1.0	normal:all	true		true
winnow	0.7.14	sentinel-telemetry	0.1.0	sentinel-limbo	0.1.0	normal:all	true		true
winnow	0.7.14	sentinel-telemetry	0.1.0	sentinel-nightrun	0.1.0	normal:all	true	C	true
winnow	0.7.14	sentinel-telemetry	0.1.0	sentinel-projection	0.1.0	normal:all	true		true
winnow	0.7.14	sentinel-telemetry	0.1.0	sentinel-projection-service	0.1.0	normal:all	true	A	true
winnow	0.7.14	sentinel-telemetry	0.1.0	sentinel-redb	0.1.0	normal:all	true		true
winnow	0.7.14	sentinel-telemetry	0.1.0	sentinel-zenoh	0.1.0	normal:all	true		true
winnow	0.7.14	sentinel-wasm	0.1.0	sentinel-daemon	0.1.0	normal:all	true	A	true
winnow	0.7.14	sentinel-wasm	0.1.0	sentinel-ecs	0.1.0	normal:all	true		true
winnow	0.7.14	sentinel-zenoh	0.1.0	sentinel-daemon	0.1.0	normal:all	true	A	true
winnow	0.7.14	sentinel-zenoh	0.1.0	sentinel-sandbox	0.1.0	normal:all	true		true
winnow	0.7.14	toml	0.9.12+spec-1.1.0	wasmtime-internal-cache	45.0.3	normal:all	false		true
winnow	0.7.14	toml	1.0.6+spec-1.1.0	sentinel-common	0.1.0	normal:all	true		true
winnow	0.7.14	toml	1.0.6+spec-1.1.0	sentinel-daemon	0.1.0	normal:all	true	A	true
winnow	0.7.14	toml	1.0.6+spec-1.1.0	sentinel-dashboard-backend	0.1.0	normal:all	true	A	true
winnow	0.7.14	toml	1.0.6+spec-1.1.0	sentinel-ecs	0.1.0	dev:all	true		true
winnow	0.7.14	toml	1.0.6+spec-1.1.0	sentinel-gaia	0.1.0	normal:all	true	B	true
winnow	0.7.14	toml	1.0.6+spec-1.1.0	sentinel-nightrun	0.1.0	normal:all	true	C	true
winnow	0.7.14	toml_edit	0.23.10+spec-1.0.0	bevy_macro_utils	0.18.0	normal:all	false		true
winnow	0.7.14	toml_parser	1.0.9+spec-1.1.0	toml	0.9.12+spec-1.1.0	normal:all	false		true
winnow	0.7.14	toml_parser	1.0.9+spec-1.1.0	toml	1.0.6+spec-1.1.0	normal:all	false		true
winnow	0.7.14	toml_parser	1.0.9+spec-1.1.0	toml_edit	0.23.10+spec-1.0.0	normal:all	false		true
winnow	0.7.14	wasmtime	45.0.3	sentinel-wasm	0.1.0	normal:all	true		true
winnow	0.7.14	wasmtime	45.0.3	wasmtime-wasi	45.0.3	normal:all	false		true
winnow	0.7.14	wasmtime	45.0.3	wasmtime-wasi-io	45.0.3	normal:all	false		true
winnow	0.7.14	wasmtime	45.0.3	wiggle	45.0.3	normal:all	false		true
winnow	0.7.14	wasmtime-internal-cache	45.0.3	wasmtime	45.0.3	normal:all	false		true
winnow	0.7.14	wasmtime-wasi	45.0.3	sentinel-wasm	0.1.0	normal:all	true		true
winnow	0.7.14	wasmtime-wasi-io	45.0.3	wasmtime-wasi	45.0.3	normal:all	false		true
winnow	0.7.14	wiggle	45.0.3	wasmtime-wasi	45.0.3	normal:all	false		true
winnow	0.7.14	winnow	0.7.14	toml	0.9.12+spec-1.1.0	normal:all	false		true
winnow	0.7.14	winnow	0.7.14	toml	1.0.6+spec-1.1.0	normal:all	false		true
winnow	0.7.14	winnow	0.7.14	toml_edit	0.23.10+spec-1.0.0	normal:all	false		true
winnow	0.7.14	winnow	0.7.14	toml_parser	1.0.9+spec-1.1.0	normal:all	false		true
wit-parser	0.244.0	ahash	0.8.12	hashbrown	0.14.5	normal:all	false		true
wit-parser	0.244.0	ahash	0.8.12	zenoh	1.7.2	normal:all	false		true
wit-parser	0.244.0	ahash	0.8.12	zenoh-collections	1.7.2	normal:all	false		true
wit-parser	0.244.0	alloca	0.4.0	criterion	0.8.2	normal:cfg(any(windows, unix))	false		true
wit-parser	0.244.0	async-nats	0.47.0	sentinel-daemon	0.1.0	normal:all	true	A	true
wit-parser	0.244.0	async-nats	0.47.0	sentinel-dashboard-backend	0.1.0	normal:all	true	A	true
wit-parser	0.244.0	async-nats	0.47.0	sentinel-gaia-loop	0.1.0	normal:all	true	A	true
wit-parser	0.244.0	aws-lc-rs	1.17.0	rustls	0.23.37	normal:all	false		true
wit-parser	0.244.0	aws-lc-rs	1.17.0	rustls-webpki	0.103.13	normal:all	false		true
wit-parser	0.244.0	aws-lc-sys	0.41.0	aws-lc-rs	1.17.0	normal:all	false		true
wit-parser	0.244.0	axum-server	0.7.3	sentinel-dashboard-backend	0.1.0	normal:all	true	A	true
wit-parser	0.244.0	bevy_ecs	0.18.1	sentinel-common	0.1.0	normal:all	true		true
wit-parser	0.244.0	bevy_ecs	0.18.1	sentinel-daemon	0.1.0	normal:all	true	A	true
wit-parser	0.244.0	bevy_ecs	0.18.1	sentinel-ecs	0.1.0	normal:all	true		true
wit-parser	0.244.0	bevy_ecs	0.18.1	sentinel-runtime	0.1.0	normal:all	true		true
wit-parser	0.244.0	bevy_reflect	0.18.0	bevy_ecs	0.18.1	normal:all	false		true
wit-parser	0.244.0	bevy_reflect_derive	0.18.0	bevy_reflect	0.18.0	normal:all	false		true
wit-parser	0.244.0	blake3	1.8.3	sentinel-fs	0.1.0	normal:all	true		true
wit-parser	0.244.0	blake3	1.8.3	sentinel-gaia	0.1.0	normal:all	true	B	true
wit-parser	0.244.0	bolero	0.13.4	sentinel-bio	0.1.0	dev:all	true		true
wit-parser	0.244.0	bolero	0.13.4	sentinel-physics	0.1.0	dev:all	true		true
wit-parser	0.244.0	bolero-afl	0.13.0	bolero	0.13.4	normal:cfg(fuzzing_afl)	false		true
wit-parser	0.244.0	bolero-engine	0.13.4	bolero	0.13.4	normal:all;normal:cfg(fuzzing_random);normal:cfg(not(any(fuzzing, kani)))	false		true
wit-parser	0.244.0	bolero-engine	0.13.4	bolero-afl	0.13.0	normal:all	false		true
wit-parser	0.244.0	bolero-engine	0.13.4	bolero-honggfuzz	0.13.0	normal:all	false		true
wit-parser	0.244.0	bolero-engine	0.13.4	bolero-kani	0.13.0	normal:all	false		true
wit-parser	0.244.0	bolero-engine	0.13.4	bolero-libfuzzer	0.13.0	normal:all	false		true
wit-parser	0.244.0	bolero-generator	0.13.5	bolero	0.13.4	normal:all	false		true
wit-parser	0.244.0	bolero-generator	0.13.5	bolero-engine	0.13.4	normal:all	false		true
wit-parser	0.244.0	bolero-honggfuzz	0.13.0	bolero	0.13.4	normal:cfg(fuzzing_honggfuzz)	false		true
wit-parser	0.244.0	bolero-kani	0.13.0	bolero	0.13.4	normal:cfg(kani)	false		true
wit-parser	0.244.0	bolero-libfuzzer	0.13.0	bolero	0.13.4	normal:cfg(fuzzing_libfuzzer)	false		true
wit-parser	0.244.0	cap-time-ext	3.4.5	wasmtime-wasi	45.0.3	normal:all	false		true
wit-parser	0.244.0	cc	1.2.56	alloca	0.4.0	build:all	false		true
wit-parser	0.244.0	cc	1.2.56	aws-lc-sys	0.41.0	build:all	false		true
wit-parser	0.244.0	cc	1.2.56	blake3	1.8.3	build:all	false		true
wit-parser	0.244.0	cc	1.2.56	bolero-afl	0.13.0	build:all	false		true
wit-parser	0.244.0	cc	1.2.56	bolero-libfuzzer	0.13.0	build:all	false		true
wit-parser	0.244.0	cc	1.2.56	cmake	0.1.58	normal:all	false		true
wit-parser	0.244.0	cc	1.2.56	iana-time-zone-haiku	0.1.2	build:all	false		true
wit-parser	0.244.0	cc	1.2.56	ittapi-sys	0.4.0	build:all	false		true
wit-parser	0.244.0	cc	1.2.56	libsqlite3-sys	0.36.0	build:all	false		true
wit-parser	0.244.0	cc	1.2.56	ring	0.17.14	build:all	false		true
wit-parser	0.244.0	cc	1.2.56	sqlite-wasm-rs	0.5.2	build:all	false		true
wit-parser	0.244.0	cc	1.2.56	wasmtime	45.0.3	build:all	false		true
wit-parser	0.244.0	cc	1.2.56	wasmtime-internal-fiber	45.0.3	build:all	false		true
wit-parser	0.244.0	cc	1.2.56	wasmtime-internal-jit-debug	45.0.3	build:all	false		true
wit-parser	0.244.0	cc	1.2.56	zstd-sys	2.0.16+zstd.1.5.7	build:all	false		true
wit-parser	0.244.0	chrono	0.4.44	sentinel-daemon	0.1.0	normal:all	true	A	true
wit-parser	0.244.0	chrono	0.4.44	serde_with	3.17.0	normal:all	false		false
wit-parser	0.244.0	cmake	0.1.58	aws-lc-sys	0.41.0	build:all	false		true
wit-parser	0.244.0	criterion	0.8.2	sentinel-daemon	0.1.0	dev:all	true	A	true
wit-parser	0.244.0	criterion	0.8.2	sentinel-ecs	0.1.0	dev:all	true		true
wit-parser	0.244.0	criterion	0.8.2	sentinel-fs	0.1.0	dev:all	true		true
wit-parser	0.244.0	criterion	0.8.2	sentinel-gaia-memory	0.1.0	dev:all	true		true
wit-parser	0.244.0	criterion	0.8.2	sentinel-hippocampus	0.1.0	dev:all	true		true
wit-parser	0.244.0	criterion	0.8.2	sentinel-limbo	0.1.0	dev:all	true		true
wit-parser	0.244.0	criterion	0.8.2	sentinel-nightrun	0.1.0	dev:all	true	C	true
wit-parser	0.244.0	criterion	0.8.2	sentinel-projection	0.1.0	dev:all	true		true
wit-parser	0.244.0	criterion	0.8.2	sentinel-runtime	0.1.0	dev:all	true		true
wit-parser	0.244.0	criterion	0.8.2	sentinel-sandbox	0.1.0	dev:all	true		true
wit-parser	0.244.0	criterion	0.8.2	sentinel-wasm	0.1.0	dev:all	true		true
wit-parser	0.244.0	debugid	0.8.0	fxprof-processed-profile	0.8.1	normal:all	false		true
wit-parser	0.244.0	fastbloom	0.14.1	quinn-proto	0.11.15	normal:all	false		true
wit-parser	0.244.0	fxprof-processed-profile	0.8.1	wasmtime	45.0.3	normal:all	false		true
wit-parser	0.244.0	getrandom	0.3.4	ahash	0.8.12	normal:all	false		true
wit-parser	0.244.0	getrandom	0.3.4	bolero-generator	0.13.5	normal:all	false		true
wit-parser	0.244.0	getrandom	0.3.4	fastbloom	0.14.1	normal:all	false		true
wit-parser	0.244.0	getrandom	0.3.4	jobserver	0.1.34	normal:cfg(windows)	false		true
wit-parser	0.244.0	getrandom	0.3.4	quinn-proto	0.11.15	"normal:cfg(all(target_family = ""wasm"", target_os = ""unknown""))"	false		true
wit-parser	0.244.0	getrandom	0.3.4	rand_core	0.9.5	normal:all	false		true
wit-parser	0.244.0	getrandom	0.4.1	rand	0.10.1	normal:all	false		true
wit-parser	0.244.0	getrandom	0.4.1	tempfile	3.27.0	"normal:cfg(any(unix, windows, target_os = ""wasi""))"	false		true
wit-parser	0.244.0	getrandom	0.4.1	uuid	1.22.0	"normal:cfg(not(all(target_arch = ""wasm32"", any(target_os = ""unknown"", target_os = ""none""))))"	false		true
wit-parser	0.244.0	hashbrown	0.14.5	keyed-set	1.1.0	normal:all	false		true
wit-parser	0.244.0	hyper-rustls	0.27.7	reqwest	0.12.28	"normal:cfg(not(target_arch = ""wasm32""))"	false		true
wit-parser	0.244.0	iana-time-zone	0.1.65	cap-time-ext	3.4.5	normal:all	false		true
wit-parser	0.244.0	iana-time-zone	0.1.65	chrono	0.4.44	normal:cfg(unix)	false		true
wit-parser	0.244.0	iana-time-zone-haiku	0.1.2	iana-time-zone	0.1.65	"normal:cfg(target_os = ""haiku"")"	false		true
wit-parser	0.244.0	insta	1.46.3	sentinel-ecs	0.1.0	dev:all	true		true
wit-parser	0.244.0	insta	1.46.3	sentinel-physics	0.1.0	dev:all	true		true
wit-parser	0.244.0	ittapi	0.4.0	wasmtime	45.0.3	"normal:cfg(all(target_arch = ""x86_64"", target_os = ""linux""));normal:cfg(all(target_arch = ""x86_64"", target_os = ""macos""));normal:cfg(all(target_arch = ""x86_64"", target_os = ""windows""))"	false		true
wit-parser	0.244.0	ittapi-sys	0.4.0	ittapi	0.4.0	normal:all	false		true
wit-parser	0.244.0	jobserver	0.1.34	cc	1.2.56	normal:all	false		true
wit-parser	0.244.0	keyed-set	1.1.0	zenoh-keyexpr	1.7.2	normal:all	false		true
wit-parser	0.244.0	libsqlite3-sys	0.36.0	rusqlite	0.38.0	"normal:cfg(not(all(target_family = ""wasm"", target_os = ""unknown"")))"	false		true
wit-parser	0.244.0	quinn	0.11.9	reqwest	0.12.28	"normal:cfg(not(target_arch = ""wasm32""))"	false		false
wit-parser	0.244.0	quinn	0.11.9	sentinel-cluster-control	0.1.0	normal:all	true		true
wit-parser	0.244.0	quinn	0.11.9	wtransport	0.6.1	normal:all	false		true
wit-parser	0.244.0	quinn	0.11.9	zenoh-link-commons	1.7.2	normal:all	false		true
wit-parser	0.244.0	quinn	0.11.9	zenoh-link-quic	1.7.2	normal:all	false		true
wit-parser	0.244.0	quinn	0.11.9	zenoh-link-quic_datagram	1.7.2	normal:all	false		true
wit-parser	0.244.0	quinn-proto	0.11.15	quinn	0.11.9	normal:all	false		true
wit-parser	0.244.0	rand	0.10.1	wasmtime-wasi	45.0.3	normal:all	false		true
wit-parser	0.244.0	rand	0.9.4	bolero	0.13.4	normal:cfg(fuzzing_random);normal:cfg(not(any(fuzzing, kani)))	false		true
wit-parser	0.244.0	rand	0.9.4	bolero-engine	0.13.4	normal:all	false		true
wit-parser	0.244.0	rand	0.9.4	fastbloom	0.14.1	normal:all	false		true
wit-parser	0.244.0	rand	0.9.4	quinn-proto	0.11.15	normal:all	false		true
wit-parser	0.244.0	rand_chacha	0.9.0	rand	0.9.4	normal:all	false		true
wit-parser	0.244.0	rand_core	0.9.5	bolero-generator	0.13.5	normal:all	false		true
wit-parser	0.244.0	rand_core	0.9.5	rand	0.9.4	normal:all	false		true
wit-parser	0.244.0	rand_core	0.9.5	rand_chacha	0.9.0	normal:all	false		true
wit-parser	0.244.0	rand_core	0.9.5	rand_xoshiro	0.7.0	normal:all	false		true
wit-parser	0.244.0	rand_xoshiro	0.7.0	bolero-engine	0.13.4	normal:all	false		true
wit-parser	0.244.0	rand_xoshiro	0.7.0	bolero-generator	0.13.5	normal:all	false		true
wit-parser	0.244.0	rcgen	0.13.2	sentinel-cluster-control	0.1.0	normal:all	true		true
wit-parser	0.244.0	rcgen	0.13.2	sentinel-dashboard-backend	0.1.0	normal:all	true	A	true
wit-parser	0.244.0	rcgen	0.13.2	wtransport	0.6.1	normal:all	false		true
wit-parser	0.244.0	reqwest	0.12.28	sentinel-ctl	0.1.0	normal:all	true	B	true
wit-parser	0.244.0	reqwest	0.12.28	sentinel-daemon	0.1.0	normal:all	true	A	true
wit-parser	0.244.0	reqwest	0.12.28	sentinel-dashboard-backend	0.1.0	normal:all	true	A	true
wit-parser	0.244.0	ring	0.17.14	async-nats	0.47.0	normal:all	false		true
wit-parser	0.244.0	ring	0.17.14	quinn-proto	0.11.15	"normal:all;normal:cfg(all(target_family = ""wasm"", target_os = ""unknown""))"	false		true
wit-parser	0.244.0	ring	0.17.14	rcgen	0.13.2	normal:all	false		true
wit-parser	0.244.0	ring	0.17.14	rustls	0.23.37	normal:all	false		true
wit-parser	0.244.0	ring	0.17.14	rustls-webpki	0.103.13	normal:all	false		true
wit-parser	0.244.0	ring	0.17.14	tokio-websockets	0.10.1	normal:all	false		true
wit-parser	0.244.0	rusqlite	0.38.0	sentinel-dashboard-backend	0.1.0	normal:all	true	A	true
wit-parser	0.244.0	rusqlite	0.38.0	sentinel-gaia-memory	0.1.0	normal:all	true		true
wit-parser	0.244.0	rusqlite	0.38.0	sentinel-limbo	0.1.0	dev:all;normal:all	true		true
wit-parser	0.244.0	rusqlite	0.38.0	sentinel-nightrun	0.1.0	normal:all	true	C	true
wit-parser	0.244.0	rusqlite	0.38.0	sentinel-projection	0.1.0	normal:all	true		true
wit-parser	0.244.0	rustls	0.23.37	axum-server	0.7.3	normal:all	false		true
wit-parser	0.244.0	rustls	0.23.37	hyper-rustls	0.27.7	normal:all	false		true
wit-parser	0.244.0	rustls	0.23.37	quinn	0.11.9	normal:all	false		true
wit-parser	0.244.0	rustls	0.23.37	quinn-proto	0.11.15	normal:all	false		true
wit-parser	0.244.0	rustls	0.23.37	reqwest	0.12.28	"normal:cfg(not(target_arch = ""wasm32""))"	false		true
wit-parser	0.244.0	rustls	0.23.37	rustls-platform-verifier	0.6.2	normal:all	false		true
wit-parser	0.244.0	rustls	0.23.37	sentinel-cluster-control	0.1.0	normal:all	true		true
wit-parser	0.244.0	rustls	0.23.37	sentinel-dashboard-backend	0.1.0	normal:all	true	A	true
wit-parser	0.244.0	rustls	0.23.37	tokio-rustls	0.26.4	normal:all	false		true
wit-parser	0.244.0	rustls	0.23.37	wtransport	0.6.1	normal:all	false		true
wit-parser	0.244.0	rustls	0.23.37	zenoh-link-commons	1.7.2	normal:all	false		true
wit-parser	0.244.0	rustls	0.23.37	zenoh-link-quic	1.7.2	normal:all	false		true
wit-parser	0.244.0	rustls	0.23.37	zenoh-link-quic_datagram	1.7.2	normal:all	false		true
wit-parser	0.244.0	rustls	0.23.37	zenoh-link-tls	1.7.2	normal:all	false		true
wit-parser	0.244.0	rustls-platform-verifier	0.6.2	quinn-proto	0.11.15	normal:all	false		true
wit-parser	0.244.0	rustls-webpki	0.103.13	async-nats	0.47.0	normal:all	false		true
wit-parser	0.244.0	rustls-webpki	0.103.13	rustls	0.23.37	normal:all	false		true
wit-parser	0.244.0	rustls-webpki	0.103.13	rustls-platform-verifier	0.6.2	"normal:cfg(all(unix, not(target_os = ""android""), not(target_vendor = ""apple""), not(target_arch = ""wasm32"")));normal:cfg(target_arch = ""wasm32"");normal:cfg(target_os = ""android"")"	false		true
wit-parser	0.244.0	rustls-webpki	0.103.13	zenoh-link-commons	1.7.2	normal:all	false		true
wit-parser	0.244.0	rustls-webpki	0.103.13	zenoh-link-quic	1.7.2	normal:all	false		true
wit-parser	0.244.0	rustls-webpki	0.103.13	zenoh-link-quic_datagram	1.7.2	normal:all	false		true
wit-parser	0.244.0	rustls-webpki	0.103.13	zenoh-link-tls	1.7.2	normal:all	false		true
wit-parser	0.244.0	sentinel-bio	0.1.0	sentinel-ecs	0.1.0	normal:all	true		true
wit-parser	0.244.0	sentinel-cluster-control	0.1.0	sentinel-daemon	0.1.0	normal:all	true	A	true
wit-parser	0.244.0	sentinel-common	0.1.0	sentinel-bio	0.1.0	normal:all	true		true
wit-parser	0.244.0	sentinel-common	0.1.0	sentinel-cluster-control	0.1.0	normal:all	true		true
wit-parser	0.244.0	sentinel-common	0.1.0	sentinel-daemon	0.1.0	normal:all	true	A	true
wit-parser	0.244.0	sentinel-common	0.1.0	sentinel-dashboard-backend	0.1.0	normal:all	true	A	true
wit-parser	0.244.0	sentinel-common	0.1.0	sentinel-ebpf	0.1.0	normal:all	true		true
wit-parser	0.244.0	sentinel-common	0.1.0	sentinel-ecs	0.1.0	dev:all;normal:all	true		true
wit-parser	0.244.0	sentinel-common	0.1.0	sentinel-fs	0.1.0	normal:all	true		true
wit-parser	0.244.0	sentinel-common	0.1.0	sentinel-gaia	0.1.0	normal:all	true	B	true
wit-parser	0.244.0	sentinel-common	0.1.0	sentinel-gaia-loop	0.1.0	normal:all	true	A	true
wit-parser	0.244.0	sentinel-common	0.1.0	sentinel-hippocampus	0.1.0	normal:all	true		true
wit-parser	0.244.0	sentinel-common	0.1.0	sentinel-limbo	0.1.0	normal:all	true		true
wit-parser	0.244.0	sentinel-common	0.1.0	sentinel-microvm	0.1.0	dev:all;normal:all	true		true
wit-parser	0.244.0	sentinel-common	0.1.0	sentinel-nightrun	0.1.0	normal:all	true	C	true
wit-parser	0.244.0	sentinel-common	0.1.0	sentinel-physics	0.1.0	normal:all	true		true
wit-parser	0.244.0	sentinel-common	0.1.0	sentinel-projection	0.1.0	normal:all	true		true
wit-parser	0.244.0	sentinel-common	0.1.0	sentinel-projection-service	0.1.0	normal:all	true	A	true
wit-parser	0.244.0	sentinel-common	0.1.0	sentinel-redb	0.1.0	normal:all	true		true
wit-parser	0.244.0	sentinel-common	0.1.0	sentinel-runtime	0.1.0	dev:all;normal:all	true		true
wit-parser	0.244.0	sentinel-common	0.1.0	sentinel-sandbox	0.1.0	dev:all;normal:all	true		true
wit-parser	0.244.0	sentinel-common	0.1.0	sentinel-telemetry	0.1.0	normal:all	true		true
wit-parser	0.244.0	sentinel-common	0.1.0	sentinel-wasm	0.1.0	dev:all;normal:all	true		true
wit-parser	0.244.0	sentinel-common	0.1.0	sentinel-zenoh	0.1.0	dev:all;normal:all	true		true
wit-parser	0.244.0	sentinel-console-plane	0.1.0	sentinel-dashboard-backend	0.1.0	normal:all	true	A	true
wit-parser	0.244.0	sentinel-ebpf	0.1.0	sentinel-daemon	0.1.0	normal:all	true	A	true
wit-parser	0.244.0	sentinel-ecs	0.1.0	sentinel-daemon	0.1.0	normal:all	true	A	true
wit-parser	0.244.0	sentinel-ecs	0.1.0	sentinel-runtime	0.1.0	normal:all	true		true
wit-parser	0.244.0	sentinel-fs	0.1.0	sentinel-console-plane	0.1.0	normal:all	true		true
wit-parser	0.244.0	sentinel-fs	0.1.0	sentinel-daemon	0.1.0	normal:all	true	A	true
wit-parser	0.244.0	sentinel-fs	0.1.0	sentinel-microvm	0.1.0	normal:all	true		true
wit-parser	0.244.0	sentinel-fs	0.1.0	sentinel-sandbox	0.1.0	normal:all	true		true
wit-parser	0.244.0	sentinel-gaia	0.1.0	sentinel-dashboard-backend	0.1.0	normal:all	true	A	true
wit-parser	0.244.0	sentinel-gaia-loop	0.1.0	sentinel-dashboard-backend	0.1.0	normal:all	true	A	true
wit-parser	0.244.0	sentinel-hippocampus	0.1.0	sentinel-daemon	0.1.0	normal:all	true	A	true
wit-parser	0.244.0	sentinel-hippocampus	0.1.0	sentinel-gaia-memory	0.1.0	normal:all	true		true
wit-parser	0.244.0	sentinel-hippocampus	0.1.0	sentinel-nightrun	0.1.0	normal:all	true	C	true
wit-parser	0.244.0	sentinel-limbo	0.1.0	sentinel-daemon	0.1.0	normal:all	true	A	true
wit-parser	0.244.0	sentinel-limbo	0.1.0	sentinel-dashboard-backend	0.1.0	normal:all	true	A	true
wit-parser	0.244.0	sentinel-limbo	0.1.0	sentinel-ecs	0.1.0	normal:all	true		true
wit-parser	0.244.0	sentinel-limbo	0.1.0	sentinel-gaia-loop	0.1.0	normal:all	true	A	true
wit-parser	0.244.0	sentinel-limbo	0.1.0	sentinel-gaia-memory	0.1.0	dev:all	true		true
wit-parser	0.244.0	sentinel-limbo	0.1.0	sentinel-nightrun	0.1.0	normal:all	true	C	true
wit-parser	0.244.0	sentinel-limbo	0.1.0	sentinel-projection	0.1.0	normal:all	true		true
wit-parser	0.244.0	sentinel-limbo	0.1.0	sentinel-projection-service	0.1.0	normal:all	true	A	true
wit-parser	0.244.0	sentinel-limbo	0.1.0	sentinel-runtime	0.1.0	dev:all;normal:all	true		true
wit-parser	0.244.0	sentinel-physics	0.1.0	sentinel-ecs	0.1.0	normal:all	true		true
wit-parser	0.244.0	sentinel-physics	0.1.0	sentinel-projection	0.1.0	normal:all	true		true
wit-parser	0.244.0	sentinel-projection	0.1.0	sentinel-daemon	0.1.0	normal:all	true	A	true
wit-parser	0.244.0	sentinel-projection	0.1.0	sentinel-dashboard-backend	0.1.0	normal:all	true	A	true
wit-parser	0.244.0	sentinel-projection	0.1.0	sentinel-gaia-memory	0.1.0	dev:all	true		true
wit-parser	0.244.0	sentinel-projection	0.1.0	sentinel-projection-service	0.1.0	normal:all	true	A	true
wit-parser	0.244.0	sentinel-redb	0.1.0	sentinel-daemon	0.1.0	normal:all	true	A	true
wit-parser	0.244.0	sentinel-redb	0.1.0	sentinel-ecs	0.1.0	normal:all	true		true
wit-parser	0.244.0	sentinel-runtime	0.1.0	sentinel-daemon	0.1.0	normal:all	true	A	true
wit-parser	0.244.0	sentinel-sandbox	0.1.0	sentinel-daemon	0.1.0	normal:all	true	A	true
wit-parser	0.244.0	sentinel-telemetry	0.1.0	sentinel-daemon	0.1.0	normal:all	true	A	true
wit-parser	0.244.0	sentinel-telemetry	0.1.0	sentinel-ecs	0.1.0	dev:all	true		true
wit-parser	0.244.0	sentinel-telemetry	0.1.0	sentinel-fs	0.1.0	normal:all	true		true
wit-parser	0.244.0	sentinel-telemetry	0.1.0	sentinel-limbo	0.1.0	normal:all	true		true
wit-parser	0.244.0	sentinel-telemetry	0.1.0	sentinel-nightrun	0.1.0	normal:all	true	C	true
wit-parser	0.244.0	sentinel-telemetry	0.1.0	sentinel-projection	0.1.0	normal:all	true		true
wit-parser	0.244.0	sentinel-telemetry	0.1.0	sentinel-projection-service	0.1.0	normal:all	true	A	true
wit-parser	0.244.0	sentinel-telemetry	0.1.0	sentinel-redb	0.1.0	normal:all	true		true
wit-parser	0.244.0	sentinel-telemetry	0.1.0	sentinel-zenoh	0.1.0	normal:all	true		true
wit-parser	0.244.0	sentinel-wasm	0.1.0	sentinel-daemon	0.1.0	normal:all	true	A	true
wit-parser	0.244.0	sentinel-wasm	0.1.0	sentinel-ecs	0.1.0	normal:all	true		true
wit-parser	0.244.0	sentinel-zenoh	0.1.0	sentinel-daemon	0.1.0	normal:all	true	A	true
wit-parser	0.244.0	sentinel-zenoh	0.1.0	sentinel-sandbox	0.1.0	normal:all	true		true
wit-parser	0.244.0	serde_with	3.17.0	zenoh-config	1.7.2	normal:all	false		true
wit-parser	0.244.0	sqlite-wasm-rs	0.5.2	rusqlite	0.38.0	"normal:cfg(all(target_family = ""wasm"", target_os = ""unknown""))"	false		true
wit-parser	0.244.0	tempfile	3.27.0	insta	1.46.3	normal:all	false		true
wit-parser	0.244.0	tempfile	3.27.0	sentinel-cluster-control	0.1.0	dev:all	true		true
wit-parser	0.244.0	tempfile	3.27.0	sentinel-common	0.1.0	dev:all	true		true
wit-parser	0.244.0	tempfile	3.27.0	sentinel-daemon	0.1.0	dev:all	true	A	true
wit-parser	0.244.0	tempfile	3.27.0	sentinel-dashboard-backend	0.1.0	dev:all	true	A	true
wit-parser	0.244.0	tempfile	3.27.0	sentinel-ecs	0.1.0	dev:all	true		true
wit-parser	0.244.0	tempfile	3.27.0	sentinel-fs	0.1.0	dev:all	true		true
wit-parser	0.244.0	tempfile	3.27.0	sentinel-gaia	0.1.0	dev:all	true	B	true
wit-parser	0.244.0	tempfile	3.27.0	sentinel-gaia-loop	0.1.0	dev:all	true	A	true
wit-parser	0.244.0	tempfile	3.27.0	sentinel-gaia-memory	0.1.0	dev:all	true		true
wit-parser	0.244.0	tempfile	3.27.0	sentinel-hippocampus	0.1.0	dev:all	true		true
wit-parser	0.244.0	tempfile	3.27.0	sentinel-limbo	0.1.0	dev:all	true		true
wit-parser	0.244.0	tempfile	3.27.0	sentinel-microvm	0.1.0	dev:all	true		true
wit-parser	0.244.0	tempfile	3.27.0	sentinel-nightrun	0.1.0	dev:all	true	C	true
wit-parser	0.244.0	tempfile	3.27.0	sentinel-projection	0.1.0	dev:all	true		true
wit-parser	0.244.0	tempfile	3.27.0	sentinel-redb	0.1.0	dev:all	true		true
wit-parser	0.244.0	tempfile	3.27.0	sentinel-runtime	0.1.0	dev:all	true		true
wit-parser	0.244.0	tempfile	3.27.0	sentinel-sandbox	0.1.0	dev:all	true		true
wit-parser	0.244.0	tempfile	3.27.0	sentinel-wasm	0.1.0	dev:all	true		true
wit-parser	0.244.0	tempfile	3.27.0	wasmtime	45.0.3	normal:all	false		true
wit-parser	0.244.0	tls-listener	0.11.2	zenoh-link-tls	1.7.2	normal:all	false		true
wit-parser	0.244.0	tokio-rustls	0.26.4	async-nats	0.47.0	normal:all	false		true
wit-parser	0.244.0	tokio-rustls	0.26.4	axum-server	0.7.3	normal:all	false		true
wit-parser	0.244.0	tokio-rustls	0.26.4	hyper-rustls	0.27.7	normal:all	false		true
wit-parser	0.244.0	tokio-rustls	0.26.4	reqwest	0.12.28	"normal:cfg(not(target_arch = ""wasm32""))"	false		true
wit-parser	0.244.0	tokio-rustls	0.26.4	tls-listener	0.11.2	normal:all	false		true
wit-parser	0.244.0	tokio-rustls	0.26.4	tokio-websockets	0.10.1	normal:all	false		true
wit-parser	0.244.0	tokio-rustls	0.26.4	zenoh-link-tls	1.7.2	normal:all	false		true
wit-parser	0.244.0	tokio-websockets	0.10.1	async-nats	0.47.0	normal:all	false		true
wit-parser	0.244.0	uuid	1.22.0	bevy_reflect	0.18.0	normal:all	false		false
wit-parser	0.244.0	uuid	1.22.0	bevy_reflect_derive	0.18.0	"normal:cfg(target_arch = ""wasm32"")"	false		true
wit-parser	0.244.0	uuid	1.22.0	debugid	0.8.0	normal:all	false		true
wit-parser	0.244.0	uuid	1.22.0	sentinel-cluster-control	0.1.0	normal:all	true		true
wit-parser	0.244.0	uuid	1.22.0	sentinel-common	0.1.0	normal:all	true		true
wit-parser	0.244.0	uuid	1.22.0	sentinel-daemon	0.1.0	normal:all	true	A	true
wit-parser	0.244.0	uuid	1.22.0	sentinel-dashboard-backend	0.1.0	normal:all	true	A	true
wit-parser	0.244.0	uuid	1.22.0	sentinel-ecs	0.1.0	normal:all	true		true
wit-parser	0.244.0	uuid	1.22.0	sentinel-fs	0.1.0	normal:all	true		true
wit-parser	0.244.0	uuid	1.22.0	sentinel-gaia-loop	0.1.0	normal:all	true	A	true
wit-parser	0.244.0	uuid	1.22.0	sentinel-gaia-memory	0.1.0	normal:all	true		true
wit-parser	0.244.0	uuid	1.22.0	sentinel-limbo	0.1.0	normal:all	true		true
wit-parser	0.244.0	uuid	1.22.0	sentinel-nightrun	0.1.0	normal:all	true	C	true
wit-parser	0.244.0	uuid	1.22.0	sentinel-projection	0.1.0	normal:all	true		true
wit-parser	0.244.0	uuid	1.22.0	sentinel-redb	0.1.0	dev:all	true		true
wit-parser	0.244.0	uuid	1.22.0	sentinel-runtime	0.1.0	normal:all	true		true
wit-parser	0.244.0	uuid	1.22.0	sentinel-telemetry	0.1.0	normal:all	true		true
wit-parser	0.244.0	uuid	1.22.0	sentinel-zenoh	0.1.0	dev:all;normal:all	true		true
wit-parser	0.244.0	uuid	1.22.0	zenoh-link-unixsock_stream	1.7.2	normal:all	false		true
wit-parser	0.244.0	wasip2	1.0.2+wasi-0.2.9	getrandom	0.3.4	"normal:cfg(all(target_arch = ""wasm32"", target_os = ""wasi"", target_env = ""p2""))"	false		true
wit-parser	0.244.0	wasip2	1.0.2+wasi-0.2.9	getrandom	0.4.1	"normal:cfg(all(target_arch = ""wasm32"", target_os = ""wasi"", target_env = ""p2""))"	false		true
wit-parser	0.244.0	wasip3	0.4.0+wasi-0.3.0-rc-2026-01-06	getrandom	0.4.1	"normal:cfg(all(target_arch = ""wasm32"", target_os = ""wasi"", target_env = ""p3""))"	false		true
wit-parser	0.244.0	wasmtime	45.0.3	sentinel-wasm	0.1.0	normal:all	true		true
wit-parser	0.244.0	wasmtime	45.0.3	wasmtime-wasi	45.0.3	normal:all	false		true
wit-parser	0.244.0	wasmtime	45.0.3	wasmtime-wasi-io	45.0.3	normal:all	false		true
wit-parser	0.244.0	wasmtime	45.0.3	wiggle	45.0.3	normal:all	false		true
wit-parser	0.244.0	wasmtime-internal-cache	45.0.3	wasmtime	45.0.3	normal:all	false		true
wit-parser	0.244.0	wasmtime-internal-fiber	45.0.3	wasmtime	45.0.3	normal:all	false		true
wit-parser	0.244.0	wasmtime-internal-jit-debug	45.0.3	wasmtime	45.0.3	normal:all	false		true
wit-parser	0.244.0	wasmtime-wasi	45.0.3	sentinel-wasm	0.1.0	normal:all	true		true
wit-parser	0.244.0	wasmtime-wasi-io	45.0.3	wasmtime-wasi	45.0.3	normal:all	false		true
wit-parser	0.244.0	wiggle	45.0.3	wasmtime-wasi	45.0.3	normal:all	false		true
wit-parser	0.244.0	wit-bindgen	0.51.0	wasip2	1.0.2+wasi-0.2.9	normal:all	false		true
wit-parser	0.244.0	wit-bindgen	0.51.0	wasip3	0.4.0+wasi-0.3.0-rc-2026-01-06	normal:all	false		true
wit-parser	0.244.0	wit-bindgen-core	0.51.0	wit-bindgen-rust	0.51.0	normal:all	false		false
wit-parser	0.244.0	wit-bindgen-core	0.51.0	wit-bindgen-rust-macro	0.51.0	normal:all	false		false
wit-parser	0.244.0	wit-bindgen-rust	0.51.0	wit-bindgen-rust-macro	0.51.0	normal:all	false		false
wit-parser	0.244.0	wit-bindgen-rust-macro	0.51.0	wit-bindgen	0.51.0	normal:all	false		false
wit-parser	0.244.0	wit-component	0.244.0	wit-bindgen-rust	0.51.0	normal:all	false		false
wit-parser	0.244.0	wit-parser	0.244.0	wit-bindgen-core	0.51.0	normal:all	false		false
wit-parser	0.244.0	wit-parser	0.244.0	wit-component	0.244.0	normal:all	false		false
wit-parser	0.244.0	wtransport	0.6.1	sentinel-dashboard-backend	0.1.0	normal:all	true	A	true
wit-parser	0.244.0	zenoh	1.7.2	sentinel-zenoh	0.1.0	normal:all	true		true
wit-parser	0.244.0	zenoh-buffers	1.7.2	zenoh	1.7.2	normal:all	false		true
wit-parser	0.244.0	zenoh-buffers	1.7.2	zenoh-codec	1.7.2	normal:all	false		true
wit-parser	0.244.0	zenoh-buffers	1.7.2	zenoh-link-commons	1.7.2	normal:all	false		true
wit-parser	0.244.0	zenoh-buffers	1.7.2	zenoh-link-udp	1.7.2	normal:all	false		true
wit-parser	0.244.0	zenoh-buffers	1.7.2	zenoh-protocol	1.7.2	normal:all	false		true
wit-parser	0.244.0	zenoh-buffers	1.7.2	zenoh-sync	1.7.2	normal:all	false		true
wit-parser	0.244.0	zenoh-buffers	1.7.2	zenoh-transport	1.7.2	normal:all	false		true
wit-parser	0.244.0	zenoh-codec	1.7.2	zenoh	1.7.2	normal:all	false		true
wit-parser	0.244.0	zenoh-codec	1.7.2	zenoh-link-commons	1.7.2	normal:all	false		true
wit-parser	0.244.0	zenoh-codec	1.7.2	zenoh-transport	1.7.2	normal:all	false		true
wit-parser	0.244.0	zenoh-collections	1.7.2	zenoh	1.7.2	normal:all	false		true
wit-parser	0.244.0	zenoh-collections	1.7.2	zenoh-buffers	1.7.2	normal:all	false		true
wit-parser	0.244.0	zenoh-collections	1.7.2	zenoh-sync	1.7.2	normal:all	false		true
wit-parser	0.244.0	zenoh-config	1.7.2	zenoh	1.7.2	normal:all	false		true
wit-parser	0.244.0	zenoh-config	1.7.2	zenoh-link	1.7.2	normal:all	false		true
wit-parser	0.244.0	zenoh-config	1.7.2	zenoh-link-commons	1.7.2	normal:all	false		true
wit-parser	0.244.0	zenoh-config	1.7.2	zenoh-link-quic	1.7.2	normal:all	false		true
wit-parser	0.244.0	zenoh-config	1.7.2	zenoh-link-tcp	1.7.2	normal:all	false		true
wit-parser	0.244.0	zenoh-config	1.7.2	zenoh-link-tls	1.7.2	normal:all	false		true
wit-parser	0.244.0	zenoh-config	1.7.2	zenoh-plugin-trait	1.7.2	normal:all	false		true
wit-parser	0.244.0	zenoh-config	1.7.2	zenoh-transport	1.7.2	normal:all	false		true
wit-parser	0.244.0	zenoh-core	1.7.2	zenoh	1.7.2	normal:all	false		true
wit-parser	0.244.0	zenoh-core	1.7.2	zenoh-config	1.7.2	normal:all	false		true
wit-parser	0.244.0	zenoh-core	1.7.2	zenoh-link-commons	1.7.2	normal:all	false		true
wit-parser	0.244.0	zenoh-core	1.7.2	zenoh-link-quic	1.7.2	normal:all	false		true
wit-parser	0.244.0	zenoh-core	1.7.2	zenoh-link-quic_datagram	1.7.2	normal:all	false		true
wit-parser	0.244.0	zenoh-core	1.7.2	zenoh-link-tcp	1.7.2	normal:all	false		true
wit-parser	0.244.0	zenoh-core	1.7.2	zenoh-link-tls	1.7.2	normal:all	false		true
wit-parser	0.244.0	zenoh-core	1.7.2	zenoh-link-udp	1.7.2	normal:all	false		true
wit-parser	0.244.0	zenoh-core	1.7.2	zenoh-link-unixsock_stream	1.7.2	normal:all	false		true
wit-parser	0.244.0	zenoh-core	1.7.2	zenoh-link-ws	1.7.2	normal:all	false		true
wit-parser	0.244.0	zenoh-core	1.7.2	zenoh-sync	1.7.2	normal:all	false		true
wit-parser	0.244.0	zenoh-core	1.7.2	zenoh-task	1.7.2	normal:all	false		true
wit-parser	0.244.0	zenoh-core	1.7.2	zenoh-transport	1.7.2	normal:all	false		true
wit-parser	0.244.0	zenoh-core	1.7.2	zenoh-util	1.7.2	normal:all	false		true
wit-parser	0.244.0	zenoh-keyexpr	1.7.2	zenoh	1.7.2	normal:all	false		true
wit-parser	0.244.0	zenoh-keyexpr	1.7.2	zenoh-config	1.7.2	normal:all	false		true
wit-parser	0.244.0	zenoh-keyexpr	1.7.2	zenoh-macros	1.7.2	normal:all	false		true
wit-parser	0.244.0	zenoh-keyexpr	1.7.2	zenoh-plugin-trait	1.7.2	normal:all	false		true
wit-parser	0.244.0	zenoh-keyexpr	1.7.2	zenoh-protocol	1.7.2	normal:all	false		true
wit-parser	0.244.0	zenoh-link	1.7.2	zenoh	1.7.2	normal:all	false		true
wit-parser	0.244.0	zenoh-link	1.7.2	zenoh-transport	1.7.2	normal:all	false		true
wit-parser	0.244.0	zenoh-link-commons	1.7.2	zenoh	1.7.2	normal:all	false		true
wit-parser	0.244.0	zenoh-link-commons	1.7.2	zenoh-link	1.7.2	normal:all	false		true
wit-parser	0.244.0	zenoh-link-commons	1.7.2	zenoh-link-quic	1.7.2	normal:all	false		true
wit-parser	0.244.0	zenoh-link-commons	1.7.2	zenoh-link-quic_datagram	1.7.2	normal:all	false		true
wit-parser	0.244.0	zenoh-link-commons	1.7.2	zenoh-link-tcp	1.7.2	normal:all	false		true
wit-parser	0.244.0	zenoh-link-commons	1.7.2	zenoh-link-tls	1.7.2	normal:all	false		true
wit-parser	0.244.0	zenoh-link-commons	1.7.2	zenoh-link-udp	1.7.2	normal:all	false		true
wit-parser	0.244.0	zenoh-link-commons	1.7.2	zenoh-link-unixsock_stream	1.7.2	normal:all	false		true
wit-parser	0.244.0	zenoh-link-commons	1.7.2	zenoh-link-ws	1.7.2	normal:all	false		true
wit-parser	0.244.0	zenoh-link-commons	1.7.2	zenoh-transport	1.7.2	normal:all	false		true
wit-parser	0.244.0	zenoh-link-quic	1.7.2	zenoh-link	1.7.2	normal:all	false		true
wit-parser	0.244.0	zenoh-link-quic_datagram	1.7.2	zenoh-link	1.7.2	normal:all	false		true
wit-parser	0.244.0	zenoh-link-tcp	1.7.2	zenoh-link	1.7.2	normal:all	false		true
wit-parser	0.244.0	zenoh-link-tls	1.7.2	zenoh-link	1.7.2	normal:all	false		true
wit-parser	0.244.0	zenoh-link-udp	1.7.2	zenoh-link	1.7.2	normal:all	false		true
wit-parser	0.244.0	zenoh-link-unixsock_stream	1.7.2	zenoh-link	1.7.2	normal:all	false		true
wit-parser	0.244.0	zenoh-link-ws	1.7.2	zenoh-link	1.7.2	normal:all	false		true
wit-parser	0.244.0	zenoh-macros	1.7.2	zenoh	1.7.2	normal:all	false		true
wit-parser	0.244.0	zenoh-macros	1.7.2	zenoh-config	1.7.2	normal:all	false		true
wit-parser	0.244.0	zenoh-macros	1.7.2	zenoh-plugin-trait	1.7.2	normal:all	false		true
wit-parser	0.244.0	zenoh-macros	1.7.2	zenoh-runtime	1.7.2	normal:all	false		true
wit-parser	0.244.0	zenoh-plugin-trait	1.7.2	zenoh	1.7.2	normal:all	false		true
wit-parser	0.244.0	zenoh-protocol	1.7.2	zenoh	1.7.2	normal:all	false		true
wit-parser	0.244.0	zenoh-protocol	1.7.2	zenoh-codec	1.7.2	normal:all	false		true
wit-parser	0.244.0	zenoh-protocol	1.7.2	zenoh-config	1.7.2	normal:all	false		true
wit-parser	0.244.0	zenoh-protocol	1.7.2	zenoh-link	1.7.2	normal:all	false		true
wit-parser	0.244.0	zenoh-protocol	1.7.2	zenoh-link-commons	1.7.2	normal:all	false		true
wit-parser	0.244.0	zenoh-protocol	1.7.2	zenoh-link-quic	1.7.2	normal:all	false		true
wit-parser	0.244.0	zenoh-protocol	1.7.2	zenoh-link-quic_datagram	1.7.2	normal:all	false		true
wit-parser	0.244.0	zenoh-protocol	1.7.2	zenoh-link-tcp	1.7.2	normal:all	false		true
wit-parser	0.244.0	zenoh-protocol	1.7.2	zenoh-link-tls	1.7.2	normal:all	false		true
wit-parser	0.244.0	zenoh-protocol	1.7.2	zenoh-link-udp	1.7.2	normal:all	false		true
wit-parser	0.244.0	zenoh-protocol	1.7.2	zenoh-link-unixsock_stream	1.7.2	normal:all	false		true
wit-parser	0.244.0	zenoh-protocol	1.7.2	zenoh-link-ws	1.7.2	normal:all	false		true
wit-parser	0.244.0	zenoh-protocol	1.7.2	zenoh-transport	1.7.2	normal:all	false		true
wit-parser	0.244.0	zenoh-runtime	1.7.2	zenoh	1.7.2	normal:all	false		true
wit-parser	0.244.0	zenoh-runtime	1.7.2	zenoh-core	1.7.2	normal:all	false		true
wit-parser	0.244.0	zenoh-runtime	1.7.2	zenoh-link-commons	1.7.2	normal:all	false		true
wit-parser	0.244.0	zenoh-runtime	1.7.2	zenoh-link-tls	1.7.2	normal:all	false		true
wit-parser	0.244.0	zenoh-runtime	1.7.2	zenoh-link-unixsock_stream	1.7.2	normal:all	false		true
wit-parser	0.244.0	zenoh-runtime	1.7.2	zenoh-link-ws	1.7.2	normal:all	false		true
wit-parser	0.244.0	zenoh-runtime	1.7.2	zenoh-task	1.7.2	normal:all	false		true
wit-parser	0.244.0	zenoh-runtime	1.7.2	zenoh-transport	1.7.2	normal:all	false		true
wit-parser	0.244.0	zenoh-sync	1.7.2	zenoh	1.7.2	normal:all	false		true
wit-parser	0.244.0	zenoh-sync	1.7.2	zenoh-link-udp	1.7.2	normal:all	false		true
wit-parser	0.244.0	zenoh-sync	1.7.2	zenoh-transport	1.7.2	normal:all	false		true
wit-parser	0.244.0	zenoh-task	1.7.2	zenoh	1.7.2	normal:all	false		true
wit-parser	0.244.0	zenoh-task	1.7.2	zenoh-transport	1.7.2	normal:all	false		true
wit-parser	0.244.0	zenoh-transport	1.7.2	zenoh	1.7.2	normal:all	false		true
wit-parser	0.244.0	zenoh-util	1.7.2	zenoh	1.7.2	normal:all	false		true
wit-parser	0.244.0	zenoh-util	1.7.2	zenoh-config	1.7.2	normal:all	false		true
wit-parser	0.244.0	zenoh-util	1.7.2	zenoh-link-commons	1.7.2	normal:all	false		true
wit-parser	0.244.0	zenoh-util	1.7.2	zenoh-link-quic	1.7.2	normal:all	false		true
wit-parser	0.244.0	zenoh-util	1.7.2	zenoh-link-quic_datagram	1.7.2	normal:all	false		true
wit-parser	0.244.0	zenoh-util	1.7.2	zenoh-link-udp	1.7.2	normal:all	false		true
wit-parser	0.244.0	zenoh-util	1.7.2	zenoh-link-ws	1.7.2	normal:all	false		true
wit-parser	0.244.0	zenoh-util	1.7.2	zenoh-plugin-trait	1.7.2	normal:all	false		true
wit-parser	0.244.0	zenoh-util	1.7.2	zenoh-transport	1.7.2	normal:all	false		true
wit-parser	0.244.0	zstd	0.13.3	sentinel-console-plane	0.1.0	normal:all	true		true
wit-parser	0.244.0	zstd	0.13.3	sentinel-dashboard-backend	0.1.0	normal:all	true	A	true
wit-parser	0.244.0	zstd	0.13.3	sentinel-fs	0.1.0	normal:all	true		true
wit-parser	0.244.0	zstd	0.13.3	wasmtime-internal-cache	45.0.3	normal:all	false		true
wit-parser	0.244.0	zstd-safe	7.2.4	zstd	0.13.3	normal:all	false		true
wit-parser	0.244.0	zstd-sys	2.0.16+zstd.1.5.7	zstd-safe	7.2.4	normal:all	false		true
wit-parser	0.248.0	sentinel-ecs	0.1.0	sentinel-daemon	0.1.0	normal:all	true	A	true
wit-parser	0.248.0	sentinel-ecs	0.1.0	sentinel-runtime	0.1.0	normal:all	true		true
wit-parser	0.248.0	sentinel-runtime	0.1.0	sentinel-daemon	0.1.0	normal:all	true	A	true
wit-parser	0.248.0	sentinel-wasm	0.1.0	sentinel-daemon	0.1.0	normal:all	true	A	true
wit-parser	0.248.0	sentinel-wasm	0.1.0	sentinel-ecs	0.1.0	normal:all	true		true
wit-parser	0.248.0	wasmtime	45.0.3	sentinel-wasm	0.1.0	normal:all	true		true
wit-parser	0.248.0	wasmtime	45.0.3	wasmtime-wasi	45.0.3	normal:all	false		true
wit-parser	0.248.0	wasmtime	45.0.3	wasmtime-wasi-io	45.0.3	normal:all	false		true
wit-parser	0.248.0	wasmtime	45.0.3	wiggle	45.0.3	normal:all	false		true
wit-parser	0.248.0	wasmtime-internal-component-macro	45.0.3	wasmtime	45.0.3	normal:all	false		true
wit-parser	0.248.0	wasmtime-internal-wit-bindgen	45.0.3	wasmtime-internal-component-macro	45.0.3	normal:all	false		true
wit-parser	0.248.0	wasmtime-wasi	45.0.3	sentinel-wasm	0.1.0	normal:all	true		true
wit-parser	0.248.0	wasmtime-wasi-io	45.0.3	wasmtime-wasi	45.0.3	normal:all	false		true
wit-parser	0.248.0	wiggle	45.0.3	wasmtime-wasi	45.0.3	normal:all	false		true
wit-parser	0.248.0	wit-parser	0.248.0	wasmtime-internal-component-macro	45.0.3	normal:all	false		true
wit-parser	0.248.0	wit-parser	0.248.0	wasmtime-internal-wit-bindgen	45.0.3	normal:all	false		true
x509-parser	0.17.0	wtransport	0.6.1	sentinel-dashboard-backend	0.1.0	normal:all	true	A	true
x509-parser	0.17.0	x509-parser	0.17.0	wtransport	0.6.1	normal:all	false		true
x509-parser	0.18.1	sentinel-sandbox	0.1.0	sentinel-daemon	0.1.0	normal:all	true	A	true
x509-parser	0.18.1	sentinel-zenoh	0.1.0	sentinel-daemon	0.1.0	normal:all	true	A	true
x509-parser	0.18.1	sentinel-zenoh	0.1.0	sentinel-sandbox	0.1.0	normal:all	true		true
x509-parser	0.18.1	x509-parser	0.18.1	zenoh-link-commons	1.7.2	normal:all	false		true
x509-parser	0.18.1	x509-parser	0.18.1	zenoh-link-tls	1.7.2	normal:all	false		true
x509-parser	0.18.1	zenoh	1.7.2	sentinel-zenoh	0.1.0	normal:all	true		true
x509-parser	0.18.1	zenoh-link	1.7.2	zenoh	1.7.2	normal:all	false		true
x509-parser	0.18.1	zenoh-link	1.7.2	zenoh-transport	1.7.2	normal:all	false		true
x509-parser	0.18.1	zenoh-link-commons	1.7.2	zenoh	1.7.2	normal:all	false		true
x509-parser	0.18.1	zenoh-link-commons	1.7.2	zenoh-link	1.7.2	normal:all	false		true
x509-parser	0.18.1	zenoh-link-commons	1.7.2	zenoh-link-quic	1.7.2	normal:all	false		true
x509-parser	0.18.1	zenoh-link-commons	1.7.2	zenoh-link-quic_datagram	1.7.2	normal:all	false		true
x509-parser	0.18.1	zenoh-link-commons	1.7.2	zenoh-link-tcp	1.7.2	normal:all	false		true
x509-parser	0.18.1	zenoh-link-commons	1.7.2	zenoh-link-tls	1.7.2	normal:all	false		true
x509-parser	0.18.1	zenoh-link-commons	1.7.2	zenoh-link-udp	1.7.2	normal:all	false		true
x509-parser	0.18.1	zenoh-link-commons	1.7.2	zenoh-link-unixsock_stream	1.7.2	normal:all	false		true
x509-parser	0.18.1	zenoh-link-commons	1.7.2	zenoh-link-ws	1.7.2	normal:all	false		true
x509-parser	0.18.1	zenoh-link-commons	1.7.2	zenoh-transport	1.7.2	normal:all	false		true
x509-parser	0.18.1	zenoh-link-quic	1.7.2	zenoh-link	1.7.2	normal:all	false		true
x509-parser	0.18.1	zenoh-link-quic_datagram	1.7.2	zenoh-link	1.7.2	normal:all	false		true
x509-parser	0.18.1	zenoh-link-tcp	1.7.2	zenoh-link	1.7.2	normal:all	false		true
x509-parser	0.18.1	zenoh-link-tls	1.7.2	zenoh-link	1.7.2	normal:all	false		true
x509-parser	0.18.1	zenoh-link-udp	1.7.2	zenoh-link	1.7.2	normal:all	false		true
x509-parser	0.18.1	zenoh-link-unixsock_stream	1.7.2	zenoh-link	1.7.2	normal:all	false		true
x509-parser	0.18.1	zenoh-link-ws	1.7.2	zenoh-link	1.7.2	normal:all	false		true
x509-parser	0.18.1	zenoh-transport	1.7.2	zenoh	1.7.2	normal:all	false		true
