parent_name	parent_version	child_name	child_version	edge_contexts	cargo_all_targets_active
addr2line	0.26.0	gimli	0.33.0	normal:all	true
aes	0.8.4	cfg-if	1.0.4	normal:all	true
aes	0.8.4	cipher	0.4.4	normal:all	true
aes	0.8.4	cpufeatures	0.2.17	"normal:cfg(any(target_arch = ""aarch64"", target_arch = ""x86_64"", target_arch = ""x86""))"	true
ahash	0.8.12	cfg-if	1.0.4	normal:all	true
ahash	0.8.12	getrandom	0.3.4	normal:all	true
ahash	0.8.12	once_cell	1.21.3	"normal:cfg(not(all(target_arch = ""arm"", target_os = ""none"")))"	true
ahash	0.8.12	version_check	0.9.5	build:all	true
ahash	0.8.12	zerocopy	0.8.40	normal:all	true
aho-corasick	1.1.4	memchr	2.8.0	normal:all	true
alloca	0.4.0	cc	1.2.56	build:all	true
android_system_properties	0.1.5	libc	0.2.186	normal:all	true
anstream	0.6.21	anstyle	1.0.13	normal:all	true
anstream	0.6.21	anstyle-parse	0.2.7	normal:all	true
anstream	0.6.21	anstyle-query	1.1.5	normal:all	true
anstream	0.6.21	anstyle-wincon	3.0.11	normal:cfg(windows)	true
anstream	0.6.21	colorchoice	1.0.4	normal:all	true
anstream	0.6.21	is_terminal_polyfill	1.70.2	normal:all	true
anstream	0.6.21	utf8parse	0.2.2	normal:all	true
anstyle-parse	0.2.7	utf8parse	0.2.2	normal:all	true
anstyle-query	1.1.5	windows-sys	0.61.2	normal:cfg(windows)	true
anstyle-wincon	3.0.11	anstyle	1.0.13	normal:all	true
anstyle-wincon	3.0.11	once_cell_polyfill	1.70.2	normal:cfg(windows)	true
anstyle-wincon	3.0.11	windows-sys	0.61.2	normal:cfg(windows)	true
approx	0.5.1	num-traits	0.2.19	normal:all	true
arc-swap	1.8.2	rustversion	1.0.22	normal:all	true
asn1-rs	0.7.1	asn1-rs-derive	0.6.0	normal:all	true
asn1-rs	0.7.1	asn1-rs-impl	0.2.0	normal:all	true
asn1-rs	0.7.1	displaydoc	0.2.5	normal:all	true
asn1-rs	0.7.1	nom	7.1.3	normal:all	true
asn1-rs	0.7.1	num-traits	0.2.19	normal:all	true
asn1-rs	0.7.1	rusticata-macros	4.1.0	normal:all	true
asn1-rs	0.7.1	thiserror	2.0.18	normal:all	true
asn1-rs	0.7.1	time	0.3.47	normal:all	true
asn1-rs-derive	0.6.0	proc-macro2	1.0.106	normal:all	true
asn1-rs-derive	0.6.0	quote	1.0.44	normal:all	true
asn1-rs-derive	0.6.0	syn	2.0.117	normal:all	true
asn1-rs-derive	0.6.0	synstructure	0.13.2	normal:all	true
asn1-rs-impl	0.2.0	proc-macro2	1.0.106	normal:all	true
asn1-rs-impl	0.2.0	quote	1.0.44	normal:all	true
asn1-rs-impl	0.2.0	syn	2.0.117	normal:all	true
assert_type_match	0.1.1	proc-macro2	1.0.106	normal:all	true
assert_type_match	0.1.1	quote	1.0.44	normal:all	true
assert_type_match	0.1.1	syn	2.0.117	normal:all	true
async-channel	2.5.0	concurrent-queue	2.5.0	normal:all	true
async-channel	2.5.0	event-listener-strategy	0.5.4	normal:all	true
async-channel	2.5.0	futures-core	0.3.32	normal:all	true
async-channel	2.5.0	pin-project-lite	0.2.16	normal:all	true
async-executor	1.14.0	async-task	4.7.1	normal:all	true
async-executor	1.14.0	concurrent-queue	2.5.0	normal:all	true
async-executor	1.14.0	fastrand	2.3.0	normal:all	true
async-executor	1.14.0	futures-lite	2.6.1	"normal:all;normal:cfg(target_family = ""wasm"")"	true
async-executor	1.14.0	pin-project-lite	0.2.16	normal:all	true
async-executor	1.14.0	slab	0.4.12	normal:all	true
async-nats	0.47.0	base64	0.22.1	normal:all	true
async-nats	0.47.0	bytes	1.11.1	normal:all	true
async-nats	0.47.0	futures-util	0.3.32	normal:all	true
async-nats	0.47.0	memchr	2.8.0	normal:all	true
async-nats	0.47.0	nkeys	0.4.5	normal:all	true
async-nats	0.47.0	nuid	0.5.0	normal:all	true
async-nats	0.47.0	pin-project	1.1.10	normal:all	true
async-nats	0.47.0	portable-atomic	1.13.1	normal:all	true
async-nats	0.47.0	rand	0.8.6	normal:all	true
async-nats	0.47.0	regex	1.12.3	normal:all	true
async-nats	0.47.0	ring	0.17.14	normal:all	true
async-nats	0.47.0	rustls-native-certs	0.8.3	normal:all	true
async-nats	0.47.0	rustls-pki-types	1.14.0	normal:all	true
async-nats	0.47.0	rustls-webpki	0.103.13	normal:all	true
async-nats	0.47.0	serde	1.0.228	normal:all	true
async-nats	0.47.0	serde_json	1.0.149	normal:all	true
async-nats	0.47.0	serde_nanos	0.1.4	normal:all	true
async-nats	0.47.0	serde_repr	0.1.20	normal:all	true
async-nats	0.47.0	thiserror	1.0.69	normal:all	true
async-nats	0.47.0	time	0.3.47	normal:all	true
async-nats	0.47.0	tokio	1.52.3	normal:all	true
async-nats	0.47.0	tokio-rustls	0.26.4	normal:all	true
async-nats	0.47.0	tokio-stream	0.1.18	normal:all	true
async-nats	0.47.0	tokio-util	0.7.18	normal:all	true
async-nats	0.47.0	tokio-websockets	0.10.1	normal:all	true
async-nats	0.47.0	tracing	0.1.44	normal:all	true
async-nats	0.47.0	tryhard	0.5.2	normal:all	true
async-nats	0.47.0	url	2.5.8	normal:all	true
async-task	4.7.1	portable-atomic	1.13.1	normal:all	true
async-trait	0.1.89	proc-macro2	1.0.106	normal:all	true
async-trait	0.1.89	quote	1.0.44	normal:all	true
async-trait	0.1.89	syn	2.0.117	normal:all	true
atomic-waker	1.1.2	portable-atomic	1.13.1	normal:all	true
aws-lc-rs	1.17.0	aws-lc-sys	0.41.0	normal:all	true
aws-lc-rs	1.17.0	zeroize	1.8.2	normal:all	true
aws-lc-sys	0.41.0	cc	1.2.56	build:all	true
aws-lc-sys	0.41.0	cmake	0.1.58	build:all	true
aws-lc-sys	0.41.0	dunce	1.0.5	build:all	true
aws-lc-sys	0.41.0	fs_extra	1.3.0	build:all	true
axum	0.8.9	axum-core	0.5.6	normal:all	true
axum	0.8.9	bytes	1.11.1	normal:all	true
axum	0.8.9	form_urlencoded	1.2.2	normal:all	true
axum	0.8.9	futures-util	0.3.32	normal:all	true
axum	0.8.9	http	1.4.0	normal:all	true
axum	0.8.9	http-body	1.0.1	normal:all	true
axum	0.8.9	http-body-util	0.1.3	normal:all	true
axum	0.8.9	hyper	1.8.1	normal:all	true
axum	0.8.9	hyper-util	0.1.20	normal:all	true
axum	0.8.9	itoa	1.0.17	normal:all	true
axum	0.8.9	matchit	0.8.4	normal:all	true
axum	0.8.9	memchr	2.8.0	normal:all	true
axum	0.8.9	mime	0.3.17	normal:all	true
axum	0.8.9	percent-encoding	2.3.2	normal:all	true
axum	0.8.9	pin-project-lite	0.2.16	normal:all	true
axum	0.8.9	serde_core	1.0.228	normal:all	true
axum	0.8.9	serde_json	1.0.149	normal:all	true
axum	0.8.9	serde_path_to_error	0.1.20	normal:all	true
axum	0.8.9	serde_urlencoded	0.7.1	normal:all	true
axum	0.8.9	sync_wrapper	1.0.2	normal:all	true
axum	0.8.9	tokio	1.52.3	normal:all	true
axum	0.8.9	tower	0.5.3	normal:all	true
axum	0.8.9	tower-layer	0.3.3	normal:all	true
axum	0.8.9	tower-service	0.3.3	normal:all	true
axum	0.8.9	tracing	0.1.44	normal:all	true
axum-core	0.5.6	bytes	1.11.1	normal:all	true
axum-core	0.5.6	futures-core	0.3.32	normal:all	true
axum-core	0.5.6	http	1.4.0	normal:all	true
axum-core	0.5.6	http-body	1.0.1	normal:all	true
axum-core	0.5.6	http-body-util	0.1.3	normal:all	true
axum-core	0.5.6	mime	0.3.17	normal:all	true
axum-core	0.5.6	pin-project-lite	0.2.16	normal:all	true
axum-core	0.5.6	sync_wrapper	1.0.2	normal:all	true
axum-core	0.5.6	tower-layer	0.3.3	normal:all	true
axum-core	0.5.6	tower-service	0.3.3	normal:all	true
axum-core	0.5.6	tracing	0.1.44	normal:all	true
axum-server	0.7.3	arc-swap	1.8.2	normal:all	true
axum-server	0.7.3	bytes	1.11.1	normal:all	true
axum-server	0.7.3	fs-err	3.3.0	normal:all	true
axum-server	0.7.3	http	1.4.0	normal:all	true
axum-server	0.7.3	http-body	1.0.1	normal:all	true
axum-server	0.7.3	hyper	1.8.1	normal:all	true
axum-server	0.7.3	hyper-util	0.1.20	normal:all	true
axum-server	0.7.3	pin-project-lite	0.2.16	normal:all	true
axum-server	0.7.3	rustls	0.23.37	normal:all	true
axum-server	0.7.3	rustls-pemfile	2.2.0	normal:all	true
axum-server	0.7.3	rustls-pki-types	1.14.0	normal:all	true
axum-server	0.7.3	tokio	1.52.3	normal:all	true
axum-server	0.7.3	tokio-rustls	0.26.4	normal:all	true
axum-server	0.7.3	tower-service	0.3.3	normal:all	true
aya	0.13.2	assert_matches	1.5.0	normal:all	true
aya	0.13.2	aya-obj	0.2.2	normal:all	true
aya	0.13.2	bitflags	2.11.0	normal:all	true
aya	0.13.2	bytes	1.11.1	normal:all	true
aya	0.13.2	hashbrown	0.16.1	normal:all	true
aya	0.13.2	libc	0.2.186	normal:all	true
aya	0.13.2	log	0.4.29	normal:all	true
aya	0.13.2	object	0.38.1	normal:all	true
aya	0.13.2	once_cell	1.21.3	normal:all	true
aya	0.13.2	thiserror	2.0.18	normal:all	true
aya-log	0.2.2	aya	0.13.2	normal:all	true
aya-log	0.2.2	aya-log-common	0.1.16	normal:all	true
aya-log	0.2.2	log	0.4.29	normal:all	true
aya-log	0.2.2	thiserror	2.0.18	normal:all	true
aya-log-common	0.1.16	num_enum	0.7.5	normal:all	true
aya-obj	0.2.2	bytes	1.11.1	normal:all	true
aya-obj	0.2.2	hashbrown	0.16.1	normal:all	true
aya-obj	0.2.2	log	0.4.29	normal:all	true
aya-obj	0.2.2	object	0.38.1	normal:all	true
aya-obj	0.2.2	thiserror	2.0.18	normal:all	true
bevy_ecs	0.18.1	arrayvec	0.7.6	normal:all	false
bevy_ecs	0.18.1	bevy_ecs_macros	0.18.0	normal:all	true
bevy_ecs	0.18.1	bevy_platform	0.18.0	normal:all	true
bevy_ecs	0.18.1	bevy_ptr	0.18.0	normal:all	true
bevy_ecs	0.18.1	bevy_reflect	0.18.0	normal:all	true
bevy_ecs	0.18.1	bevy_tasks	0.18.0	normal:all	true
bevy_ecs	0.18.1	bevy_utils	0.18.0	normal:all	true
bevy_ecs	0.18.1	bitflags	2.11.0	normal:all	true
bevy_ecs	0.18.1	bumpalo	3.20.2	normal:all	true
bevy_ecs	0.18.1	concurrent-queue	2.5.0	"normal:all;normal:cfg(not(all(target_has_atomic = ""8"", target_has_atomic = ""16"", target_has_atomic = ""32"", target_has_atomic = ""64"", target_has_atomic = ""ptr"")))"	true
bevy_ecs	0.18.1	derive_more	2.1.1	normal:all	true
bevy_ecs	0.18.1	fixedbitset	0.5.7	normal:all	true
bevy_ecs	0.18.1	indexmap	2.14.0	normal:all	true
bevy_ecs	0.18.1	log	0.4.29	normal:all	true
bevy_ecs	0.18.1	nonmax	0.5.5	normal:all	true
bevy_ecs	0.18.1	serde	1.0.228	normal:all	false
bevy_ecs	0.18.1	slotmap	1.1.1	normal:all	true
bevy_ecs	0.18.1	smallvec	1.15.1	normal:all	true
bevy_ecs	0.18.1	thiserror	2.0.18	normal:all	true
bevy_ecs	0.18.1	variadics_please	1.1.0	normal:all	true
bevy_ecs_macros	0.18.0	bevy_macro_utils	0.18.0	normal:all	true
bevy_ecs_macros	0.18.0	proc-macro2	1.0.106	normal:all	true
bevy_ecs_macros	0.18.0	quote	1.0.44	normal:all	true
bevy_ecs_macros	0.18.0	syn	2.0.117	normal:all	true
bevy_macro_utils	0.18.0	proc-macro2	1.0.106	normal:all	true
bevy_macro_utils	0.18.0	quote	1.0.44	normal:all	true
bevy_macro_utils	0.18.0	syn	2.0.117	normal:all	true
bevy_macro_utils	0.18.0	toml_edit	0.23.10+spec-1.0.0	normal:all	true
bevy_platform	0.18.0	critical-section	1.2.0	normal:all	false
bevy_platform	0.18.0	foldhash	0.2.0	normal:all	true
bevy_platform	0.18.0	futures-channel	0.3.32	"normal:cfg(target_arch = ""wasm32"")"	true
bevy_platform	0.18.0	hashbrown	0.16.1	normal:all	true
bevy_platform	0.18.0	js-sys	0.3.90	"normal:cfg(target_arch = ""wasm32"")"	false
bevy_platform	0.18.0	portable-atomic	1.13.1	"normal:cfg(not(all(target_has_atomic = ""8"", target_has_atomic = ""16"", target_has_atomic = ""32"", target_has_atomic = ""64"", target_has_atomic = ""ptr"")))"	true
bevy_platform	0.18.0	portable-atomic-util	0.2.5	"normal:cfg(not(target_has_atomic = ""ptr""))"	true
bevy_platform	0.18.0	serde	1.0.228	normal:all	true
bevy_platform	0.18.0	spin	0.10.1	"normal:all;normal:cfg(not(all(target_has_atomic = ""8"", target_has_atomic = ""16"", target_has_atomic = ""32"", target_has_atomic = ""64"", target_has_atomic = ""ptr"")))"	true
bevy_platform	0.18.0	wasm-bindgen	0.2.113	"normal:cfg(target_arch = ""wasm32"")"	false
bevy_platform	0.18.0	wasm-bindgen-futures	0.4.63	"normal:cfg(target_arch = ""wasm32"")"	false
bevy_reflect	0.18.0	assert_type_match	0.1.1	normal:all	true
bevy_reflect	0.18.0	bevy_platform	0.18.0	normal:all	true
bevy_reflect	0.18.0	bevy_ptr	0.18.0	normal:all	true
bevy_reflect	0.18.0	bevy_reflect_derive	0.18.0	normal:all	true
bevy_reflect	0.18.0	bevy_utils	0.18.0	normal:all	true
bevy_reflect	0.18.0	derive_more	2.1.1	normal:all	true
bevy_reflect	0.18.0	disqualified	1.0.0	normal:all	true
bevy_reflect	0.18.0	downcast-rs	2.0.2	normal:all	true
bevy_reflect	0.18.0	erased-serde	0.4.9	normal:all	true
bevy_reflect	0.18.0	foldhash	0.2.0	normal:all	true
bevy_reflect	0.18.0	glam	0.30.10	normal:all	false
bevy_reflect	0.18.0	indexmap	2.14.0	normal:all	true
bevy_reflect	0.18.0	serde	1.0.228	normal:all	true
bevy_reflect	0.18.0	smallvec	1.15.1	normal:all	true
bevy_reflect	0.18.0	smol_str	0.2.2	normal:all	false
bevy_reflect	0.18.0	thiserror	2.0.18	normal:all	true
bevy_reflect	0.18.0	uuid	1.22.0	normal:all	false
bevy_reflect	0.18.0	variadics_please	1.1.0	normal:all	true
bevy_reflect	0.18.0	wgpu-types	27.0.1	normal:all	false
bevy_reflect_derive	0.18.0	bevy_macro_utils	0.18.0	normal:all	true
bevy_reflect_derive	0.18.0	indexmap	2.14.0	normal:all	true
bevy_reflect_derive	0.18.0	proc-macro2	1.0.106	normal:all	true
bevy_reflect_derive	0.18.0	quote	1.0.44	normal:all	true
bevy_reflect_derive	0.18.0	syn	2.0.117	normal:all	true
bevy_reflect_derive	0.18.0	uuid	1.22.0	"normal:cfg(target_arch = ""wasm32"")"	true
bevy_tasks	0.18.0	async-channel	2.5.0	"normal:cfg(target_arch = ""wasm32"")"	true
bevy_tasks	0.18.0	async-executor	1.14.0	normal:all	true
bevy_tasks	0.18.0	async-task	4.7.1	"normal:all;normal:cfg(not(all(target_has_atomic = ""8"", target_has_atomic = ""16"", target_has_atomic = ""32"", target_has_atomic = ""64"", target_has_atomic = ""ptr"")))"	true
bevy_tasks	0.18.0	atomic-waker	1.1.2	"normal:all;normal:cfg(not(all(target_has_atomic = ""8"", target_has_atomic = ""16"", target_has_atomic = ""32"", target_has_atomic = ""64"", target_has_atomic = ""ptr"")))"	true
bevy_tasks	0.18.0	bevy_platform	0.18.0	normal:all	true
bevy_tasks	0.18.0	crossbeam-queue	0.3.12	normal:all	true
bevy_tasks	0.18.0	derive_more	2.1.1	normal:all	true
bevy_tasks	0.18.0	futures-lite	2.6.1	normal:all	true
bevy_tasks	0.18.0	heapless	0.9.2	"normal:cfg(not(all(target_has_atomic = ""8"", target_has_atomic = ""16"", target_has_atomic = ""32"", target_has_atomic = ""64"", target_has_atomic = ""ptr"")))"	true
bevy_tasks	0.18.0	pin-project	1.1.10	"normal:cfg(target_arch = ""wasm32"")"	true
bevy_utils	0.18.0	bevy_platform	0.18.0	normal:all	true
bevy_utils	0.18.0	disqualified	1.0.0	normal:all	true
bevy_utils	0.18.0	thread_local	1.1.9	normal:all	true
bincode	2.0.1	bincode_derive	2.0.1	normal:all	true
bincode	2.0.1	serde	1.0.228	normal:all	true
bincode	2.0.1	unty	0.0.4	normal:all	true
bincode_derive	2.0.1	virtue	0.0.18	normal:all	true
bitflags	2.11.0	serde_core	1.0.228	normal:all	true
blake3	1.8.3	arrayref	0.3.9	normal:all	true
blake3	1.8.3	arrayvec	0.7.6	normal:all	true
blake3	1.8.3	cc	1.2.56	build:all	true
blake3	1.8.3	cfg-if	1.0.4	normal:all	true
blake3	1.8.3	constant_time_eq	0.4.2	normal:all	true
blake3	1.8.3	cpufeatures	0.2.17	"normal:cfg(any(target_arch = ""x86"", target_arch = ""x86_64""))"	true
block-buffer	0.10.4	generic-array	0.14.7	normal:all	true
bolero	0.13.4	bolero-afl	0.13.0	normal:cfg(fuzzing_afl)	true
bolero	0.13.4	bolero-engine	0.13.4	normal:all;normal:cfg(fuzzing_random);normal:cfg(not(any(fuzzing, kani)))	true
bolero	0.13.4	bolero-generator	0.13.5	normal:all	true
bolero	0.13.4	bolero-honggfuzz	0.13.0	normal:cfg(fuzzing_honggfuzz)	true
bolero	0.13.4	bolero-kani	0.13.0	normal:cfg(kani)	true
bolero	0.13.4	bolero-libfuzzer	0.13.0	normal:cfg(fuzzing_libfuzzer)	true
bolero	0.13.4	cfg-if	1.0.4	normal:all	true
bolero	0.13.4	rand	0.9.4	normal:cfg(fuzzing_random);normal:cfg(not(any(fuzzing, kani)))	true
bolero-afl	0.13.0	bolero-engine	0.13.4	normal:all	true
bolero-afl	0.13.0	cc	1.2.56	build:all	true
bolero-engine	0.13.4	anyhow	1.0.103	normal:all	true
bolero-engine	0.13.4	bolero-generator	0.13.5	normal:all	true
bolero-engine	0.13.4	lazy_static	1.5.0	normal:all	true
bolero-engine	0.13.4	pretty-hex	0.4.1	normal:all	true
bolero-engine	0.13.4	rand	0.9.4	normal:all	true
bolero-engine	0.13.4	rand_xoshiro	0.7.0	normal:all	true
bolero-generator	0.13.5	bolero-generator-derive	0.13.4	normal:all	true
bolero-generator	0.13.5	either	1.15.0	normal:all	true
bolero-generator	0.13.5	getrandom	0.3.4	normal:all	true
bolero-generator	0.13.5	rand_core	0.9.5	normal:all	true
bolero-generator	0.13.5	rand_xoshiro	0.7.0	normal:all	true
bolero-generator-derive	0.13.4	proc-macro-crate	2.0.2	normal:all	true
bolero-generator-derive	0.13.4	proc-macro2	1.0.106	normal:all	true
bolero-generator-derive	0.13.4	quote	1.0.44	normal:all	true
bolero-generator-derive	0.13.4	syn	2.0.117	normal:all	true
bolero-honggfuzz	0.13.0	bolero-engine	0.13.4	normal:all	true
bolero-kani	0.13.0	bolero-engine	0.13.4	normal:all	true
bolero-libfuzzer	0.13.0	bolero-engine	0.13.4	normal:all	true
bolero-libfuzzer	0.13.0	cc	1.2.56	build:all	true
bumpalo	3.20.2	allocator-api2	0.2.21	normal:all	true
bytemuck	1.25.0	bytemuck_derive	1.10.2	normal:all	false
bytemuck_derive	1.10.2	proc-macro2	1.0.106	normal:all	false
bytemuck_derive	1.10.2	quote	1.0.44	normal:all	false
bytemuck_derive	1.10.2	syn	2.0.117	normal:all	false
bytes	1.11.1	serde	1.0.228	normal:all	true
cap-fs-ext	3.4.5	cap-primitives	3.4.5	normal:all	true
cap-fs-ext	3.4.5	cap-std	3.4.5	normal:all	true
cap-fs-ext	3.4.5	io-lifetimes	2.0.4	normal:all	true
cap-fs-ext	3.4.5	windows-sys	0.59.0	normal:cfg(windows)	true
cap-net-ext	3.4.5	cap-primitives	3.4.5	normal:all	true
cap-net-ext	3.4.5	cap-std	3.4.5	normal:all	true
cap-net-ext	3.4.5	rustix	1.1.4	normal:all	true
cap-net-ext	3.4.5	smallvec	1.15.1	normal:all	true
cap-primitives	3.4.5	ambient-authority	0.0.2	normal:all	true
cap-primitives	3.4.5	fs-set-times	0.20.3	normal:all	true
cap-primitives	3.4.5	io-extras	0.18.4	normal:all	true
cap-primitives	3.4.5	io-lifetimes	2.0.4	normal:all	true
cap-primitives	3.4.5	ipnet	2.11.0	normal:all	true
cap-primitives	3.4.5	maybe-owned	0.3.4	normal:all	true
cap-primitives	3.4.5	rustix	1.1.4	normal:cfg(not(windows))	true
cap-primitives	3.4.5	rustix-linux-procfs	0.1.1	"normal:cfg(any(target_os = ""android"", target_os = ""linux""))"	true
cap-primitives	3.4.5	windows-sys	0.59.0	normal:cfg(windows)	true
cap-primitives	3.4.5	winx	0.36.4	normal:cfg(windows)	true
cap-std	3.4.5	cap-primitives	3.4.5	normal:all	true
cap-std	3.4.5	io-extras	0.18.4	normal:all	true
cap-std	3.4.5	io-lifetimes	2.0.4	normal:all	true
cap-std	3.4.5	rustix	1.1.4	normal:cfg(not(windows))	true
cap-time-ext	3.4.5	ambient-authority	0.0.2	normal:all	true
cap-time-ext	3.4.5	cap-primitives	3.4.5	normal:all	true
cap-time-ext	3.4.5	iana-time-zone	0.1.65	normal:all	true
cap-time-ext	3.4.5	once_cell	1.21.3	normal:cfg(windows)	true
cap-time-ext	3.4.5	rustix	1.1.4	normal:cfg(not(windows))	true
cap-time-ext	3.4.5	winx	0.36.4	normal:cfg(windows)	true
cc	1.2.56	find-msvc-tools	0.1.9	normal:all	true
cc	1.2.56	jobserver	0.1.34	normal:all	true
cc	1.2.56	libc	0.2.186	normal:cfg(unix)	true
cc	1.2.56	shlex	1.3.0	normal:all	true
chacha20	0.10.0	cfg-if	1.0.4	normal:all	true
chacha20	0.10.0	cpufeatures	0.3.0	"normal:cfg(any(target_arch = ""x86_64"", target_arch = ""x86""))"	true
chacha20	0.10.0	rand_core	0.10.1	normal:all	true
chrono	0.4.44	iana-time-zone	0.1.65	normal:cfg(unix)	true
chrono	0.4.44	js-sys	0.3.90	"normal:cfg(all(target_arch = ""wasm32"", not(any(target_os = ""emscripten"", target_os = ""wasi""))))"	true
chrono	0.4.44	num-traits	0.2.19	normal:all	true
chrono	0.4.44	serde	1.0.228	normal:all	false
chrono	0.4.44	wasm-bindgen	0.2.113	"normal:cfg(all(target_arch = ""wasm32"", not(any(target_os = ""emscripten"", target_os = ""wasi""))))"	true
chrono	0.4.44	windows-link	0.2.1	normal:cfg(windows)	true
ciborium	0.2.2	ciborium-io	0.2.2	normal:all	true
ciborium	0.2.2	ciborium-ll	0.2.2	normal:all	true
ciborium	0.2.2	serde	1.0.228	normal:all	true
ciborium-ll	0.2.2	ciborium-io	0.2.2	normal:all	true
ciborium-ll	0.2.2	half	2.7.1	normal:all	true
cipher	0.4.4	crypto-common	0.1.7	normal:all	true
cipher	0.4.4	inout	0.1.4	normal:all	true
clap	4.5.60	clap_builder	4.5.60	normal:all	true
clap	4.5.60	clap_derive	4.5.55	normal:all	true
clap_builder	4.5.60	anstream	0.6.21	normal:all	true
clap_builder	4.5.60	anstyle	1.0.13	normal:all	true
clap_builder	4.5.60	clap_lex	1.0.0	normal:all	true
clap_builder	4.5.60	strsim	0.11.1	normal:all	true
clap_derive	4.5.55	heck	0.5.0	normal:all	true
clap_derive	4.5.55	proc-macro2	1.0.106	normal:all	true
clap_derive	4.5.55	quote	1.0.44	normal:all	true
clap_derive	4.5.55	syn	2.0.117	normal:all	true
cmake	0.1.58	cc	1.2.56	normal:all	true
cobs	0.3.0	thiserror	2.0.18	normal:all	true
combine	4.6.7	bytes	1.11.1	normal:all	true
combine	4.6.7	memchr	2.8.0	normal:all	true
concurrent-queue	2.5.0	crossbeam-utils	0.8.21	normal:all	true
concurrent-queue	2.5.0	portable-atomic	1.13.1	normal:all	true
console	0.15.11	encode_unicode	1.0.0	normal:cfg(windows)	true
console	0.15.11	libc	0.2.186	normal:all	true
console	0.15.11	once_cell	1.21.3	normal:all	true
console	0.15.11	windows-sys	0.59.0	normal:cfg(windows)	true
const_format	0.2.35	const_format_proc_macros	0.2.34	normal:all	true
const_format_proc_macros	0.2.34	proc-macro2	1.0.106	normal:all	true
const_format_proc_macros	0.2.34	quote	1.0.44	normal:all	true
const_format_proc_macros	0.2.34	unicode-xid	0.2.6	normal:all	true
convert_case	0.10.0	unicode-segmentation	1.12.0	normal:all	true
core-foundation	0.10.1	core-foundation-sys	0.8.7	normal:all	true
core-foundation	0.10.1	libc	0.2.186	normal:all	true
cpp_demangle	0.4.5	cfg-if	1.0.4	normal:all	true
cpufeatures	0.2.17	libc	0.2.186	"normal:aarch64-linux-android;normal:cfg(all(target_arch = ""aarch64"", target_os = ""linux""));normal:cfg(all(target_arch = ""aarch64"", target_vendor = ""apple""));normal:cfg(all(target_arch = ""loongarch64"", target_os = ""linux""))"	true
cpufeatures	0.3.0	libc	0.2.186	"normal:cfg(all(target_arch = ""aarch64"", target_os = ""android""));normal:cfg(all(target_arch = ""aarch64"", target_os = ""linux""));normal:cfg(all(target_arch = ""aarch64"", target_vendor = ""apple""));normal:cfg(all(target_arch = ""loongarch64"", target_os = ""linux""))"	true
cranelift-assembler-x64	0.132.3	cranelift-assembler-x64-meta	0.132.3	build:all	true
cranelift-assembler-x64-meta	0.132.3	cranelift-srcgen	0.132.3	normal:all	true
cranelift-bforest	0.132.3	cranelift-entity	0.132.3	normal:all	true
cranelift-bforest	0.132.3	wasmtime-internal-core	45.0.3	normal:all	true
cranelift-bitset	0.132.3	serde	1.0.228	normal:all	true
cranelift-bitset	0.132.3	serde_derive	1.0.228	normal:all	true
cranelift-bitset	0.132.3	wasmtime-internal-core	45.0.3	normal:all	true
cranelift-codegen	0.132.3	bumpalo	3.20.2	normal:all	true
cranelift-codegen	0.132.3	cranelift-assembler-x64	0.132.3	normal:all	true
cranelift-codegen	0.132.3	cranelift-bforest	0.132.3	normal:all	true
cranelift-codegen	0.132.3	cranelift-bitset	0.132.3	normal:all	true
cranelift-codegen	0.132.3	cranelift-codegen-meta	0.132.3	build:all	true
cranelift-codegen	0.132.3	cranelift-codegen-shared	0.132.3	normal:all	true
cranelift-codegen	0.132.3	cranelift-control	0.132.3	normal:all	true
cranelift-codegen	0.132.3	cranelift-entity	0.132.3	normal:all	true
cranelift-codegen	0.132.3	cranelift-isle	0.132.3	build:all	true
cranelift-codegen	0.132.3	gimli	0.33.0	normal:all	true
cranelift-codegen	0.132.3	hashbrown	0.17.1	normal:all	true
cranelift-codegen	0.132.3	libm	0.2.16	normal:all	true
cranelift-codegen	0.132.3	log	0.4.29	normal:all	true
cranelift-codegen	0.132.3	pulley-interpreter	45.0.3	normal:all	true
cranelift-codegen	0.132.3	regalloc2	0.15.1	normal:all	true
cranelift-codegen	0.132.3	rustc-hash	2.1.1	normal:all	true
cranelift-codegen	0.132.3	serde	1.0.228	normal:all	false
cranelift-codegen	0.132.3	smallvec	1.15.1	normal:all	true
cranelift-codegen	0.132.3	target-lexicon	0.13.5	normal:all	true
cranelift-codegen	0.132.3	wasmtime-internal-core	45.0.3	normal:all	true
cranelift-codegen-meta	0.132.3	cranelift-assembler-x64-meta	0.132.3	normal:all	true
cranelift-codegen-meta	0.132.3	cranelift-codegen-shared	0.132.3	normal:all	true
cranelift-codegen-meta	0.132.3	cranelift-srcgen	0.132.3	normal:all	true
cranelift-codegen-meta	0.132.3	heck	0.5.0	normal:all	true
cranelift-codegen-meta	0.132.3	pulley-interpreter	45.0.3	normal:all	true
cranelift-control	0.132.3	arbitrary	1.4.2	normal:all	true
cranelift-entity	0.132.3	cranelift-bitset	0.132.3	normal:all	true
cranelift-entity	0.132.3	serde	1.0.228	normal:all	true
cranelift-entity	0.132.3	serde_derive	1.0.228	normal:all	true
cranelift-entity	0.132.3	wasmtime-internal-core	45.0.3	normal:all	true
cranelift-frontend	0.132.3	cranelift-codegen	0.132.3	normal:all	true
cranelift-frontend	0.132.3	log	0.4.29	normal:all	true
cranelift-frontend	0.132.3	smallvec	1.15.1	normal:all	true
cranelift-frontend	0.132.3	target-lexicon	0.13.5	normal:all	true
cranelift-native	0.132.3	cranelift-codegen	0.132.3	normal:all	true
cranelift-native	0.132.3	libc	0.2.186	"normal:cfg(target_arch = ""riscv64"")"	true
cranelift-native	0.132.3	target-lexicon	0.13.5	normal:all	true
crc32fast	1.5.0	cfg-if	1.0.4	normal:all	true
criterion	0.5.1	anes	0.1.6	normal:all	true
criterion	0.5.1	cast	0.3.0	normal:all	true
criterion	0.5.1	ciborium	0.2.2	normal:all	true
criterion	0.5.1	clap	4.5.60	normal:all	true
criterion	0.5.1	criterion-plot	0.5.0	normal:all	true
criterion	0.5.1	futures	0.3.32	normal:all	true
criterion	0.5.1	is-terminal	0.4.17	normal:all	true
criterion	0.5.1	itertools	0.10.5	normal:all	true
criterion	0.5.1	num-traits	0.2.19	normal:all	true
criterion	0.5.1	once_cell	1.21.3	normal:all	true
criterion	0.5.1	oorandom	11.1.5	normal:all	true
criterion	0.5.1	plotters	0.3.7	normal:all	true
criterion	0.5.1	rayon	1.11.0	normal:all	true
criterion	0.5.1	regex	1.12.3	normal:all	true
criterion	0.5.1	serde	1.0.228	normal:all	true
criterion	0.5.1	serde_derive	1.0.228	normal:all	true
criterion	0.5.1	serde_json	1.0.149	normal:all	true
criterion	0.5.1	tinytemplate	1.2.1	normal:all	true
criterion	0.5.1	tokio	1.52.3	normal:all	true
criterion	0.5.1	walkdir	2.5.0	normal:all	true
criterion	0.8.2	alloca	0.4.0	normal:cfg(any(windows, unix))	true
criterion	0.8.2	anes	0.1.6	normal:all	true
criterion	0.8.2	cast	0.3.0	normal:all	true
criterion	0.8.2	ciborium	0.2.2	normal:all	true
criterion	0.8.2	clap	4.5.60	normal:all	true
criterion	0.8.2	criterion-plot	0.8.2	normal:all	true
criterion	0.8.2	itertools	0.13.0	normal:all	true
criterion	0.8.2	num-traits	0.2.19	normal:all	true
criterion	0.8.2	oorandom	11.1.5	normal:all	true
criterion	0.8.2	page_size	0.6.0	normal:all	true
criterion	0.8.2	plotters	0.3.7	normal:all	true
criterion	0.8.2	rayon	1.11.0	normal:all	true
criterion	0.8.2	regex	1.12.3	normal:all	true
criterion	0.8.2	serde	1.0.228	normal:all	true
criterion	0.8.2	serde_json	1.0.149	normal:all	true
criterion	0.8.2	tinytemplate	1.2.1	normal:all	true
criterion	0.8.2	walkdir	2.5.0	normal:all	true
criterion-plot	0.5.0	cast	0.3.0	normal:all	true
criterion-plot	0.5.0	itertools	0.10.5	normal:all	true
criterion-plot	0.8.2	cast	0.3.0	normal:all	true
criterion-plot	0.8.2	itertools	0.13.0	normal:all	true
crossbeam	0.8.4	crossbeam-channel	0.5.15	normal:all	true
crossbeam	0.8.4	crossbeam-deque	0.8.6	normal:all	true
crossbeam	0.8.4	crossbeam-epoch	0.9.20	normal:all	true
crossbeam	0.8.4	crossbeam-queue	0.3.12	normal:all	true
crossbeam	0.8.4	crossbeam-utils	0.8.21	normal:all	true
crossbeam-channel	0.5.15	crossbeam-utils	0.8.21	normal:all	true
crossbeam-deque	0.8.6	crossbeam-epoch	0.9.20	normal:all	true
crossbeam-deque	0.8.6	crossbeam-utils	0.8.21	normal:all	true
crossbeam-epoch	0.9.20	crossbeam-utils	0.8.21	normal:all	true
crossbeam-queue	0.3.12	crossbeam-utils	0.8.21	normal:all	true
crypto-common	0.1.7	generic-array	0.14.7	normal:all	true
crypto-common	0.1.7	typenum	1.19.0	normal:all	true
curve25519-dalek	4.1.3	cfg-if	1.0.4	normal:all	true
curve25519-dalek	4.1.3	cpufeatures	0.2.17	"normal:cfg(target_arch = ""x86_64"")"	true
curve25519-dalek	4.1.3	curve25519-dalek-derive	0.1.1	"normal:cfg(all(not(curve25519_dalek_backend = ""fiat""), not(curve25519_dalek_backend = ""serial""), target_arch = ""x86_64""))"	true
curve25519-dalek	4.1.3	digest	0.10.7	normal:all	true
curve25519-dalek	4.1.3	fiat-crypto	0.2.9	"normal:cfg(curve25519_dalek_backend = ""fiat"")"	true
curve25519-dalek	4.1.3	rustc_version	0.4.1	build:all	true
curve25519-dalek	4.1.3	subtle	2.6.1	normal:all	true
curve25519-dalek-derive	0.1.1	proc-macro2	1.0.106	normal:all	true
curve25519-dalek-derive	0.1.1	quote	1.0.44	normal:all	true
curve25519-dalek-derive	0.1.1	syn	2.0.117	normal:all	true
darling	0.21.3	darling_core	0.21.3	normal:all	true
darling	0.21.3	darling_macro	0.21.3	normal:all	true
darling_core	0.21.3	fnv	1.0.7	normal:all	true
darling_core	0.21.3	ident_case	1.0.1	normal:all	true
darling_core	0.21.3	proc-macro2	1.0.106	normal:all	true
darling_core	0.21.3	quote	1.0.44	normal:all	true
darling_core	0.21.3	strsim	0.11.1	normal:all	true
darling_core	0.21.3	syn	2.0.117	normal:all	true
darling_macro	0.21.3	darling_core	0.21.3	normal:all	true
darling_macro	0.21.3	quote	1.0.44	normal:all	true
darling_macro	0.21.3	syn	2.0.117	normal:all	true
debugid	0.8.0	uuid	1.22.0	normal:all	true
der	0.7.10	const-oid	0.9.6	normal:all	true
der	0.7.10	pem-rfc7468	0.7.0	normal:all	true
der	0.7.10	zeroize	1.8.2	normal:all	true
der-parser	10.0.0	asn1-rs	0.7.1	normal:all	true
der-parser	10.0.0	displaydoc	0.2.5	normal:all	true
der-parser	10.0.0	nom	7.1.3	normal:all	true
der-parser	10.0.0	num-bigint	0.4.6	normal:all	true
der-parser	10.0.0	num-traits	0.2.19	normal:all	true
der-parser	10.0.0	rusticata-macros	4.1.0	normal:all	true
deranged	0.5.8	powerfmt	0.2.0	normal:all	true
deranged	0.5.8	serde_core	1.0.228	normal:all	true
derive_more	2.1.1	derive_more-impl	2.1.1	normal:all	true
derive_more-impl	2.1.1	convert_case	0.10.0	normal:all	true
derive_more-impl	2.1.1	proc-macro2	1.0.106	normal:all	true
derive_more-impl	2.1.1	quote	1.0.44	normal:all	true
derive_more-impl	2.1.1	rustc_version	0.4.1	build:all	true
derive_more-impl	2.1.1	syn	2.0.117	normal:all	true
derive_more-impl	2.1.1	unicode-xid	0.2.6	normal:all	true
digest	0.10.7	block-buffer	0.10.4	normal:all	true
digest	0.10.7	const-oid	0.9.6	normal:all	true
digest	0.10.7	crypto-common	0.1.7	normal:all	true
digest	0.10.7	subtle	2.6.1	normal:all	true
directories-next	2.0.0	cfg-if	1.0.4	normal:all	true
directories-next	2.0.0	dirs-sys-next	0.1.2	normal:all	true
dirs	6.0.0	dirs-sys	0.5.0	normal:all	true
dirs-sys	0.5.0	libc	0.2.186	normal:cfg(unix)	true
dirs-sys	0.5.0	option-ext	0.2.0	normal:all	true
dirs-sys	0.5.0	redox_users	0.5.2	"normal:cfg(target_os = ""redox"")"	true
dirs-sys	0.5.0	windows-sys	0.61.2	normal:cfg(windows)	true
dirs-sys-next	0.1.2	libc	0.2.186	normal:cfg(unix)	true
dirs-sys-next	0.1.2	redox_users	0.4.6	"normal:cfg(target_os = ""redox"")"	true
dirs-sys-next	0.1.2	winapi	0.3.9	normal:cfg(windows)	true
displaydoc	0.2.5	proc-macro2	1.0.106	normal:all	true
displaydoc	0.2.5	quote	1.0.44	normal:all	true
displaydoc	0.2.5	syn	2.0.117	normal:all	true
ed25519	2.2.3	signature	2.2.0	normal:all	true
ed25519-dalek	2.2.0	curve25519-dalek	4.1.3	normal:all	true
ed25519-dalek	2.2.0	ed25519	2.2.3	normal:all	true
ed25519-dalek	2.2.0	sha2	0.10.9	normal:all	true
ed25519-dalek	2.2.0	signature	2.2.0	normal:all	true
ed25519-dalek	2.2.0	subtle	2.6.1	normal:all	true
encoding_rs	0.8.35	cfg-if	1.0.4	normal:all	true
enumflags2	0.7.12	enumflags2_derive	0.7.12	normal:all	true
enumflags2_derive	0.7.12	proc-macro2	1.0.106	normal:all	true
enumflags2_derive	0.7.12	quote	1.0.44	normal:all	true
enumflags2_derive	0.7.12	syn	2.0.117	normal:all	true
erased-serde	0.4.9	serde	1.0.228	normal:cfg(any())	true
erased-serde	0.4.9	serde_core	1.0.228	normal:all	true
erased-serde	0.4.9	typeid	1.0.3	normal:all	true
errno	0.3.14	libc	0.2.186	"normal:cfg(target_os = ""hermit"");normal:cfg(target_os = ""wasi"");normal:cfg(unix)"	true
errno	0.3.14	windows-sys	0.61.2	normal:cfg(windows)	true
event-listener	5.4.1	concurrent-queue	2.5.0	normal:all	true
event-listener	5.4.1	parking	2.2.1	"normal:cfg(not(target_family = ""wasm""))"	true
event-listener	5.4.1	pin-project-lite	0.2.16	normal:all	true
event-listener-strategy	0.5.4	event-listener	5.4.1	normal:all	true
event-listener-strategy	0.5.4	pin-project-lite	0.2.16	normal:all	true
fastbloom	0.14.1	getrandom	0.3.4	normal:all	true
fastbloom	0.14.1	libm	0.2.16	normal:all	true
fastbloom	0.14.1	rand	0.9.4	normal:all	true
fastbloom	0.14.1	siphasher	1.0.2	normal:all	true
flatbuffers	25.12.19	bitflags	2.11.0	normal:all	true
flatbuffers	25.12.19	rustc_version	0.4.1	build:all	true
flate2	1.1.9	crc32fast	1.5.0	normal:all	true
flate2	1.1.9	miniz_oxide	0.8.9	"normal:all;normal:cfg(all(target_arch = ""wasm32"", not(target_os = ""emscripten"")))"	true
flume	0.11.1	futures-core	0.3.32	normal:all	true
flume	0.11.1	futures-sink	0.3.32	normal:all	true
flume	0.11.1	nanorand	0.7.0	normal:all	true
flume	0.11.1	spin	0.9.9	normal:all	true
form_urlencoded	1.2.2	percent-encoding	2.3.2	normal:all	true
fs-err	3.3.0	autocfg	1.5.0	build:all	true
fs-err	3.3.0	tokio	1.52.3	normal:all	true
fs-set-times	0.20.3	io-lifetimes	2.0.4	normal:all	true
fs-set-times	0.20.3	rustix	1.1.4	normal:cfg(not(windows))	true
fs-set-times	0.20.3	windows-sys	0.59.0	normal:cfg(windows)	true
fs2	0.4.3	libc	0.2.186	normal:cfg(unix)	true
fs2	0.4.3	winapi	0.3.9	normal:cfg(windows)	true
fuser	0.17.0	bitflags	2.11.0	normal:all	true
fuser	0.17.0	libc	0.2.186	normal:all	true
fuser	0.17.0	log	0.4.29	normal:all	true
fuser	0.17.0	memchr	2.8.0	normal:all	true
fuser	0.17.0	nix	0.30.1	normal:all	true
fuser	0.17.0	num_enum	0.7.5	normal:all	true
fuser	0.17.0	page_size	0.6.0	normal:all	true
fuser	0.17.0	parking_lot	0.12.5	normal:all	true
fuser	0.17.0	pkg-config	0.3.32	build:all	true
fuser	0.17.0	ref-cast	1.0.25	normal:all	true
fuser	0.17.0	smallvec	1.15.1	normal:all	true
fuser	0.17.0	zerocopy	0.8.40	normal:all	true
futures	0.3.32	futures-channel	0.3.32	normal:all	true
futures	0.3.32	futures-core	0.3.32	normal:all	true
futures	0.3.32	futures-executor	0.3.32	normal:all	true
futures	0.3.32	futures-io	0.3.32	normal:all	true
futures	0.3.32	futures-sink	0.3.32	normal:all	true
futures	0.3.32	futures-task	0.3.32	normal:all	true
futures	0.3.32	futures-util	0.3.32	normal:all	true
futures-channel	0.3.32	futures-core	0.3.32	normal:all	true
futures-channel	0.3.32	futures-sink	0.3.32	normal:all	true
futures-executor	0.3.32	futures-core	0.3.32	normal:all	true
futures-executor	0.3.32	futures-task	0.3.32	normal:all	true
futures-executor	0.3.32	futures-util	0.3.32	normal:all	true
futures-lite	2.6.1	fastrand	2.3.0	normal:all	true
futures-lite	2.6.1	futures-core	0.3.32	normal:all	true
futures-lite	2.6.1	futures-io	0.3.32	normal:all	true
futures-lite	2.6.1	parking	2.2.1	normal:all	true
futures-lite	2.6.1	pin-project-lite	0.2.16	normal:all	true
futures-macro	0.3.32	proc-macro2	1.0.106	normal:all	true
futures-macro	0.3.32	quote	1.0.44	normal:all	true
futures-macro	0.3.32	syn	2.0.117	normal:all	true
futures-util	0.3.32	futures-channel	0.3.32	normal:all	true
futures-util	0.3.32	futures-core	0.3.32	normal:all	true
futures-util	0.3.32	futures-io	0.3.32	normal:all	true
futures-util	0.3.32	futures-macro	0.3.32	normal:all	true
futures-util	0.3.32	futures-sink	0.3.32	normal:all	true
futures-util	0.3.32	futures-task	0.3.32	normal:all	true
futures-util	0.3.32	memchr	2.8.0	normal:all	true
futures-util	0.3.32	pin-project-lite	0.2.16	normal:all	true
futures-util	0.3.32	slab	0.4.12	normal:all	true
fxprof-processed-profile	0.8.1	bitflags	2.11.0	normal:all	true
fxprof-processed-profile	0.8.1	debugid	0.8.0	normal:all	true
fxprof-processed-profile	0.8.1	rustc-hash	2.1.1	normal:all	true
fxprof-processed-profile	0.8.1	serde	1.0.228	normal:all	true
fxprof-processed-profile	0.8.1	serde_derive	1.0.228	normal:all	true
fxprof-processed-profile	0.8.1	serde_json	1.0.149	normal:all	true
generic-array	0.14.7	typenum	1.19.0	normal:all	true
generic-array	0.14.7	version_check	0.9.5	build:all	true
getrandom	0.2.17	cfg-if	1.0.4	normal:all	true
getrandom	0.2.17	js-sys	0.3.90	"normal:cfg(all(any(target_arch = ""wasm32"", target_arch = ""wasm64""), target_os = ""unknown""))"	true
getrandom	0.2.17	libc	0.2.186	normal:cfg(unix)	true
getrandom	0.2.17	wasi	0.11.1+wasi-snapshot-preview1	"normal:cfg(target_os = ""wasi"")"	true
getrandom	0.2.17	wasm-bindgen	0.2.113	"normal:cfg(all(any(target_arch = ""wasm32"", target_arch = ""wasm64""), target_os = ""unknown""))"	true
getrandom	0.3.4	cfg-if	1.0.4	normal:all	true
getrandom	0.3.4	js-sys	0.3.90	"normal:cfg(all(target_arch = ""wasm32"", any(target_os = ""unknown"", target_os = ""none""), target_feature = ""atomics""))"	true
getrandom	0.3.4	libc	0.2.186	"normal:cfg(all(any(target_os = ""linux"", target_os = ""android""), not(any(all(target_os = ""linux"", target_env = """"), getrandom_backend = ""custom"", getrandom_backend = ""linux_raw"", getrandom_backend = ""rdrand"", getrandom_backend = ""rndr""))));normal:cfg(any(target_os = ""dragonfly"", target_os = ""freebsd"", target_os = ""hurd"", target_os = ""illumos"", target_os = ""cygwin"", all(target_os = ""horizon"", target_arch = ""arm"")));normal:cfg(any(target_os = ""haiku"", target_os = ""redox"", target_os = ""nto"", target_os = ""aix""));normal:cfg(any(target_os = ""ios"", target_os = ""visionos"", target_os = ""watchos"", target_os = ""tvos""));normal:cfg(any(target_os = ""macos"", target_os = ""openbsd"", target_os = ""vita"", target_os = ""emscripten""));normal:cfg(target_os = ""netbsd"");normal:cfg(target_os = ""solaris"");normal:cfg(target_os = ""vxworks"")"	true
getrandom	0.3.4	r-efi	5.3.0	"normal:cfg(all(target_os = ""uefi"", getrandom_backend = ""efi_rng""))"	true
getrandom	0.3.4	wasip2	1.0.2+wasi-0.2.9	"normal:cfg(all(target_arch = ""wasm32"", target_os = ""wasi"", target_env = ""p2""))"	true
getrandom	0.3.4	wasm-bindgen	0.2.113	"normal:cfg(all(target_arch = ""wasm32"", any(target_os = ""unknown"", target_os = ""none"")))"	true
getrandom	0.4.1	cfg-if	1.0.4	normal:all	true
getrandom	0.4.1	libc	0.2.186	"normal:cfg(all(any(target_os = ""linux"", target_os = ""android""), not(any(all(target_os = ""linux"", target_env = """"), getrandom_backend = ""custom"", getrandom_backend = ""linux_raw"", getrandom_backend = ""rdrand"", getrandom_backend = ""rndr""))));normal:cfg(any(target_os = ""dragonfly"", target_os = ""freebsd"", target_os = ""hurd"", target_os = ""illumos"", target_os = ""cygwin"", all(target_os = ""horizon"", target_arch = ""arm"")));normal:cfg(any(target_os = ""haiku"", target_os = ""redox"", target_os = ""nto"", target_os = ""aix""));normal:cfg(any(target_os = ""ios"", target_os = ""visionos"", target_os = ""watchos"", target_os = ""tvos""));normal:cfg(any(target_os = ""macos"", target_os = ""openbsd"", target_os = ""vita"", target_os = ""emscripten""));normal:cfg(target_os = ""netbsd"");normal:cfg(target_os = ""solaris"");normal:cfg(target_os = ""vxworks"")"	true
getrandom	0.4.1	r-efi	5.3.0	"normal:cfg(all(target_os = ""uefi"", getrandom_backend = ""efi_rng""))"	true
getrandom	0.4.1	rand_core	0.10.1	normal:all	true
getrandom	0.4.1	wasip2	1.0.2+wasi-0.2.9	"normal:cfg(all(target_arch = ""wasm32"", target_os = ""wasi"", target_env = ""p2""))"	true
getrandom	0.4.1	wasip3	0.4.0+wasi-0.3.0-rc-2026-01-06	"normal:cfg(all(target_arch = ""wasm32"", target_os = ""wasi"", target_env = ""p3""))"	true
gimli	0.33.0	fnv	1.0.7	normal:all	true
gimli	0.33.0	hashbrown	0.16.1	normal:all	true
gimli	0.33.0	indexmap	2.14.0	normal:all	true
gimli	0.33.0	stable_deref_trait	1.2.1	normal:all	false
git-version	0.3.9	git-version-macro	0.3.9	normal:all	true
git-version-macro	0.3.9	proc-macro2	1.0.106	normal:all	true
git-version-macro	0.3.9	quote	1.0.44	normal:all	true
git-version-macro	0.3.9	syn	2.0.117	normal:all	true
glam	0.30.10	serde_core	1.0.228	normal:all	false
h2	0.4.14	atomic-waker	1.1.2	normal:all	true
h2	0.4.14	bytes	1.11.1	normal:all	true
h2	0.4.14	fnv	1.0.7	normal:all	true
h2	0.4.14	futures-core	0.3.32	normal:all	true
h2	0.4.14	futures-sink	0.3.32	normal:all	true
h2	0.4.14	http	1.4.0	normal:all	true
h2	0.4.14	indexmap	2.14.0	normal:all	true
h2	0.4.14	slab	0.4.12	normal:all	true
h2	0.4.14	tokio	1.52.3	normal:all	true
h2	0.4.14	tokio-util	0.7.18	normal:all	true
h2	0.4.14	tracing	0.1.44	normal:all	true
half	2.7.1	cfg-if	1.0.4	normal:all	true
half	2.7.1	crunchy	0.2.4	"normal:cfg(target_arch = ""spirv"")"	true
half	2.7.1	zerocopy	0.8.40	normal:all	true
hash32	0.3.1	byteorder	1.5.0	normal:all	true
hashbrown	0.14.5	ahash	0.8.12	normal:all	true
hashbrown	0.14.5	allocator-api2	0.2.21	normal:all	true
hashbrown	0.15.5	foldhash	0.1.5	normal:all	true
hashbrown	0.16.1	allocator-api2	0.2.21	normal:all	true
hashbrown	0.16.1	equivalent	1.0.2	normal:all	true
hashbrown	0.16.1	foldhash	0.2.0	normal:all	true
hashbrown	0.16.1	serde	1.0.228	normal:cfg(any())	true
hashbrown	0.16.1	serde_core	1.0.228	normal:all	true
hashbrown	0.17.1	foldhash	0.2.0	normal:all	true
hashbrown	0.17.1	serde	1.0.228	normal:cfg(any())	false
hashbrown	0.17.1	serde_core	1.0.228	normal:all	false
hashlink	0.11.0	hashbrown	0.16.1	normal:all	true
heapless	0.9.2	hash32	0.3.1	normal:all	true
heapless	0.9.2	portable-atomic	1.13.1	normal:all	true
heapless	0.9.2	stable_deref_trait	1.2.1	"normal:cfg(any(target_arch = ""arm"", target_pointer_width = ""32"", target_pointer_width = ""64""))"	true
hmac	0.12.1	digest	0.10.7	normal:all	true
home	0.5.12	windows-sys	0.61.2	normal:cfg(windows)	true
http	1.4.0	bytes	1.11.1	normal:all	true
http	1.4.0	itoa	1.0.17	normal:all	true
http-body	1.0.1	bytes	1.11.1	normal:all	true
http-body	1.0.1	http	1.4.0	normal:all	true
http-body-util	0.1.3	bytes	1.11.1	normal:all	true
http-body-util	0.1.3	futures-core	0.3.32	normal:all	true
http-body-util	0.1.3	http	1.4.0	normal:all	true
http-body-util	0.1.3	http-body	1.0.1	normal:all	true
http-body-util	0.1.3	pin-project-lite	0.2.16	normal:all	true
hyper	1.8.1	atomic-waker	1.1.2	normal:all	true
hyper	1.8.1	bytes	1.11.1	normal:all	true
hyper	1.8.1	futures-channel	0.3.32	normal:all	true
hyper	1.8.1	futures-core	0.3.32	normal:all	true
hyper	1.8.1	h2	0.4.14	normal:all	true
hyper	1.8.1	http	1.4.0	normal:all	true
hyper	1.8.1	http-body	1.0.1	normal:all	true
hyper	1.8.1	httparse	1.10.1	normal:all	true
hyper	1.8.1	httpdate	1.0.3	normal:all	true
hyper	1.8.1	itoa	1.0.17	normal:all	true
hyper	1.8.1	pin-project-lite	0.2.16	normal:all	true
hyper	1.8.1	pin-utils	0.1.0	normal:all	true
hyper	1.8.1	smallvec	1.15.1	normal:all	true
hyper	1.8.1	tokio	1.52.3	normal:all	true
hyper	1.8.1	want	0.3.1	normal:all	true
hyper-rustls	0.27.7	http	1.4.0	normal:all	true
hyper-rustls	0.27.7	hyper	1.8.1	normal:all	true
hyper-rustls	0.27.7	hyper-util	0.1.20	normal:all	true
hyper-rustls	0.27.7	rustls	0.23.37	normal:all	true
hyper-rustls	0.27.7	rustls-pki-types	1.14.0	normal:all	true
hyper-rustls	0.27.7	tokio	1.52.3	normal:all	true
hyper-rustls	0.27.7	tokio-rustls	0.26.4	normal:all	true
hyper-rustls	0.27.7	tower-service	0.3.3	normal:all	true
hyper-rustls	0.27.7	webpki-roots	1.0.6	normal:all	true
hyper-util	0.1.20	base64	0.22.1	normal:all	true
hyper-util	0.1.20	bytes	1.11.1	normal:all	true
hyper-util	0.1.20	futures-channel	0.3.32	normal:all	true
hyper-util	0.1.20	futures-util	0.3.32	normal:all	true
hyper-util	0.1.20	http	1.4.0	normal:all	true
hyper-util	0.1.20	http-body	1.0.1	normal:all	true
hyper-util	0.1.20	hyper	1.8.1	normal:all	true
hyper-util	0.1.20	ipnet	2.11.0	normal:all	true
hyper-util	0.1.20	libc	0.2.186	normal:all	true
hyper-util	0.1.20	percent-encoding	2.3.2	normal:all	true
hyper-util	0.1.20	pin-project-lite	0.2.16	normal:all	true
hyper-util	0.1.20	socket2	0.6.4	normal:all	true
hyper-util	0.1.20	tokio	1.52.3	normal:all	true
hyper-util	0.1.20	tower-service	0.3.3	normal:all	true
hyper-util	0.1.20	tracing	0.1.44	normal:all	true
iana-time-zone	0.1.65	android_system_properties	0.1.5	"normal:cfg(target_os = ""android"")"	true
iana-time-zone	0.1.65	core-foundation-sys	0.8.7	"normal:cfg(target_vendor = ""apple"")"	true
iana-time-zone	0.1.65	iana-time-zone-haiku	0.1.2	"normal:cfg(target_os = ""haiku"")"	true
iana-time-zone	0.1.65	js-sys	0.3.90	"normal:cfg(all(target_arch = ""wasm32"", target_os = ""unknown""))"	true
iana-time-zone	0.1.65	log	0.4.29	"normal:cfg(all(target_arch = ""wasm32"", target_os = ""unknown""))"	true
iana-time-zone	0.1.65	wasm-bindgen	0.2.113	"normal:cfg(all(target_arch = ""wasm32"", target_os = ""unknown""))"	true
iana-time-zone	0.1.65	windows-core	0.62.2	"normal:cfg(target_os = ""windows"")"	true
iana-time-zone-haiku	0.1.2	cc	1.2.56	build:all	true
icu_collections	2.1.1	displaydoc	0.2.5	normal:all	true
icu_collections	2.1.1	potential_utf	0.1.4	normal:all	true
icu_collections	2.1.1	yoke	0.8.1	normal:all	true
icu_collections	2.1.1	zerofrom	0.1.6	normal:all	true
icu_collections	2.1.1	zerovec	0.11.5	normal:all	true
icu_locale_core	2.1.1	displaydoc	0.2.5	normal:all	true
icu_locale_core	2.1.1	litemap	0.8.1	normal:all	true
icu_locale_core	2.1.1	tinystr	0.8.2	normal:all	true
icu_locale_core	2.1.1	writeable	0.6.2	normal:all	true
icu_locale_core	2.1.1	zerovec	0.11.5	normal:all	true
icu_normalizer	2.1.1	icu_collections	2.1.1	normal:all	true
icu_normalizer	2.1.1	icu_normalizer_data	2.1.1	normal:all	true
icu_normalizer	2.1.1	icu_properties	2.1.2	normal:all	false
icu_normalizer	2.1.1	icu_provider	2.1.1	normal:all	true
icu_normalizer	2.1.1	smallvec	1.15.1	normal:all	true
icu_normalizer	2.1.1	zerovec	0.11.5	normal:all	true
icu_properties	2.1.2	icu_collections	2.1.1	normal:all	true
icu_properties	2.1.2	icu_locale_core	2.1.1	normal:all	true
icu_properties	2.1.2	icu_properties_data	2.1.2	normal:all	true
icu_properties	2.1.2	icu_provider	2.1.1	normal:all	true
icu_properties	2.1.2	zerotrie	0.2.3	normal:all	true
icu_properties	2.1.2	zerovec	0.11.5	normal:all	true
icu_provider	2.1.1	displaydoc	0.2.5	normal:all	true
icu_provider	2.1.1	icu_locale_core	2.1.1	normal:all	true
icu_provider	2.1.1	writeable	0.6.2	normal:all	true
icu_provider	2.1.1	yoke	0.8.1	normal:all	true
icu_provider	2.1.1	zerofrom	0.1.6	normal:all	true
icu_provider	2.1.1	zerotrie	0.2.3	normal:all	true
icu_provider	2.1.1	zerovec	0.11.5	normal:all	true
idna	1.1.0	idna_adapter	1.2.1	normal:all	true
idna	1.1.0	smallvec	1.15.1	normal:all	true
idna	1.1.0	utf8_iter	1.0.4	normal:all	true
idna_adapter	1.2.1	icu_normalizer	2.1.1	normal:all	true
idna_adapter	1.2.1	icu_properties	2.1.2	normal:all	true
indexmap	1.9.3	autocfg	1.5.0	build:all	false
indexmap	1.9.3	hashbrown	0.12.3	normal:all	false
indexmap	1.9.3	serde	1.0.228	normal:all	false
indexmap	2.14.0	equivalent	1.0.2	normal:all	true
indexmap	2.14.0	hashbrown	0.17.1	normal:all	true
indexmap	2.14.0	serde	1.0.228	normal:cfg(any())	true
indexmap	2.14.0	serde_core	1.0.228	normal:all	true
inout	0.1.4	generic-array	0.14.7	normal:all	true
insta	1.46.3	console	0.15.11	normal:all	true
insta	1.46.3	once_cell	1.21.3	normal:all	true
insta	1.46.3	serde	1.0.228	normal:all	true
insta	1.46.3	similar	2.7.0	normal:all	true
insta	1.46.3	tempfile	3.27.0	normal:all	true
io-extras	0.18.4	io-lifetimes	2.0.4	normal:all	true
io-extras	0.18.4	windows-sys	0.59.0	normal:cfg(windows)	true
ipnetwork	0.20.0	serde	1.0.228	normal:all	true
iri-string	0.7.10	memchr	2.8.0	normal:all	false
iri-string	0.7.10	serde	1.0.228	normal:all	false
is-terminal	0.4.17	hermit-abi	0.5.2	"normal:cfg(target_os = ""hermit"")"	true
is-terminal	0.4.17	libc	0.2.186	"normal:cfg(any(unix, target_os = ""wasi""))"	true
is-terminal	0.4.17	windows-sys	0.61.2	normal:cfg(windows)	true
itertools	0.10.5	either	1.15.0	normal:all	true
itertools	0.13.0	either	1.15.0	normal:all	true
itertools	0.14.0	either	1.15.0	normal:all	true
ittapi	0.4.0	anyhow	1.0.103	normal:all	true
ittapi	0.4.0	ittapi-sys	0.4.0	normal:all	true
ittapi	0.4.0	log	0.4.29	normal:all	true
ittapi-sys	0.4.0	cc	1.2.56	build:all	true
jni	0.21.1	cesu8	1.1.0	normal:all	true
jni	0.21.1	cfg-if	1.0.4	normal:all	true
jni	0.21.1	combine	4.6.7	normal:all	true
jni	0.21.1	jni-sys	0.3.0	normal:all	true
jni	0.21.1	log	0.4.29	normal:all	true
jni	0.21.1	thiserror	1.0.69	normal:all	true
jni	0.21.1	walkdir	2.5.0	build:all	true
jni	0.21.1	windows-sys	0.45.0	normal:cfg(windows)	true
jobserver	0.1.34	getrandom	0.3.4	normal:cfg(windows)	true
jobserver	0.1.34	libc	0.2.186	normal:cfg(unix)	true
js-sys	0.3.90	once_cell	1.21.3	normal:all	true
js-sys	0.3.90	wasm-bindgen	0.2.113	normal:all	true
json5	0.4.1	pest	2.8.6	normal:all	true
json5	0.4.1	pest_derive	2.8.6	normal:all	true
json5	0.4.1	serde	1.0.228	normal:all	true
keccak	0.1.6	cpufeatures	0.2.17	"normal:cfg(target_arch = ""aarch64"")"	true
keyed-set	1.1.0	hashbrown	0.14.5	normal:all	true
landlock	0.4.4	enumflags2	0.7.12	normal:all	true
landlock	0.4.4	libc	0.2.186	normal:all	true
landlock	0.4.4	thiserror	2.0.18	normal:all	true
lazy_static	1.5.0	spin	0.9.9	normal:all	true
libloading	0.8.9	cfg-if	1.0.4	normal:cfg(unix)	true
libloading	0.8.9	windows-link	0.2.1	normal:cfg(windows)	true
libredox	0.1.12	bitflags	2.11.0	normal:all	true
libredox	0.1.12	libc	0.2.186	normal:all	true
libsqlite3-sys	0.36.0	cc	1.2.56	build:all	true
libsqlite3-sys	0.36.0	pkg-config	0.3.32	build:all	true
libsqlite3-sys	0.36.0	vcpkg	0.2.15	build:all	true
lock_api	0.4.14	scopeguard	1.2.0	normal:all	true
lz4_flex	0.11.6	twox-hash	2.1.2	normal:all	true
mach2	0.4.3	libc	0.2.186	"normal:cfg(any(target_os = ""macos"", target_os = ""ios""))"	true
matchers	0.2.0	regex-automata	0.4.14	normal:all	true
memfd	0.6.5	rustix	1.1.4	normal:all	true
memoffset	0.9.1	autocfg	1.5.0	build:all	true
mime_guess	2.0.5	mime	0.3.17	normal:all	true
mime_guess	2.0.5	unicase	2.9.0	build:all;normal:all	true
miniz_oxide	0.8.9	adler2	2.0.1	normal:all	true
miniz_oxide	0.8.9	simd-adler32	0.3.8	normal:all	true
mio	1.2.1	libc	0.2.186	"normal:cfg(any(unix, target_os = ""hermit"", target_os = ""wasi""))"	true
mio	1.2.1	wasi	0.11.1+wasi-snapshot-preview1	"normal:cfg(target_os = ""wasi"")"	true
mio	1.2.1	windows-sys	0.61.2	normal:cfg(windows)	true
nanorand	0.7.0	getrandom	0.2.17	normal:all	true
nix	0.29.0	bitflags	2.11.0	normal:all	true
nix	0.29.0	cfg-if	1.0.4	normal:all	true
nix	0.29.0	cfg_aliases	0.2.1	build:all	true
nix	0.29.0	libc	0.2.186	normal:all	true
nix	0.30.1	bitflags	2.11.0	normal:all	true
nix	0.30.1	cfg-if	1.0.4	normal:all	true
nix	0.30.1	cfg_aliases	0.2.1	build:all	true
nix	0.30.1	libc	0.2.186	normal:all	true
nix	0.30.1	memoffset	0.9.1	normal:all	true
nkeys	0.4.5	data-encoding	2.10.0	normal:all	true
nkeys	0.4.5	ed25519	2.2.3	normal:all	true
nkeys	0.4.5	ed25519-dalek	2.2.0	normal:all	true
nkeys	0.4.5	getrandom	0.2.17	"normal:cfg(target_arch = ""wasm32"")"	true
nkeys	0.4.5	log	0.4.29	normal:all	true
nkeys	0.4.5	rand	0.8.6	normal:all	true
nkeys	0.4.5	signatory	0.27.1	normal:all	true
nom	7.1.3	memchr	2.8.0	normal:all	true
nom	7.1.3	minimal-lexical	0.2.1	normal:all	true
nonempty-collections	0.3.1	serde	1.0.228	normal:all	true
nu-ansi-term	0.50.3	windows-sys	0.61.2	normal:cfg(windows)	true
nuid	0.5.0	rand	0.8.6	normal:all	true
num-bigint	0.4.6	num-integer	0.1.46	normal:all	true
num-bigint	0.4.6	num-traits	0.2.19	normal:all	true
num-bigint-dig	0.8.6	lazy_static	1.5.0	normal:all	true
num-bigint-dig	0.8.6	libm	0.2.16	normal:all	true
num-bigint-dig	0.8.6	num-integer	0.1.46	normal:all	true
num-bigint-dig	0.8.6	num-iter	0.1.45	normal:all	true
num-bigint-dig	0.8.6	num-traits	0.2.19	normal:all	true
num-bigint-dig	0.8.6	rand	0.8.6	normal:all	true
num-bigint-dig	0.8.6	smallvec	1.15.1	normal:all	true
num-bigint-dig	0.8.6	zeroize	1.8.2	normal:all	true
num-integer	0.1.46	num-traits	0.2.19	normal:all	true
num-iter	0.1.45	autocfg	1.5.0	build:all	true
num-iter	0.1.45	num-integer	0.1.46	normal:all	true
num-iter	0.1.45	num-traits	0.2.19	normal:all	true
num-traits	0.2.19	autocfg	1.5.0	build:all	true
num-traits	0.2.19	libm	0.2.16	normal:all	true
num_cpus	1.17.0	hermit-abi	0.5.2	"normal:cfg(target_os = ""hermit"")"	true
num_cpus	1.17.0	libc	0.2.186	normal:cfg(not(windows))	true
num_enum	0.7.5	num_enum_derive	0.7.5	normal:all	true
num_enum	0.7.5	rustversion	1.0.22	normal:all	true
num_enum_derive	0.7.5	proc-macro-crate	2.0.2	normal:all	true
num_enum_derive	0.7.5	proc-macro2	1.0.106	normal:all	true
num_enum_derive	0.7.5	quote	1.0.44	normal:all	true
num_enum_derive	0.7.5	syn	2.0.117	normal:all	true
object	0.38.1	crc32fast	1.5.0	normal:all	true
object	0.38.1	hashbrown	0.16.1	normal:all	true
object	0.38.1	indexmap	2.14.0	normal:all	true
object	0.38.1	memchr	2.8.0	normal:all	true
object	0.39.1	crc32fast	1.5.0	normal:all	true
object	0.39.1	hashbrown	0.17.1	normal:all	true
object	0.39.1	indexmap	2.14.0	normal:all	true
object	0.39.1	memchr	2.8.0	normal:all	true
oid-registry	0.8.1	asn1-rs	0.7.1	normal:all	true
page_size	0.6.0	libc	0.2.186	normal:cfg(unix)	true
page_size	0.6.0	winapi	0.3.9	normal:cfg(windows)	true
parking_lot	0.12.5	lock_api	0.4.14	normal:all	true
parking_lot	0.12.5	parking_lot_core	0.9.12	normal:all	true
parking_lot_core	0.9.12	cfg-if	1.0.4	normal:all	true
parking_lot_core	0.9.12	libc	0.2.186	normal:cfg(unix)	true
parking_lot_core	0.9.12	redox_syscall	0.5.18	"normal:cfg(target_os = ""redox"")"	true
parking_lot_core	0.9.12	smallvec	1.15.1	normal:all	true
parking_lot_core	0.9.12	windows-link	0.2.1	normal:cfg(windows)	true
pem	3.0.6	base64	0.22.1	normal:all	true
pem	3.0.6	serde_core	1.0.228	normal:all	false
pem-rfc7468	0.7.0	base64ct	1.8.3	normal:all	true
pest	2.8.6	memchr	2.8.0	normal:all	true
pest	2.8.6	ucd-trie	0.1.7	normal:all	true
pest_derive	2.8.6	pest	2.8.6	normal:all	true
pest_derive	2.8.6	pest_generator	2.8.6	normal:all	true
pest_generator	2.8.6	pest	2.8.6	normal:all	true
pest_generator	2.8.6	pest_meta	2.8.6	normal:all	true
pest_generator	2.8.6	proc-macro2	1.0.106	normal:all	true
pest_generator	2.8.6	quote	1.0.44	normal:all	true
pest_generator	2.8.6	syn	2.0.117	normal:all	true
pest_meta	2.8.6	pest	2.8.6	normal:all	true
pest_meta	2.8.6	sha2	0.10.9	build:all	true
petgraph	0.6.5	fixedbitset	0.4.2	normal:all	true
petgraph	0.6.5	indexmap	2.14.0	normal:all	true
petgraph	0.8.3	fixedbitset	0.5.7	normal:all	true
petgraph	0.8.3	hashbrown	0.15.5	normal:all	true
petgraph	0.8.3	indexmap	2.14.0	normal:all	true
petgraph	0.8.3	serde	1.0.228	normal:all	false
phf	0.13.1	phf_macros	0.13.1	normal:all	true
phf	0.13.1	phf_shared	0.13.1	normal:all	true
phf	0.13.1	serde	1.0.228	normal:all	false
phf_generator	0.13.1	fastrand	2.3.0	normal:all	true
phf_generator	0.13.1	phf_shared	0.13.1	normal:all	true
phf_macros	0.13.1	phf_generator	0.13.1	normal:all	true
phf_macros	0.13.1	phf_shared	0.13.1	normal:all	true
phf_macros	0.13.1	proc-macro2	1.0.106	normal:all	true
phf_macros	0.13.1	quote	1.0.44	normal:all	true
phf_macros	0.13.1	syn	2.0.117	normal:all	true
phf_shared	0.13.1	siphasher	1.0.2	normal:all	true
pin-project	1.1.10	pin-project-internal	1.1.10	normal:all	true
pin-project-internal	1.1.10	proc-macro2	1.0.106	normal:all	true
pin-project-internal	1.1.10	quote	1.0.44	normal:all	true
pin-project-internal	1.1.10	syn	2.0.117	normal:all	true
pkcs1	0.7.5	der	0.7.10	normal:all	true
pkcs1	0.7.5	pkcs8	0.10.2	normal:all	true
pkcs1	0.7.5	spki	0.7.3	normal:all	true
pkcs8	0.10.2	der	0.7.10	normal:all	true
pkcs8	0.10.2	spki	0.7.3	normal:all	true
plotters	0.3.7	num-traits	0.2.19	normal:all	true
plotters	0.3.7	plotters-backend	0.3.7	normal:all	true
plotters	0.3.7	plotters-svg	0.3.7	normal:all	true
plotters	0.3.7	wasm-bindgen	0.2.113	"normal:cfg(all(target_arch = ""wasm32"", not(target_os = ""wasi"")))"	true
plotters	0.3.7	web-sys	0.3.90	"normal:cfg(all(target_arch = ""wasm32"", not(target_os = ""wasi"")))"	true
plotters-svg	0.3.7	plotters-backend	0.3.7	normal:all	true
pnet_base	0.35.0	no-std-net	0.6.0	normal:all	true
pnet_datalink	0.35.0	ipnetwork	0.20.0	normal:all	true
pnet_datalink	0.35.0	libc	0.2.186	normal:all	true
pnet_datalink	0.35.0	pnet_base	0.35.0	normal:all	true
pnet_datalink	0.35.0	pnet_sys	0.35.0	normal:all	true
pnet_datalink	0.35.0	winapi	0.3.9	normal:cfg(windows)	true
pnet_sys	0.35.0	libc	0.2.186	normal:all	true
pnet_sys	0.35.0	winapi	0.3.9	normal:cfg(windows)	true
portable-atomic-util	0.2.5	portable-atomic	1.13.1	normal:all	true
postcard	1.1.3	cobs	0.3.0	normal:all	true
postcard	1.1.3	embedded-io	0.4.0	normal:all	false
postcard	1.1.3	embedded-io	0.6.1	normal:all	false
postcard	1.1.3	serde	1.0.228	normal:all	true
potential_utf	0.1.4	zerovec	0.11.5	normal:all	true
ppv-lite86	0.2.21	zerocopy	0.8.40	normal:all	true
prettyplease	0.2.37	proc-macro2	1.0.106	normal:all	false
prettyplease	0.2.37	syn	2.0.117	normal:all	false
proc-macro-crate	2.0.2	toml_datetime	0.6.3	normal:all	true
proc-macro-crate	2.0.2	toml_edit	0.20.2	normal:all	true
proc-macro2	1.0.106	unicode-ident	1.0.24	normal:all	true
pulley-interpreter	45.0.3	cranelift-bitset	0.132.3	normal:all	true
pulley-interpreter	45.0.3	log	0.4.29	normal:all	true
pulley-interpreter	45.0.3	pulley-macros	45.0.3	normal:all	true
pulley-interpreter	45.0.3	wasmtime-internal-core	45.0.3	normal:all	true
pulley-macros	45.0.3	proc-macro2	1.0.106	normal:all	true
pulley-macros	45.0.3	quote	1.0.44	normal:all	true
pulley-macros	45.0.3	syn	2.0.117	normal:all	true
quinn	0.11.9	bytes	1.11.1	normal:all	true
quinn	0.11.9	cfg_aliases	0.2.1	build:all	true
quinn	0.11.9	pin-project-lite	0.2.16	normal:all	true
quinn	0.11.9	quinn-proto	0.11.15	normal:all	true
quinn	0.11.9	quinn-udp	0.5.14	normal:all	true
quinn	0.11.9	rustc-hash	2.1.1	normal:all	true
quinn	0.11.9	rustls	0.23.37	normal:all	true
quinn	0.11.9	socket2	0.6.4	"normal:cfg(not(all(target_family = ""wasm"", target_os = ""unknown"")))"	true
quinn	0.11.9	thiserror	2.0.18	normal:all	true
quinn	0.11.9	tokio	1.52.3	normal:all	true
quinn	0.11.9	tracing	0.1.44	normal:all	true
quinn	0.11.9	web-time	1.1.0	"normal:cfg(all(target_family = ""wasm"", target_os = ""unknown""))"	true
quinn-proto	0.11.15	bytes	1.11.1	normal:all	true
quinn-proto	0.11.15	fastbloom	0.14.1	normal:all	true
quinn-proto	0.11.15	getrandom	0.3.4	"normal:cfg(all(target_family = ""wasm"", target_os = ""unknown""))"	true
quinn-proto	0.11.15	lru-slab	0.1.2	normal:all	true
quinn-proto	0.11.15	rand	0.9.4	normal:all	true
quinn-proto	0.11.15	ring	0.17.14	"normal:all;normal:cfg(all(target_family = ""wasm"", target_os = ""unknown""))"	true
quinn-proto	0.11.15	rustc-hash	2.1.1	normal:all	true
quinn-proto	0.11.15	rustls	0.23.37	normal:all	true
quinn-proto	0.11.15	rustls-pki-types	1.14.0	"normal:cfg(all(target_family = ""wasm"", target_os = ""unknown""))"	true
quinn-proto	0.11.15	rustls-platform-verifier	0.6.2	normal:all	true
quinn-proto	0.11.15	slab	0.4.12	normal:all	true
quinn-proto	0.11.15	thiserror	2.0.18	normal:all	true
quinn-proto	0.11.15	tinyvec	1.10.0	normal:all	true
quinn-proto	0.11.15	tracing	0.1.44	normal:all	true
quinn-proto	0.11.15	web-time	1.1.0	"normal:cfg(all(target_family = ""wasm"", target_os = ""unknown""))"	true
quinn-udp	0.5.14	cfg_aliases	0.2.1	build:all	true
quinn-udp	0.5.14	libc	0.2.186	normal:all	true
quinn-udp	0.5.14	once_cell	1.21.3	normal:cfg(windows)	true
quinn-udp	0.5.14	socket2	0.6.4	"normal:cfg(not(all(target_family = ""wasm"", target_os = ""unknown"")))"	true
quinn-udp	0.5.14	tracing	0.1.44	normal:all	true
quinn-udp	0.5.14	windows-sys	0.59.0	normal:cfg(windows)	true
quote	1.0.44	proc-macro2	1.0.106	normal:all	true
rand	0.10.1	chacha20	0.10.0	normal:all	true
rand	0.10.1	getrandom	0.4.1	normal:all	true
rand	0.10.1	rand_core	0.10.1	normal:all	true
rand	0.8.6	libc	0.2.186	normal:cfg(unix)	true
rand	0.8.6	rand_chacha	0.3.1	normal:all	true
rand	0.8.6	rand_core	0.6.4	normal:all	true
rand	0.9.4	rand_chacha	0.9.0	normal:all	true
rand	0.9.4	rand_core	0.9.5	normal:all	true
rand_chacha	0.3.1	ppv-lite86	0.2.21	normal:all	true
rand_chacha	0.3.1	rand_core	0.6.4	normal:all	true
rand_chacha	0.9.0	ppv-lite86	0.2.21	normal:all	true
rand_chacha	0.9.0	rand_core	0.9.5	normal:all	true
rand_core	0.6.4	getrandom	0.2.17	normal:all	true
rand_core	0.9.5	getrandom	0.3.4	normal:all	true
rand_xoshiro	0.7.0	rand_core	0.9.5	normal:all	true
rayon	1.11.0	either	1.15.0	normal:all	true
rayon	1.11.0	rayon-core	1.13.0	normal:all	true
rayon-core	1.13.0	crossbeam-deque	0.8.6	normal:all	true
rayon-core	1.13.0	crossbeam-utils	0.8.21	normal:all	true
rcgen	0.13.2	pem	3.0.6	normal:all	true
rcgen	0.13.2	ring	0.17.14	normal:all	true
rcgen	0.13.2	rustls-pki-types	1.14.0	normal:all	true
rcgen	0.13.2	time	0.3.47	normal:all	true
rcgen	0.13.2	yasna	0.5.2	normal:all	true
redb	3.1.1	libc	0.2.186	"normal:cfg(target_os = ""wasi"")"	true
redox_syscall	0.5.18	bitflags	2.11.0	normal:all	true
redox_users	0.4.6	getrandom	0.2.17	normal:all	true
redox_users	0.4.6	libredox	0.1.12	normal:all	true
redox_users	0.4.6	thiserror	1.0.69	normal:all	true
redox_users	0.5.2	getrandom	0.2.17	normal:all	true
redox_users	0.5.2	libredox	0.1.12	normal:all	true
redox_users	0.5.2	thiserror	2.0.18	normal:all	true
ref-cast	1.0.25	ref-cast-impl	1.0.25	normal:all	true
ref-cast-impl	1.0.25	proc-macro2	1.0.106	normal:all	true
ref-cast-impl	1.0.25	quote	1.0.44	normal:all	true
ref-cast-impl	1.0.25	syn	2.0.117	normal:all	true
regalloc2	0.15.1	allocator-api2	0.2.21	normal:all	true
regalloc2	0.15.1	bumpalo	3.20.2	normal:all	true
regalloc2	0.15.1	hashbrown	0.17.1	normal:all	true
regalloc2	0.15.1	log	0.4.29	normal:all	true
regalloc2	0.15.1	rustc-hash	2.1.1	normal:all	true
regalloc2	0.15.1	smallvec	1.15.1	normal:all	true
regex	1.12.3	aho-corasick	1.1.4	normal:all	true
regex	1.12.3	memchr	2.8.0	normal:all	true
regex	1.12.3	regex-automata	0.4.14	normal:all	true
regex	1.12.3	regex-syntax	0.8.10	normal:all	true
regex-automata	0.4.14	aho-corasick	1.1.4	normal:all	true
regex-automata	0.4.14	memchr	2.8.0	normal:all	true
regex-automata	0.4.14	regex-syntax	0.8.10	normal:all	true
reqwest	0.12.28	base64	0.22.1	normal:all	true
reqwest	0.12.28	bytes	1.11.1	normal:all	true
reqwest	0.12.28	futures-channel	0.3.32	"normal:cfg(not(target_arch = ""wasm32""))"	true
reqwest	0.12.28	futures-core	0.3.32	normal:all	true
reqwest	0.12.28	futures-util	0.3.32	normal:all	true
reqwest	0.12.28	http	1.4.0	normal:all	true
reqwest	0.12.28	http-body	1.0.1	"normal:cfg(not(target_arch = ""wasm32""))"	true
reqwest	0.12.28	http-body-util	0.1.3	"normal:cfg(not(target_arch = ""wasm32""))"	true
reqwest	0.12.28	hyper	1.8.1	"normal:cfg(not(target_arch = ""wasm32""))"	true
reqwest	0.12.28	hyper-rustls	0.27.7	"normal:cfg(not(target_arch = ""wasm32""))"	true
reqwest	0.12.28	hyper-util	0.1.20	"normal:cfg(not(target_arch = ""wasm32""))"	true
reqwest	0.12.28	js-sys	0.3.90	"normal:cfg(target_arch = ""wasm32"")"	true
reqwest	0.12.28	log	0.4.29	"normal:cfg(not(target_arch = ""wasm32""))"	true
reqwest	0.12.28	percent-encoding	2.3.2	"normal:cfg(not(target_arch = ""wasm32""))"	true
reqwest	0.12.28	pin-project-lite	0.2.16	"normal:cfg(not(target_arch = ""wasm32""))"	true
reqwest	0.12.28	quinn	0.11.9	"normal:cfg(not(target_arch = ""wasm32""))"	false
reqwest	0.12.28	rustls	0.23.37	"normal:cfg(not(target_arch = ""wasm32""))"	true
reqwest	0.12.28	rustls-pki-types	1.14.0	"normal:cfg(not(target_arch = ""wasm32""))"	true
reqwest	0.12.28	serde	1.0.228	normal:all	true
reqwest	0.12.28	serde_json	1.0.149	"normal:all;normal:cfg(target_arch = ""wasm32"")"	true
reqwest	0.12.28	serde_urlencoded	0.7.1	normal:all	true
reqwest	0.12.28	sync_wrapper	1.0.2	normal:all	true
reqwest	0.12.28	tokio	1.52.3	"normal:cfg(not(target_arch = ""wasm32""))"	true
reqwest	0.12.28	tokio-rustls	0.26.4	"normal:cfg(not(target_arch = ""wasm32""))"	true
reqwest	0.12.28	tower	0.5.3	"normal:cfg(not(target_arch = ""wasm32""))"	true
reqwest	0.12.28	tower-http	0.6.8	"normal:cfg(not(target_arch = ""wasm32""))"	true
reqwest	0.12.28	tower-service	0.3.3	"normal:cfg(not(target_arch = ""wasm32""))"	true
reqwest	0.12.28	url	2.5.8	normal:all	true
reqwest	0.12.28	wasm-bindgen	0.2.113	"normal:cfg(target_arch = ""wasm32"")"	true
reqwest	0.12.28	wasm-bindgen-futures	0.4.63	"normal:cfg(target_arch = ""wasm32"")"	true
reqwest	0.12.28	web-sys	0.3.90	"normal:cfg(target_arch = ""wasm32"")"	true
reqwest	0.12.28	webpki-roots	1.0.6	"normal:cfg(not(target_arch = ""wasm32""))"	true
ring	0.17.14	cc	1.2.56	build:all	true
ring	0.17.14	cfg-if	1.0.4	normal:all	true
ring	0.17.14	getrandom	0.2.17	normal:all	true
ring	0.17.14	libc	0.2.186	"normal:cfg(all(all(target_arch = ""aarch64"", target_endian = ""little""), target_vendor = ""apple"", any(target_os = ""ios"", target_os = ""macos"", target_os = ""tvos"", target_os = ""visionos"", target_os = ""watchos"")));normal:cfg(all(any(all(target_arch = ""aarch64"", target_endian = ""little""), all(target_arch = ""arm"", target_endian = ""little"")), any(target_os = ""android"", target_os = ""linux"")))"	true
ring	0.17.14	untrusted	0.9.0	normal:all	true
ring	0.17.14	windows-sys	0.52.0	"normal:cfg(all(all(target_arch = ""aarch64"", target_endian = ""little""), target_os = ""windows""))"	true
ringbuffer-spsc	0.1.15	array-init	2.1.0	normal:all	true
ringbuffer-spsc	0.1.15	crossbeam	0.8.4	normal:all	true
rmp	0.8.15	num-traits	0.2.19	normal:all	true
rmp-serde	1.3.1	rmp	0.8.15	normal:all	true
rmp-serde	1.3.1	serde	1.0.228	normal:all	true
ron	0.12.0	bitflags	2.11.0	normal:all	true
ron	0.12.0	once_cell	1.21.3	normal:all	true
ron	0.12.0	serde	1.0.228	normal:all	true
ron	0.12.0	serde_derive	1.0.228	normal:all	true
ron	0.12.0	typeid	1.0.3	normal:all	true
ron	0.12.0	unicode-ident	1.0.24	normal:all	true
rsa	0.9.10	const-oid	0.9.6	normal:all	true
rsa	0.9.10	digest	0.10.7	normal:all	true
rsa	0.9.10	num-bigint-dig	0.8.6	normal:all	true
rsa	0.9.10	num-integer	0.1.46	normal:all	true
rsa	0.9.10	num-traits	0.2.19	normal:all	true
rsa	0.9.10	pkcs1	0.7.5	normal:all	true
rsa	0.9.10	pkcs8	0.10.2	normal:all	true
rsa	0.9.10	rand_core	0.6.4	normal:all	true
rsa	0.9.10	signature	2.2.0	normal:all	true
rsa	0.9.10	spki	0.7.3	normal:all	true
rsa	0.9.10	subtle	2.6.1	normal:all	true
rsa	0.9.10	zeroize	1.8.2	normal:all	true
rsqlite-vfs	0.1.0	hashbrown	0.16.1	normal:all	true
rsqlite-vfs	0.1.0	thiserror	2.0.18	normal:all	true
rusqlite	0.38.0	bitflags	2.11.0	normal:all	true
rusqlite	0.38.0	fallible-iterator	0.3.0	normal:all	true
rusqlite	0.38.0	fallible-streaming-iterator	0.1.9	normal:all	true
rusqlite	0.38.0	hashlink	0.11.0	normal:all	true
rusqlite	0.38.0	libsqlite3-sys	0.36.0	"normal:cfg(not(all(target_family = ""wasm"", target_os = ""unknown"")))"	true
rusqlite	0.38.0	smallvec	1.15.1	normal:all	true
rusqlite	0.38.0	sqlite-wasm-rs	0.5.2	"normal:cfg(all(target_family = ""wasm"", target_os = ""unknown""))"	true
rustc_version	0.4.1	semver	1.0.27	normal:all	true
rusticata-macros	4.1.0	nom	7.1.3	normal:all	true
rustix	1.1.4	bitflags	2.11.0	normal:all	true
rustix	1.1.4	errno	0.3.14	"normal:cfg(all(not(rustix_use_libc), not(miri), target_os = ""linux"", any(target_endian = ""little"", any(target_arch = ""s390x"", target_arch = ""powerpc"")), any(target_arch = ""arm"", all(target_arch = ""aarch64"", target_pointer_width = ""64""), target_arch = ""riscv64"", all(rustix_use_experimental_asm, target_arch = ""powerpc""), all(rustix_use_experimental_asm, target_arch = ""powerpc64""), all(rustix_use_experimental_asm, target_arch = ""s390x""), all(rustix_use_experimental_asm, target_arch = ""mips""), all(rustix_use_experimental_asm, target_arch = ""mips32r6""), all(rustix_use_experimental_asm, target_arch = ""mips64""), all(rustix_use_experimental_asm, target_arch = ""mips64r6""), target_arch = ""x86"", all(target_arch = ""x86_64"", target_pointer_width = ""64""))));normal:cfg(all(not(windows), any(rustix_use_libc, miri, not(all(target_os = ""linux"", any(target_endian = ""little"", any(target_arch = ""s390x"", target_arch = ""powerpc"")), any(target_arch = ""arm"", all(target_arch = ""aarch64"", target_pointer_width = ""64""), target_arch = ""riscv64"", all(rustix_use_experimental_asm, target_arch = ""powerpc""), all(rustix_use_experimental_asm, target_arch = ""powerpc64""), all(rustix_use_experimental_asm, target_arch = ""s390x""), all(rustix_use_experimental_asm, target_arch = ""mips""), all(rustix_use_experimental_asm, target_arch = ""mips32r6""), all(rustix_use_experimental_asm, target_arch = ""mips64""), all(rustix_use_experimental_asm, target_arch = ""mips64r6""), target_arch = ""x86"", all(target_arch = ""x86_64"", target_pointer_width = ""64"")))))));normal:cfg(windows)"	true
rustix	1.1.4	libc	0.2.186	"normal:cfg(all(not(rustix_use_libc), not(miri), target_os = ""linux"", any(target_endian = ""little"", any(target_arch = ""s390x"", target_arch = ""powerpc"")), any(target_arch = ""arm"", all(target_arch = ""aarch64"", target_pointer_width = ""64""), target_arch = ""riscv64"", all(rustix_use_experimental_asm, target_arch = ""powerpc""), all(rustix_use_experimental_asm, target_arch = ""powerpc64""), all(rustix_use_experimental_asm, target_arch = ""s390x""), all(rustix_use_experimental_asm, target_arch = ""mips""), all(rustix_use_experimental_asm, target_arch = ""mips32r6""), all(rustix_use_experimental_asm, target_arch = ""mips64""), all(rustix_use_experimental_asm, target_arch = ""mips64r6""), target_arch = ""x86"", all(target_arch = ""x86_64"", target_pointer_width = ""64""))));normal:cfg(all(not(windows), any(rustix_use_libc, miri, not(all(target_os = ""linux"", any(target_endian = ""little"", any(target_arch = ""s390x"", target_arch = ""powerpc"")), any(target_arch = ""arm"", all(target_arch = ""aarch64"", target_pointer_width = ""64""), target_arch = ""riscv64"", all(rustix_use_experimental_asm, target_arch = ""powerpc""), all(rustix_use_experimental_asm, target_arch = ""powerpc64""), all(rustix_use_experimental_asm, target_arch = ""s390x""), all(rustix_use_experimental_asm, target_arch = ""mips""), all(rustix_use_experimental_asm, target_arch = ""mips32r6""), all(rustix_use_experimental_asm, target_arch = ""mips64""), all(rustix_use_experimental_asm, target_arch = ""mips64r6""), target_arch = ""x86"", all(target_arch = ""x86_64"", target_pointer_width = ""64"")))))))"	true
rustix	1.1.4	linux-raw-sys	0.12.1	"normal:cfg(all(any(target_os = ""linux"", target_os = ""android""), any(rustix_use_libc, miri, not(all(target_os = ""linux"", any(target_endian = ""little"", any(target_arch = ""s390x"", target_arch = ""powerpc"")), any(target_arch = ""arm"", all(target_arch = ""aarch64"", target_pointer_width = ""64""), target_arch = ""riscv64"", all(rustix_use_experimental_asm, target_arch = ""powerpc""), all(rustix_use_experimental_asm, target_arch = ""powerpc64""), all(rustix_use_experimental_asm, target_arch = ""s390x""), all(rustix_use_experimental_asm, target_arch = ""mips""), all(rustix_use_experimental_asm, target_arch = ""mips32r6""), all(rustix_use_experimental_asm, target_arch = ""mips64""), all(rustix_use_experimental_asm, target_arch = ""mips64r6""), target_arch = ""x86"", all(target_arch = ""x86_64"", target_pointer_width = ""64"")))))));normal:cfg(all(not(rustix_use_libc), not(miri), target_os = ""linux"", any(target_endian = ""little"", any(target_arch = ""s390x"", target_arch = ""powerpc"")), any(target_arch = ""arm"", all(target_arch = ""aarch64"", target_pointer_width = ""64""), target_arch = ""riscv64"", all(rustix_use_experimental_asm, target_arch = ""powerpc""), all(rustix_use_experimental_asm, target_arch = ""powerpc64""), all(rustix_use_experimental_asm, target_arch = ""s390x""), all(rustix_use_experimental_asm, target_arch = ""mips""), all(rustix_use_experimental_asm, target_arch = ""mips32r6""), all(rustix_use_experimental_asm, target_arch = ""mips64""), all(rustix_use_experimental_asm, target_arch = ""mips64r6""), target_arch = ""x86"", all(target_arch = ""x86_64"", target_pointer_width = ""64""))))"	true
rustix	1.1.4	windows-sys	0.61.2	normal:cfg(windows)	true
rustix-linux-procfs	0.1.1	once_cell	1.21.3	normal:all	true
rustix-linux-procfs	0.1.1	rustix	1.1.4	normal:all	true
rustls	0.23.37	aws-lc-rs	1.17.0	normal:all	true
rustls	0.23.37	log	0.4.29	normal:all	true
rustls	0.23.37	once_cell	1.21.3	normal:all	true
rustls	0.23.37	ring	0.17.14	normal:all	true
rustls	0.23.37	rustls-pki-types	1.14.0	normal:all	true
rustls	0.23.37	rustls-webpki	0.103.13	normal:all	true
rustls	0.23.37	subtle	2.6.1	normal:all	true
rustls	0.23.37	zeroize	1.8.2	normal:all	true
rustls-native-certs	0.8.3	openssl-probe	0.2.1	"normal:cfg(all(unix, not(target_os = ""macos"")))"	true
rustls-native-certs	0.8.3	rustls-pki-types	1.14.0	normal:all	true
rustls-native-certs	0.8.3	schannel	0.1.28	normal:cfg(windows)	true
rustls-native-certs	0.8.3	security-framework	3.7.0	"normal:cfg(target_os = ""macos"")"	true
rustls-pemfile	2.2.0	rustls-pki-types	1.14.0	normal:all	true
rustls-pki-types	1.14.0	web-time	1.1.0	"normal:cfg(all(target_family = ""wasm"", target_os = ""unknown""))"	true
rustls-pki-types	1.14.0	zeroize	1.8.2	normal:all	true
rustls-platform-verifier	0.6.2	core-foundation	0.10.1	"normal:cfg(any(target_vendor = ""apple""))"	true
rustls-platform-verifier	0.6.2	core-foundation-sys	0.8.7	"normal:cfg(any(target_vendor = ""apple""))"	true
rustls-platform-verifier	0.6.2	jni	0.21.1	"normal:cfg(target_os = ""android"")"	true
rustls-platform-verifier	0.6.2	log	0.4.29	normal:all	true
rustls-platform-verifier	0.6.2	once_cell	1.21.3	"normal:cfg(target_os = ""android"")"	true
rustls-platform-verifier	0.6.2	rustls	0.23.37	normal:all	true
rustls-platform-verifier	0.6.2	rustls-native-certs	0.8.3	"normal:cfg(all(unix, not(target_os = ""android""), not(target_vendor = ""apple""), not(target_arch = ""wasm32"")))"	true
rustls-platform-verifier	0.6.2	rustls-platform-verifier-android	0.1.1	"normal:cfg(target_os = ""android"")"	true
rustls-platform-verifier	0.6.2	rustls-webpki	0.103.13	"normal:cfg(all(unix, not(target_os = ""android""), not(target_vendor = ""apple""), not(target_arch = ""wasm32"")));normal:cfg(target_arch = ""wasm32"");normal:cfg(target_os = ""android"")"	true
rustls-platform-verifier	0.6.2	security-framework	3.7.0	"normal:cfg(any(target_vendor = ""apple""))"	true
rustls-platform-verifier	0.6.2	security-framework-sys	2.17.0	"normal:cfg(any(target_vendor = ""apple""))"	true
rustls-platform-verifier	0.6.2	webpki-root-certs	1.0.6	"normal:cfg(target_arch = ""wasm32"")"	true
rustls-platform-verifier	0.6.2	windows-sys	0.61.2	normal:cfg(windows)	true
rustls-webpki	0.103.13	aws-lc-rs	1.17.0	normal:all	true
rustls-webpki	0.103.13	ring	0.17.14	normal:all	true
rustls-webpki	0.103.13	rustls-pki-types	1.14.0	normal:all	true
rustls-webpki	0.103.13	untrusted	0.9.0	normal:all	true
same-file	1.0.6	winapi-util	0.1.11	normal:cfg(windows)	true
schannel	0.1.28	windows-sys	0.61.2	normal:all	true
schemars	0.9.0	dyn-clone	1.0.20	normal:all	false
schemars	0.9.0	ref-cast	1.0.25	normal:all	false
schemars	0.9.0	serde	1.0.228	normal:all	false
schemars	0.9.0	serde_json	1.0.149	normal:all	false
schemars	1.2.1	dyn-clone	1.0.20	normal:all	true
schemars	1.2.1	either	1.15.0	normal:all	true
schemars	1.2.1	ref-cast	1.0.25	normal:all	true
schemars	1.2.1	schemars_derive	1.2.1	normal:all	true
schemars	1.2.1	serde	1.0.228	normal:all	true
schemars	1.2.1	serde_json	1.0.149	normal:all	true
schemars_derive	1.2.1	proc-macro2	1.0.106	normal:all	true
schemars_derive	1.2.1	quote	1.0.44	normal:all	true
schemars_derive	1.2.1	serde_derive_internals	0.29.1	normal:all	true
schemars_derive	1.2.1	syn	2.0.117	normal:all	true
secrecy	0.8.0	serde	1.0.228	normal:all	true
secrecy	0.8.0	zeroize	1.8.2	normal:all	true
security-framework	3.7.0	bitflags	2.11.0	normal:all	true
security-framework	3.7.0	core-foundation	0.10.1	normal:all	true
security-framework	3.7.0	core-foundation-sys	0.8.7	normal:all	true
security-framework	3.7.0	libc	0.2.186	normal:all	true
security-framework	3.7.0	security-framework-sys	2.17.0	normal:all	true
security-framework-sys	2.17.0	core-foundation-sys	0.8.7	normal:all	true
security-framework-sys	2.17.0	libc	0.2.186	normal:all	true
semver	1.0.27	serde	1.0.228	normal:cfg(any())	true
semver	1.0.27	serde_core	1.0.228	normal:all	true
sentinel-bio	0.1.0	approx	0.5.1	dev:all	true
sentinel-bio	0.1.0	bolero	0.13.4	dev:all	true
sentinel-bio	0.1.0	sentinel-common	0.1.0	normal:all	true
sentinel-cluster-control	0.1.0	anyhow	1.0.103	normal:all	true
sentinel-cluster-control	0.1.0	quinn	0.11.9	normal:all	true
sentinel-cluster-control	0.1.0	rcgen	0.13.2	normal:all	true
sentinel-cluster-control	0.1.0	rustls	0.23.37	normal:all	true
sentinel-cluster-control	0.1.0	sentinel-common	0.1.0	normal:all	true
sentinel-cluster-control	0.1.0	serde	1.0.228	normal:all	true
sentinel-cluster-control	0.1.0	serde_json	1.0.149	normal:all	true
sentinel-cluster-control	0.1.0	sha2	0.10.9	normal:all	true
sentinel-cluster-control	0.1.0	tempfile	3.27.0	dev:all	true
sentinel-cluster-control	0.1.0	thiserror	2.0.18	normal:all	true
sentinel-cluster-control	0.1.0	tokio	1.52.3	dev:all;normal:all	true
sentinel-cluster-control	0.1.0	tracing	0.1.44	normal:all	true
sentinel-cluster-control	0.1.0	uuid	1.22.0	normal:all	true
sentinel-common	0.1.0	anyhow	1.0.103	normal:all	true
sentinel-common	0.1.0	bevy_ecs	0.18.1	normal:all	true
sentinel-common	0.1.0	bincode	2.0.1	normal:all	true
sentinel-common	0.1.0	flatbuffers	25.12.19	normal:all	true
sentinel-common	0.1.0	serde	1.0.228	normal:all	true
sentinel-common	0.1.0	serde_json	1.0.149	normal:all	true
sentinel-common	0.1.0	sha2	0.10.9	normal:all	true
sentinel-common	0.1.0	tempfile	3.27.0	dev:all	true
sentinel-common	0.1.0	thiserror	2.0.18	normal:all	true
sentinel-common	0.1.0	toml	1.0.6+spec-1.1.0	normal:all	true
sentinel-common	0.1.0	tracing	0.1.44	normal:all	true
sentinel-common	0.1.0	uuid	1.22.0	normal:all	true
sentinel-console-plane	0.1.0	sentinel-fs	0.1.0	normal:all	true
sentinel-console-plane	0.1.0	serde	1.0.228	normal:all	true
sentinel-console-plane	0.1.0	zstd	0.13.3	normal:all	true
sentinel-ctl	0.1.0	anyhow	1.0.103	normal:all	true
sentinel-ctl	0.1.0	clap	4.5.60	normal:all	true
sentinel-ctl	0.1.0	reqwest	0.12.28	normal:all	true
sentinel-ctl	0.1.0	serde	1.0.228	normal:all	true
sentinel-ctl	0.1.0	serde_json	1.0.149	normal:all	true
sentinel-daemon	0.1.0	anyhow	1.0.103	normal:all	true
sentinel-daemon	0.1.0	async-nats	0.47.0	normal:all	true
sentinel-daemon	0.1.0	bevy_ecs	0.18.1	normal:all	true
sentinel-daemon	0.1.0	bincode	2.0.1	normal:all	true
sentinel-daemon	0.1.0	chrono	0.4.44	normal:all	true
sentinel-daemon	0.1.0	clap	4.5.60	normal:all	true
sentinel-daemon	0.1.0	criterion	0.8.2	dev:all	true
sentinel-daemon	0.1.0	futures	0.3.32	normal:all	true
sentinel-daemon	0.1.0	redb	3.1.1	normal:all	true
sentinel-daemon	0.1.0	reqwest	0.12.28	normal:all	true
sentinel-daemon	0.1.0	sentinel-cluster-control	0.1.0	normal:all	true
sentinel-daemon	0.1.0	sentinel-common	0.1.0	normal:all	true
sentinel-daemon	0.1.0	sentinel-ebpf	0.1.0	normal:all	true
sentinel-daemon	0.1.0	sentinel-ecs	0.1.0	normal:all	true
sentinel-daemon	0.1.0	sentinel-fs	0.1.0	normal:all	true
sentinel-daemon	0.1.0	sentinel-hippocampus	0.1.0	normal:all	true
sentinel-daemon	0.1.0	sentinel-limbo	0.1.0	normal:all	true
sentinel-daemon	0.1.0	sentinel-projection	0.1.0	normal:all	true
sentinel-daemon	0.1.0	sentinel-redb	0.1.0	normal:all	true
sentinel-daemon	0.1.0	sentinel-runtime	0.1.0	normal:all	true
sentinel-daemon	0.1.0	sentinel-sandbox	0.1.0	normal:all	true
sentinel-daemon	0.1.0	sentinel-telemetry	0.1.0	normal:all	true
sentinel-daemon	0.1.0	sentinel-wasm	0.1.0	normal:all	true
sentinel-daemon	0.1.0	sentinel-zenoh	0.1.0	normal:all	true
sentinel-daemon	0.1.0	serde	1.0.228	normal:all	true
sentinel-daemon	0.1.0	serde_json	1.0.149	normal:all	true
sentinel-daemon	0.1.0	sha2	0.10.9	normal:all	true
sentinel-daemon	0.1.0	tempfile	3.27.0	dev:all	true
sentinel-daemon	0.1.0	tokio	1.52.3	normal:all	true
sentinel-daemon	0.1.0	toml	1.0.6+spec-1.1.0	normal:all	true
sentinel-daemon	0.1.0	tracing	0.1.44	normal:all	true
sentinel-daemon	0.1.0	tracing-subscriber	0.3.22	normal:all	true
sentinel-daemon	0.1.0	uuid	1.22.0	normal:all	true
sentinel-dashboard-backend	0.1.0	anyhow	1.0.103	normal:all	true
sentinel-dashboard-backend	0.1.0	async-nats	0.47.0	normal:all	true
sentinel-dashboard-backend	0.1.0	axum	0.8.9	normal:all	true
sentinel-dashboard-backend	0.1.0	axum-server	0.7.3	normal:all	true
sentinel-dashboard-backend	0.1.0	base64	0.22.1	normal:all	true
sentinel-dashboard-backend	0.1.0	futures	0.3.32	normal:all	true
sentinel-dashboard-backend	0.1.0	rcgen	0.13.2	normal:all	true
sentinel-dashboard-backend	0.1.0	reqwest	0.12.28	normal:all	true
sentinel-dashboard-backend	0.1.0	rmp-serde	1.3.1	normal:all	true
sentinel-dashboard-backend	0.1.0	rusqlite	0.38.0	normal:all	true
sentinel-dashboard-backend	0.1.0	rustls	0.23.37	normal:all	true
sentinel-dashboard-backend	0.1.0	sentinel-common	0.1.0	normal:all	true
sentinel-dashboard-backend	0.1.0	sentinel-console-plane	0.1.0	normal:all	true
sentinel-dashboard-backend	0.1.0	sentinel-gaia	0.1.0	normal:all	true
sentinel-dashboard-backend	0.1.0	sentinel-gaia-loop	0.1.0	normal:all	true
sentinel-dashboard-backend	0.1.0	sentinel-limbo	0.1.0	normal:all	true
sentinel-dashboard-backend	0.1.0	sentinel-projection	0.1.0	normal:all	true
sentinel-dashboard-backend	0.1.0	serde	1.0.228	normal:all	true
sentinel-dashboard-backend	0.1.0	serde_json	1.0.149	normal:all	true
sentinel-dashboard-backend	0.1.0	sha2	0.10.9	normal:all	true
sentinel-dashboard-backend	0.1.0	tempfile	3.27.0	dev:all	true
sentinel-dashboard-backend	0.1.0	thiserror	2.0.18	normal:all	true
sentinel-dashboard-backend	0.1.0	time	0.3.47	normal:all	true
sentinel-dashboard-backend	0.1.0	tokio	1.52.3	dev:all;normal:all	true
sentinel-dashboard-backend	0.1.0	toml	1.0.6+spec-1.1.0	normal:all	true
sentinel-dashboard-backend	0.1.0	tower	0.5.3	dev:all;normal:all	true
sentinel-dashboard-backend	0.1.0	tower-http	0.6.8	normal:all	true
sentinel-dashboard-backend	0.1.0	tracing	0.1.44	normal:all	true
sentinel-dashboard-backend	0.1.0	tracing-subscriber	0.3.22	normal:all	true
sentinel-dashboard-backend	0.1.0	uuid	1.22.0	normal:all	true
sentinel-dashboard-backend	0.1.0	wtransport	0.6.1	normal:all	true
sentinel-dashboard-backend	0.1.0	zstd	0.13.3	normal:all	true
sentinel-ebpf	0.1.0	anyhow	1.0.103	normal:all	true
sentinel-ebpf	0.1.0	approx	0.5.1	dev:all	true
sentinel-ebpf	0.1.0	aya	0.13.2	normal:all	true
sentinel-ebpf	0.1.0	aya-log	0.2.2	normal:all	true
sentinel-ebpf	0.1.0	libc	0.2.186	normal:all	true
sentinel-ebpf	0.1.0	object	0.38.1	normal:all	true
sentinel-ebpf	0.1.0	sentinel-common	0.1.0	normal:all	true
sentinel-ebpf	0.1.0	serde	1.0.228	normal:all	true
sentinel-ebpf	0.1.0	serde_json	1.0.149	normal:all	true
sentinel-ebpf	0.1.0	thiserror	2.0.18	normal:all	true
sentinel-ebpf	0.1.0	tokio	1.52.3	normal:all	true
sentinel-ebpf	0.1.0	tracing	0.1.44	normal:all	true
sentinel-ebpf	0.1.0	tracing-subscriber	0.3.22	dev:all;normal:all	true
sentinel-ecs	0.1.0	bevy_ecs	0.18.1	normal:all	true
sentinel-ecs	0.1.0	bincode	2.0.1	normal:all	true
sentinel-ecs	0.1.0	criterion	0.8.2	dev:all	true
sentinel-ecs	0.1.0	insta	1.46.3	dev:all	true
sentinel-ecs	0.1.0	sentinel-bio	0.1.0	normal:all	true
sentinel-ecs	0.1.0	sentinel-common	0.1.0	dev:all;normal:all	true
sentinel-ecs	0.1.0	sentinel-limbo	0.1.0	normal:all	true
sentinel-ecs	0.1.0	sentinel-physics	0.1.0	normal:all	true
sentinel-ecs	0.1.0	sentinel-redb	0.1.0	normal:all	true
sentinel-ecs	0.1.0	sentinel-telemetry	0.1.0	dev:all	true
sentinel-ecs	0.1.0	sentinel-wasm	0.1.0	normal:all	true
sentinel-ecs	0.1.0	serde	1.0.228	normal:all	true
sentinel-ecs	0.1.0	serde_json	1.0.149	normal:all	true
sentinel-ecs	0.1.0	sha2	0.10.9	normal:all	true
sentinel-ecs	0.1.0	tempfile	3.27.0	dev:all	true
sentinel-ecs	0.1.0	tokio	1.52.3	normal:all	true
sentinel-ecs	0.1.0	toml	1.0.6+spec-1.1.0	dev:all	true
sentinel-ecs	0.1.0	tracing	0.1.44	normal:all	true
sentinel-ecs	0.1.0	uuid	1.22.0	normal:all	true
sentinel-fs	0.1.0	anyhow	1.0.103	normal:all	true
sentinel-fs	0.1.0	bincode	2.0.1	normal:all	true
sentinel-fs	0.1.0	blake3	1.8.3	normal:all	true
sentinel-fs	0.1.0	criterion	0.8.2	dev:all	true
sentinel-fs	0.1.0	fuser	0.17.0	normal:all	true
sentinel-fs	0.1.0	libc	0.2.186	normal:all	true
sentinel-fs	0.1.0	rayon	1.11.0	normal:all	true
sentinel-fs	0.1.0	redb	3.1.1	normal:all	true
sentinel-fs	0.1.0	rustix	1.1.4	normal:all	true
sentinel-fs	0.1.0	sentinel-common	0.1.0	normal:all	true
sentinel-fs	0.1.0	sentinel-telemetry	0.1.0	normal:all	true
sentinel-fs	0.1.0	serde	1.0.228	normal:all	true
sentinel-fs	0.1.0	serde_json	1.0.149	normal:all	true
sentinel-fs	0.1.0	sha2	0.10.9	normal:all	true
sentinel-fs	0.1.0	tempfile	3.27.0	dev:all	true
sentinel-fs	0.1.0	tracing	0.1.44	normal:all	true
sentinel-fs	0.1.0	uuid	1.22.0	normal:all	true
sentinel-fs	0.1.0	zstd	0.13.3	normal:all	true
sentinel-gaia	0.1.0	anyhow	1.0.103	normal:all	true
sentinel-gaia	0.1.0	blake3	1.8.3	normal:all	true
sentinel-gaia	0.1.0	clap	4.5.60	normal:all	true
sentinel-gaia	0.1.0	sentinel-common	0.1.0	normal:all	true
sentinel-gaia	0.1.0	serde	1.0.228	normal:all	true
sentinel-gaia	0.1.0	serde_json	1.0.149	normal:all	true
sentinel-gaia	0.1.0	tempfile	3.27.0	dev:all	true
sentinel-gaia	0.1.0	toml	1.0.6+spec-1.1.0	normal:all	true
sentinel-gaia-loop	0.1.0	anyhow	1.0.103	normal:all	true
sentinel-gaia-loop	0.1.0	async-nats	0.47.0	normal:all	true
sentinel-gaia-loop	0.1.0	clap	4.5.60	normal:all	true
sentinel-gaia-loop	0.1.0	fs2	0.4.3	normal:all	true
sentinel-gaia-loop	0.1.0	futures	0.3.32	normal:all	true
sentinel-gaia-loop	0.1.0	libc	0.2.186	normal:all	true
sentinel-gaia-loop	0.1.0	sentinel-common	0.1.0	normal:all	true
sentinel-gaia-loop	0.1.0	sentinel-limbo	0.1.0	normal:all	true
sentinel-gaia-loop	0.1.0	serde	1.0.228	normal:all	true
sentinel-gaia-loop	0.1.0	serde_json	1.0.149	normal:all	true
sentinel-gaia-loop	0.1.0	sha2	0.10.9	normal:all	true
sentinel-gaia-loop	0.1.0	tempfile	3.27.0	dev:all	true
sentinel-gaia-loop	0.1.0	thiserror	2.0.18	normal:all	true
sentinel-gaia-loop	0.1.0	tokio	1.52.3	normal:all	true
sentinel-gaia-loop	0.1.0	tracing	0.1.44	normal:all	true
sentinel-gaia-loop	0.1.0	tracing-subscriber	0.3.22	normal:all	true
sentinel-gaia-loop	0.1.0	uuid	1.22.0	normal:all	true
sentinel-gaia-memory	0.1.0	anyhow	1.0.103	normal:all	true
sentinel-gaia-memory	0.1.0	bincode	2.0.1	normal:all	true
sentinel-gaia-memory	0.1.0	clap	4.5.60	normal:all	true
sentinel-gaia-memory	0.1.0	criterion	0.8.2	dev:all	true
sentinel-gaia-memory	0.1.0	redb	3.1.1	normal:all	true
sentinel-gaia-memory	0.1.0	rusqlite	0.38.0	normal:all	true
sentinel-gaia-memory	0.1.0	sentinel-hippocampus	0.1.0	normal:all	true
sentinel-gaia-memory	0.1.0	sentinel-limbo	0.1.0	dev:all	true
sentinel-gaia-memory	0.1.0	sentinel-projection	0.1.0	dev:all	true
sentinel-gaia-memory	0.1.0	serde	1.0.228	normal:all	true
sentinel-gaia-memory	0.1.0	serde_json	1.0.149	normal:all	true
sentinel-gaia-memory	0.1.0	sha2	0.10.9	normal:all	true
sentinel-gaia-memory	0.1.0	tempfile	3.27.0	dev:all	true
sentinel-gaia-memory	0.1.0	thiserror	2.0.18	normal:all	true
sentinel-gaia-memory	0.1.0	uuid	1.22.0	normal:all	true
sentinel-hippocampus	0.1.0	anyhow	1.0.103	normal:all	true
sentinel-hippocampus	0.1.0	approx	0.5.1	dev:all	true
sentinel-hippocampus	0.1.0	criterion	0.8.2	dev:all	true
sentinel-hippocampus	0.1.0	redb	3.1.1	normal:all	true
sentinel-hippocampus	0.1.0	sentinel-common	0.1.0	normal:all	true
sentinel-hippocampus	0.1.0	serde	1.0.228	normal:all	true
sentinel-hippocampus	0.1.0	serde_json	1.0.149	normal:all	true
sentinel-hippocampus	0.1.0	tempfile	3.27.0	dev:all	true
sentinel-hippocampus	0.1.0	thiserror	2.0.18	normal:all	true
sentinel-limbo	0.1.0	anyhow	1.0.103	normal:all	true
sentinel-limbo	0.1.0	criterion	0.8.2	dev:all	true
sentinel-limbo	0.1.0	rusqlite	0.38.0	dev:all;normal:all	true
sentinel-limbo	0.1.0	sentinel-common	0.1.0	normal:all	true
sentinel-limbo	0.1.0	sentinel-telemetry	0.1.0	normal:all	true
sentinel-limbo	0.1.0	serde	1.0.228	normal:all	true
sentinel-limbo	0.1.0	serde_json	1.0.149	normal:all	true
sentinel-limbo	0.1.0	tempfile	3.27.0	dev:all	true
sentinel-limbo	0.1.0	tokio	1.52.3	dev:all;normal:all	true
sentinel-limbo	0.1.0	tracing	0.1.44	normal:all	true
sentinel-limbo	0.1.0	uuid	1.22.0	normal:all	true
sentinel-microvm	0.1.0	anyhow	1.0.103	normal:all	true
sentinel-microvm	0.1.0	sentinel-common	0.1.0	dev:all;normal:all	true
sentinel-microvm	0.1.0	sentinel-fs	0.1.0	normal:all	true
sentinel-microvm	0.1.0	serde	1.0.228	normal:all	true
sentinel-microvm	0.1.0	serde_json	1.0.149	normal:all	true
sentinel-microvm	0.1.0	tempfile	3.27.0	dev:all	true
sentinel-microvm	0.1.0	tracing	0.1.44	normal:all	true
sentinel-nightrun	0.1.0	anyhow	1.0.103	normal:all	true
sentinel-nightrun	0.1.0	approx	0.5.1	dev:all	true
sentinel-nightrun	0.1.0	clap	4.5.60	normal:all	true
sentinel-nightrun	0.1.0	criterion	0.8.2	dev:all	true
sentinel-nightrun	0.1.0	libc	0.2.186	normal:all	true
sentinel-nightrun	0.1.0	rusqlite	0.38.0	normal:all	true
sentinel-nightrun	0.1.0	sentinel-common	0.1.0	normal:all	true
sentinel-nightrun	0.1.0	sentinel-hippocampus	0.1.0	normal:all	true
sentinel-nightrun	0.1.0	sentinel-limbo	0.1.0	normal:all	true
sentinel-nightrun	0.1.0	sentinel-telemetry	0.1.0	normal:all	true
sentinel-nightrun	0.1.0	serde	1.0.228	normal:all	true
sentinel-nightrun	0.1.0	serde_json	1.0.149	normal:all	true
sentinel-nightrun	0.1.0	sha2	0.10.9	normal:all	true
sentinel-nightrun	0.1.0	tempfile	3.27.0	dev:all	true
sentinel-nightrun	0.1.0	tokio	1.52.3	normal:all	true
sentinel-nightrun	0.1.0	toml	1.0.6+spec-1.1.0	normal:all	true
sentinel-nightrun	0.1.0	tracing	0.1.44	normal:all	true
sentinel-nightrun	0.1.0	tracing-subscriber	0.3.22	normal:all	true
sentinel-nightrun	0.1.0	uuid	1.22.0	normal:all	true
sentinel-physics	0.1.0	approx	0.5.1	dev:all	true
sentinel-physics	0.1.0	bolero	0.13.4	dev:all	true
sentinel-physics	0.1.0	insta	1.46.3	dev:all	true
sentinel-physics	0.1.0	sentinel-common	0.1.0	normal:all	true
sentinel-projection	0.1.0	anyhow	1.0.103	normal:all	true
sentinel-projection	0.1.0	criterion	0.8.2	dev:all	true
sentinel-projection	0.1.0	rusqlite	0.38.0	normal:all	true
sentinel-projection	0.1.0	sentinel-common	0.1.0	normal:all	true
sentinel-projection	0.1.0	sentinel-limbo	0.1.0	normal:all	true
sentinel-projection	0.1.0	sentinel-physics	0.1.0	normal:all	true
sentinel-projection	0.1.0	sentinel-telemetry	0.1.0	normal:all	true
sentinel-projection	0.1.0	serde	1.0.228	normal:all	true
sentinel-projection	0.1.0	serde_json	1.0.149	normal:all	true
sentinel-projection	0.1.0	tempfile	3.27.0	dev:all	true
sentinel-projection	0.1.0	tracing	0.1.44	normal:all	true
sentinel-projection	0.1.0	uuid	1.22.0	normal:all	true
sentinel-projection-service	0.1.0	anyhow	1.0.103	normal:all	true
sentinel-projection-service	0.1.0	clap	4.5.60	normal:all	true
sentinel-projection-service	0.1.0	sentinel-common	0.1.0	normal:all	true
sentinel-projection-service	0.1.0	sentinel-limbo	0.1.0	normal:all	true
sentinel-projection-service	0.1.0	sentinel-projection	0.1.0	normal:all	true
sentinel-projection-service	0.1.0	sentinel-telemetry	0.1.0	normal:all	true
sentinel-projection-service	0.1.0	tokio	1.52.3	normal:all	true
sentinel-projection-service	0.1.0	tracing	0.1.44	normal:all	true
sentinel-projection-service	0.1.0	tracing-subscriber	0.3.22	normal:all	true
sentinel-redb	0.1.0	anyhow	1.0.103	normal:all	true
sentinel-redb	0.1.0	redb	3.1.1	normal:all	true
sentinel-redb	0.1.0	sentinel-common	0.1.0	normal:all	true
sentinel-redb	0.1.0	sentinel-telemetry	0.1.0	normal:all	true
sentinel-redb	0.1.0	serde	1.0.228	normal:all	true
sentinel-redb	0.1.0	serde_json	1.0.149	normal:all	true
sentinel-redb	0.1.0	sha2	0.10.9	dev:all	true
sentinel-redb	0.1.0	tempfile	3.27.0	dev:all	true
sentinel-redb	0.1.0	tracing	0.1.44	normal:all	true
sentinel-redb	0.1.0	uuid	1.22.0	dev:all	true
sentinel-runtime	0.1.0	anyhow	1.0.103	normal:all	true
sentinel-runtime	0.1.0	bevy_ecs	0.18.1	normal:all	true
sentinel-runtime	0.1.0	criterion	0.8.2	dev:all	true
sentinel-runtime	0.1.0	sentinel-common	0.1.0	dev:all;normal:all	true
sentinel-runtime	0.1.0	sentinel-ecs	0.1.0	normal:all	true
sentinel-runtime	0.1.0	sentinel-limbo	0.1.0	dev:all;normal:all	true
sentinel-runtime	0.1.0	serde	1.0.228	normal:all	true
sentinel-runtime	0.1.0	serde_json	1.0.149	normal:all	true
sentinel-runtime	0.1.0	tempfile	3.27.0	dev:all	true
sentinel-runtime	0.1.0	tracing	0.1.44	normal:all	true
sentinel-runtime	0.1.0	uuid	1.22.0	normal:all	true
sentinel-sandbox	0.1.0	anyhow	1.0.103	normal:all	true
sentinel-sandbox	0.1.0	criterion	0.8.2	dev:all	true
sentinel-sandbox	0.1.0	landlock	0.4.4	normal:all	true
sentinel-sandbox	0.1.0	libc	0.2.186	normal:all	true
sentinel-sandbox	0.1.0	sentinel-common	0.1.0	dev:all;normal:all	true
sentinel-sandbox	0.1.0	sentinel-fs	0.1.0	normal:all	true
sentinel-sandbox	0.1.0	sentinel-zenoh	0.1.0	normal:all	true
sentinel-sandbox	0.1.0	serde	1.0.228	normal:all	true
sentinel-sandbox	0.1.0	serde_json	1.0.149	normal:all	true
sentinel-sandbox	0.1.0	tempfile	3.27.0	dev:all	true
sentinel-sandbox	0.1.0	tokio	1.52.3	normal:all	true
sentinel-sandbox	0.1.0	tracing	0.1.44	normal:all	true
sentinel-telemetry	0.1.0	criterion	0.5.1	dev:all	true
sentinel-telemetry	0.1.0	sentinel-common	0.1.0	normal:all	true
sentinel-telemetry	0.1.0	serde	1.0.228	normal:all	true
sentinel-telemetry	0.1.0	serde_json	1.0.149	normal:all	true
sentinel-telemetry	0.1.0	tracing	0.1.44	normal:all	true
sentinel-telemetry	0.1.0	tracing-subscriber	0.3.22	normal:all	true
sentinel-telemetry	0.1.0	uuid	1.22.0	normal:all	true
sentinel-wasm	0.1.0	anyhow	1.0.103	normal:all	true
sentinel-wasm	0.1.0	criterion	0.8.2	dev:all	true
sentinel-wasm	0.1.0	sentinel-common	0.1.0	dev:all;normal:all	true
sentinel-wasm	0.1.0	serde	1.0.228	normal:all	true
sentinel-wasm	0.1.0	serde_json	1.0.149	normal:all	true
sentinel-wasm	0.1.0	tempfile	3.27.0	dev:all	true
sentinel-wasm	0.1.0	tracing	0.1.44	normal:all	true
sentinel-wasm	0.1.0	wasmtime	45.0.3	normal:all	true
sentinel-wasm	0.1.0	wasmtime-wasi	45.0.3	normal:all	true
sentinel-zenoh	0.1.0	anyhow	1.0.103	normal:all	true
sentinel-zenoh	0.1.0	criterion	0.5.1	dev:all	true
sentinel-zenoh	0.1.0	flatbuffers	25.12.19	normal:all	true
sentinel-zenoh	0.1.0	sentinel-common	0.1.0	dev:all;normal:all	true
sentinel-zenoh	0.1.0	sentinel-telemetry	0.1.0	normal:all	true
sentinel-zenoh	0.1.0	serde	1.0.228	normal:all	true
sentinel-zenoh	0.1.0	serde_json	1.0.149	dev:all;normal:all	true
sentinel-zenoh	0.1.0	tokio	1.52.3	dev:all;normal:all	true
sentinel-zenoh	0.1.0	tracing	0.1.44	normal:all	true
sentinel-zenoh	0.1.0	tracing-subscriber	0.3.22	dev:all	true
sentinel-zenoh	0.1.0	uuid	1.22.0	dev:all;normal:all	true
sentinel-zenoh	0.1.0	zenoh	1.7.2	normal:all	true
serde	1.0.228	serde_core	1.0.228	normal:all	true
serde	1.0.228	serde_derive	1.0.228	normal:all	true
serde_core	1.0.228	serde_derive	1.0.228	normal:cfg(any())	true
serde_derive	1.0.228	proc-macro2	1.0.106	normal:all	true
serde_derive	1.0.228	quote	1.0.44	normal:all	true
serde_derive	1.0.228	syn	2.0.117	normal:all	true
serde_derive_internals	0.29.1	proc-macro2	1.0.106	normal:all	true
serde_derive_internals	0.29.1	quote	1.0.44	normal:all	true
serde_derive_internals	0.29.1	syn	2.0.117	normal:all	true
serde_json	1.0.149	itoa	1.0.17	normal:all	true
serde_json	1.0.149	memchr	2.8.0	normal:all	true
serde_json	1.0.149	serde	1.0.228	normal:cfg(any())	true
serde_json	1.0.149	serde_core	1.0.228	normal:all	true
serde_json	1.0.149	zmij	1.0.21	normal:all	true
serde_nanos	0.1.4	serde	1.0.228	normal:all	true
serde_path_to_error	0.1.20	itoa	1.0.17	normal:all	true
serde_path_to_error	0.1.20	serde	1.0.228	normal:cfg(any())	true
serde_path_to_error	0.1.20	serde_core	1.0.228	normal:all	true
serde_repr	0.1.20	proc-macro2	1.0.106	normal:all	true
serde_repr	0.1.20	quote	1.0.44	normal:all	true
serde_repr	0.1.20	syn	2.0.117	normal:all	true
serde_spanned	1.0.4	serde_core	1.0.228	normal:all	true
serde_urlencoded	0.7.1	form_urlencoded	1.2.2	normal:all	true
serde_urlencoded	0.7.1	itoa	1.0.17	normal:all	true
serde_urlencoded	0.7.1	ryu	1.0.23	normal:all	true
serde_urlencoded	0.7.1	serde	1.0.228	normal:all	true
serde_with	3.17.0	base64	0.22.1	normal:all	false
serde_with	3.17.0	chrono	0.4.44	normal:all	false
serde_with	3.17.0	hex	0.4.3	normal:all	false
serde_with	3.17.0	indexmap	1.9.3	normal:all	false
serde_with	3.17.0	indexmap	2.14.0	normal:all	false
serde_with	3.17.0	schemars	0.9.0	normal:all	false
serde_with	3.17.0	schemars	1.2.1	normal:all	false
serde_with	3.17.0	serde_core	1.0.228	normal:all	true
serde_with	3.17.0	serde_json	1.0.149	normal:all	false
serde_with	3.17.0	serde_with_macros	3.17.0	normal:all	true
serde_with	3.17.0	time	0.3.47	normal:all	false
serde_with_macros	3.17.0	darling	0.21.3	normal:all	true
serde_with_macros	3.17.0	proc-macro2	1.0.106	normal:all	true
serde_with_macros	3.17.0	quote	1.0.44	normal:all	true
serde_with_macros	3.17.0	syn	2.0.117	normal:all	true
serde_yaml	0.9.34+deprecated	indexmap	2.14.0	normal:all	true
serde_yaml	0.9.34+deprecated	itoa	1.0.17	normal:all	true
serde_yaml	0.9.34+deprecated	ryu	1.0.23	normal:all	true
serde_yaml	0.9.34+deprecated	serde	1.0.228	normal:all	true
serde_yaml	0.9.34+deprecated	unsafe-libyaml	0.2.11	normal:all	true
sha1	0.10.6	cfg-if	1.0.4	normal:all	true
sha1	0.10.6	cpufeatures	0.2.17	"normal:cfg(any(target_arch = ""aarch64"", target_arch = ""x86"", target_arch = ""x86_64""))"	true
sha1	0.10.6	digest	0.10.7	normal:all	true
sha2	0.10.9	cfg-if	1.0.4	normal:all	true
sha2	0.10.9	cpufeatures	0.2.17	"normal:cfg(any(target_arch = ""aarch64"", target_arch = ""x86_64"", target_arch = ""x86""))"	true
sha2	0.10.9	digest	0.10.7	normal:all	true
sha3	0.10.8	digest	0.10.7	normal:all	true
sha3	0.10.8	keccak	0.1.6	normal:all	true
sharded-slab	0.1.7	lazy_static	1.5.0	normal:all	true
shellexpand	3.1.2	dirs	6.0.0	normal:all	true
signal-hook-registry	1.4.8	errno	0.3.14	normal:all	true
signal-hook-registry	1.4.8	libc	0.2.186	normal:all	true
signatory	0.27.1	pkcs8	0.10.2	normal:all	true
signatory	0.27.1	rand_core	0.6.4	normal:all	true
signatory	0.27.1	signature	2.2.0	normal:all	true
signatory	0.27.1	zeroize	1.8.2	normal:all	true
signature	2.2.0	digest	0.10.7	normal:all	true
signature	2.2.0	rand_core	0.6.4	normal:all	true
slotmap	1.1.1	version_check	0.9.5	build:all	true
smallvec	1.15.1	serde	1.0.228	normal:all	true
smol_str	0.2.2	serde	1.0.228	normal:all	false
socket2	0.5.10	libc	0.2.186	normal:cfg(unix)	true
socket2	0.5.10	windows-sys	0.52.0	normal:cfg(windows)	true
socket2	0.6.4	libc	0.2.186	"normal:cfg(any(unix, target_os = ""wasi""))"	true
socket2	0.6.4	windows-sys	0.61.2	normal:cfg(windows)	true
spin	0.10.1	portable-atomic	1.13.1	normal:all	true
spin	0.9.9	lock_api	0.4.14	normal:all	true
spki	0.7.3	base64ct	1.8.3	normal:all	false
spki	0.7.3	der	0.7.10	normal:all	true
sqlite-wasm-rs	0.5.2	cc	1.2.56	build:all	true
sqlite-wasm-rs	0.5.2	js-sys	0.3.90	normal:all	true
sqlite-wasm-rs	0.5.2	rsqlite-vfs	0.1.0	normal:all	true
sqlite-wasm-rs	0.5.2	wasm-bindgen	0.2.113	normal:all	true
stabby	72.1.4	rustversion	1.0.22	normal:all	true
stabby	72.1.4	stabby-abi	72.1.4	normal:all	true
stabby-abi	72.1.4	rustc_version	0.4.1	build:all	true
stabby-abi	72.1.4	rustversion	1.0.22	normal:all	true
stabby-abi	72.1.4	sha2-const-stable	0.1.0	normal:all	true
stabby-abi	72.1.4	stabby-macros	72.1.4	normal:all	true
stabby-macros	72.1.4	proc-macro-crate	2.0.2	normal:all	true
stabby-macros	72.1.4	proc-macro2	1.0.106	normal:all	true
stabby-macros	72.1.4	quote	1.0.44	normal:all	true
stabby-macros	72.1.4	rand	0.8.6	normal:all	true
stabby-macros	72.1.4	syn	2.0.117	normal:all	true
syn	2.0.117	proc-macro2	1.0.106	normal:all	true
syn	2.0.117	quote	1.0.44	normal:all	true
syn	2.0.117	unicode-ident	1.0.24	normal:all	true
sync_wrapper	1.0.2	futures-core	0.3.32	normal:all	true
synstructure	0.13.2	proc-macro2	1.0.106	normal:all	true
synstructure	0.13.2	quote	1.0.44	normal:all	true
synstructure	0.13.2	syn	2.0.117	normal:all	true
tempfile	3.27.0	fastrand	2.3.0	normal:all	true
tempfile	3.27.0	getrandom	0.4.1	"normal:cfg(any(unix, windows, target_os = ""wasi""))"	true
tempfile	3.27.0	once_cell	1.21.3	normal:all	true
tempfile	3.27.0	rustix	1.1.4	"normal:cfg(any(unix, target_os = ""wasi""))"	true
tempfile	3.27.0	windows-sys	0.61.2	normal:cfg(windows)	true
termcolor	1.4.1	winapi-util	0.1.11	normal:cfg(windows)	true
thiserror	1.0.69	thiserror-impl	1.0.69	normal:all	true
thiserror	2.0.18	thiserror-impl	2.0.18	normal:all	true
thiserror-impl	1.0.69	proc-macro2	1.0.106	normal:all	true
thiserror-impl	1.0.69	quote	1.0.44	normal:all	true
thiserror-impl	1.0.69	syn	2.0.117	normal:all	true
thiserror-impl	2.0.18	proc-macro2	1.0.106	normal:all	true
thiserror-impl	2.0.18	quote	1.0.44	normal:all	true
thiserror-impl	2.0.18	syn	2.0.117	normal:all	true
thread_local	1.1.9	cfg-if	1.0.4	normal:all	true
time	0.3.47	deranged	0.5.8	normal:all	true
time	0.3.47	itoa	1.0.17	normal:all	true
time	0.3.47	num-conv	0.2.0	normal:all	true
time	0.3.47	powerfmt	0.2.0	normal:all	true
time	0.3.47	serde_core	1.0.228	normal:all	true
time	0.3.47	time-core	0.1.8	normal:all	true
time	0.3.47	time-macros	0.2.27	normal:all	true
time-macros	0.2.27	num-conv	0.2.0	normal:all	true
time-macros	0.2.27	time-core	0.1.8	normal:all	true
tinystr	0.8.2	displaydoc	0.2.5	normal:all	true
tinystr	0.8.2	zerovec	0.11.5	normal:all	true
tinytemplate	1.2.1	serde	1.0.228	normal:all	true
tinytemplate	1.2.1	serde_json	1.0.149	normal:all	true
tinyvec	1.10.0	tinyvec_macros	0.1.1	normal:all	true
tls-listener	0.11.2	futures-util	0.3.32	normal:all	true
tls-listener	0.11.2	pin-project-lite	0.2.16	normal:all	true
tls-listener	0.11.2	thiserror	2.0.18	normal:all	true
tls-listener	0.11.2	tokio	1.52.3	normal:all	true
tls-listener	0.11.2	tokio-rustls	0.26.4	normal:all	true
token-cell	2.1.1	paste	1.0.15	normal:all	true
token-cell	2.1.1	portable-atomic	1.13.1	normal:all	true
token-cell	2.1.1	rustversion	1.0.22	normal:all	true
tokio	1.52.3	bytes	1.11.1	normal:all	true
tokio	1.52.3	libc	0.2.186	"normal:cfg(all(tokio_unstable, target_os = ""linux""));normal:cfg(target_os = ""wasi"");normal:cfg(unix)"	true
tokio	1.52.3	mio	1.2.1	"normal:all;normal:cfg(all(tokio_unstable, target_os = ""linux""))"	true
tokio	1.52.3	parking_lot	0.12.5	normal:all	true
tokio	1.52.3	pin-project-lite	0.2.16	normal:all	true
tokio	1.52.3	signal-hook-registry	1.4.8	normal:cfg(unix)	true
tokio	1.52.3	socket2	0.6.4	"normal:cfg(any(not(target_family = ""wasm""), all(target_os = ""wasi"", not(target_env = ""p1""))))"	true
tokio	1.52.3	tokio-macros	2.7.0	normal:all	true
tokio	1.52.3	windows-sys	0.61.2	normal:cfg(windows)	true
tokio-macros	2.7.0	proc-macro2	1.0.106	normal:all	true
tokio-macros	2.7.0	quote	1.0.44	normal:all	true
tokio-macros	2.7.0	syn	2.0.117	normal:all	true
tokio-rustls	0.26.4	rustls	0.23.37	normal:all	true
tokio-rustls	0.26.4	tokio	1.52.3	normal:all	true
tokio-stream	0.1.18	futures-core	0.3.32	normal:all	true
tokio-stream	0.1.18	pin-project-lite	0.2.16	normal:all	true
tokio-stream	0.1.18	tokio	1.52.3	normal:all	true
tokio-tungstenite	0.24.0	futures-util	0.3.32	normal:all	true
tokio-tungstenite	0.24.0	log	0.4.29	normal:all	true
tokio-tungstenite	0.24.0	tokio	1.52.3	normal:all	true
tokio-tungstenite	0.24.0	tungstenite	0.24.0	normal:all	true
tokio-util	0.7.18	bytes	1.11.1	normal:all	true
tokio-util	0.7.18	futures-core	0.3.32	normal:all	true
tokio-util	0.7.18	futures-sink	0.3.32	normal:all	true
tokio-util	0.7.18	futures-util	0.3.32	normal:all	true
tokio-util	0.7.18	pin-project-lite	0.2.16	normal:all	true
tokio-util	0.7.18	tokio	1.52.3	normal:all	true
tokio-websockets	0.10.1	base64	0.22.1	normal:all	true
tokio-websockets	0.10.1	bytes	1.11.1	normal:all	true
tokio-websockets	0.10.1	futures-core	0.3.32	normal:all	true
tokio-websockets	0.10.1	futures-sink	0.3.32	normal:all	true
tokio-websockets	0.10.1	http	1.4.0	normal:all	true
tokio-websockets	0.10.1	httparse	1.10.1	normal:all	true
tokio-websockets	0.10.1	rand	0.8.6	normal:all	true
tokio-websockets	0.10.1	ring	0.17.14	normal:all	true
tokio-websockets	0.10.1	rustls-pki-types	1.14.0	normal:all	true
tokio-websockets	0.10.1	tokio	1.52.3	normal:all	true
tokio-websockets	0.10.1	tokio-rustls	0.26.4	normal:all	true
tokio-websockets	0.10.1	tokio-util	0.7.18	normal:all	true
tokio-websockets	0.10.1	webpki-roots	0.26.11	normal:all	true
toml	0.9.12+spec-1.1.0	indexmap	2.14.0	normal:all	false
toml	0.9.12+spec-1.1.0	serde_core	1.0.228	normal:all	true
toml	0.9.12+spec-1.1.0	serde_spanned	1.0.4	normal:all	true
toml	0.9.12+spec-1.1.0	toml_datetime	0.7.5+spec-1.1.0	normal:all	true
toml	0.9.12+spec-1.1.0	toml_parser	1.0.9+spec-1.1.0	normal:all	true
toml	0.9.12+spec-1.1.0	toml_writer	1.0.6+spec-1.1.0	normal:all	true
toml	0.9.12+spec-1.1.0	winnow	0.7.14	normal:all	true
toml	1.0.6+spec-1.1.0	indexmap	2.14.0	normal:all	false
toml	1.0.6+spec-1.1.0	serde_core	1.0.228	normal:all	true
toml	1.0.6+spec-1.1.0	serde_spanned	1.0.4	normal:all	true
toml	1.0.6+spec-1.1.0	toml_datetime	1.0.0+spec-1.1.0	normal:all	true
toml	1.0.6+spec-1.1.0	toml_parser	1.0.9+spec-1.1.0	normal:all	true
toml	1.0.6+spec-1.1.0	toml_writer	1.0.6+spec-1.1.0	normal:all	true
toml	1.0.6+spec-1.1.0	winnow	0.7.14	normal:all	true
toml_datetime	0.7.5+spec-1.1.0	serde_core	1.0.228	normal:all	true
toml_datetime	1.0.0+spec-1.1.0	serde_core	1.0.228	normal:all	true
toml_edit	0.20.2	indexmap	2.14.0	normal:all	true
toml_edit	0.20.2	toml_datetime	0.6.3	normal:all	true
toml_edit	0.20.2	winnow	0.5.40	normal:all	true
toml_edit	0.23.10+spec-1.0.0	indexmap	2.14.0	normal:all	true
toml_edit	0.23.10+spec-1.0.0	toml_datetime	0.7.5+spec-1.1.0	normal:all	true
toml_edit	0.23.10+spec-1.0.0	toml_parser	1.0.9+spec-1.1.0	normal:all	true
toml_edit	0.23.10+spec-1.0.0	winnow	0.7.14	normal:all	true
toml_parser	1.0.9+spec-1.1.0	winnow	0.7.14	normal:all	true
tower	0.5.3	futures-core	0.3.32	normal:all	true
tower	0.5.3	futures-util	0.3.32	normal:all	true
tower	0.5.3	pin-project-lite	0.2.16	normal:all	true
tower	0.5.3	sync_wrapper	1.0.2	normal:all	true
tower	0.5.3	tokio	1.52.3	normal:all	true
tower	0.5.3	tower-layer	0.3.3	normal:all	true
tower	0.5.3	tower-service	0.3.3	normal:all	true
tower	0.5.3	tracing	0.1.44	normal:all	true
tower-http	0.6.8	bitflags	2.11.0	normal:all	true
tower-http	0.6.8	bytes	1.11.1	normal:all	true
tower-http	0.6.8	futures-core	0.3.32	normal:all	true
tower-http	0.6.8	futures-util	0.3.32	normal:all	true
tower-http	0.6.8	http	1.4.0	normal:all	true
tower-http	0.6.8	http-body	1.0.1	normal:all	true
tower-http	0.6.8	http-body-util	0.1.3	normal:all	true
tower-http	0.6.8	http-range-header	0.4.2	normal:all	true
tower-http	0.6.8	httpdate	1.0.3	normal:all	true
tower-http	0.6.8	iri-string	0.7.10	normal:all	true
tower-http	0.6.8	mime	0.3.17	normal:all	true
tower-http	0.6.8	mime_guess	2.0.5	normal:all	true
tower-http	0.6.8	percent-encoding	2.3.2	normal:all	true
tower-http	0.6.8	pin-project-lite	0.2.16	normal:all	true
tower-http	0.6.8	tokio	1.52.3	normal:all	true
tower-http	0.6.8	tokio-util	0.7.18	normal:all	true
tower-http	0.6.8	tower	0.5.3	normal:all	true
tower-http	0.6.8	tower-layer	0.3.3	normal:all	true
tower-http	0.6.8	tower-service	0.3.3	normal:all	true
tower-http	0.6.8	tracing	0.1.44	normal:all	true
tracing	0.1.44	log	0.4.29	normal:all	true
tracing	0.1.44	pin-project-lite	0.2.16	normal:all	true
tracing	0.1.44	tracing-attributes	0.1.31	normal:all	true
tracing	0.1.44	tracing-core	0.1.36	normal:all	true
tracing-attributes	0.1.31	proc-macro2	1.0.106	normal:all	true
tracing-attributes	0.1.31	quote	1.0.44	normal:all	true
tracing-attributes	0.1.31	syn	2.0.117	normal:all	true
tracing-core	0.1.36	once_cell	1.21.3	normal:all	true
tracing-core	0.1.36	valuable	0.1.1	normal:cfg(tracing_unstable)	false
tracing-log	0.2.0	log	0.4.29	normal:all	true
tracing-log	0.2.0	once_cell	1.21.3	normal:all	true
tracing-log	0.2.0	tracing-core	0.1.36	normal:all	true
tracing-serde	0.2.0	serde	1.0.228	normal:all	true
tracing-serde	0.2.0	tracing-core	0.1.36	normal:all	true
tracing-subscriber	0.3.22	matchers	0.2.0	normal:all	true
tracing-subscriber	0.3.22	nu-ansi-term	0.50.3	normal:all	true
tracing-subscriber	0.3.22	once_cell	1.21.3	normal:all	true
tracing-subscriber	0.3.22	regex-automata	0.4.14	normal:all	true
tracing-subscriber	0.3.22	serde	1.0.228	normal:all	true
tracing-subscriber	0.3.22	serde_json	1.0.149	normal:all	true
tracing-subscriber	0.3.22	sharded-slab	0.1.7	normal:all	true
tracing-subscriber	0.3.22	smallvec	1.15.1	normal:all	true
tracing-subscriber	0.3.22	thread_local	1.1.9	normal:all	true
tracing-subscriber	0.3.22	tracing	0.1.44	normal:all	true
tracing-subscriber	0.3.22	tracing-core	0.1.36	normal:all	true
tracing-subscriber	0.3.22	tracing-log	0.2.0	normal:all	true
tracing-subscriber	0.3.22	tracing-serde	0.2.0	normal:all	true
tryhard	0.5.2	pin-project-lite	0.2.16	normal:all	true
tryhard	0.5.2	tokio	1.52.3	normal:all	true
tungstenite	0.24.0	byteorder	1.5.0	normal:all	true
tungstenite	0.24.0	bytes	1.11.1	normal:all	true
tungstenite	0.24.0	data-encoding	2.10.0	normal:all	true
tungstenite	0.24.0	http	1.4.0	normal:all	true
tungstenite	0.24.0	httparse	1.10.1	normal:all	true
tungstenite	0.24.0	log	0.4.29	normal:all	true
tungstenite	0.24.0	rand	0.8.6	normal:all	true
tungstenite	0.24.0	sha1	0.10.6	normal:all	true
tungstenite	0.24.0	thiserror	1.0.69	normal:all	true
tungstenite	0.24.0	utf-8	0.7.6	normal:all	true
uhlc	0.8.2	humantime	2.3.0	normal:all	true
uhlc	0.8.2	lazy_static	1.5.0	normal:all	true
uhlc	0.8.2	log	0.4.29	normal:all	true
uhlc	0.8.2	rand	0.8.6	normal:all	true
uhlc	0.8.2	serde	1.0.228	normal:all	true
uhlc	0.8.2	spin	0.10.1	normal:all	true
unzip-n	0.1.4	proc-macro2	1.0.106	normal:all	true
unzip-n	0.1.4	quote	1.0.44	normal:all	true
unzip-n	0.1.4	syn	2.0.117	normal:all	true
url	2.5.8	form_urlencoded	1.2.2	normal:all	true
url	2.5.8	idna	1.1.0	normal:all	true
url	2.5.8	percent-encoding	2.3.2	normal:all	true
url	2.5.8	serde	1.0.228	normal:all	false
uuid	1.22.0	getrandom	0.4.1	"normal:cfg(not(all(target_arch = ""wasm32"", any(target_os = ""unknown"", target_os = ""none""))))"	true
uuid	1.22.0	js-sys	0.3.90	"normal:cfg(all(target_arch = ""wasm32"", any(target_os = ""unknown"", target_os = ""none""), target_feature = ""atomics""))"	true
uuid	1.22.0	serde_core	1.0.228	normal:all	true
uuid	1.22.0	wasm-bindgen	0.2.113	"normal:cfg(all(target_arch = ""wasm32"", any(target_os = ""unknown"", target_os = ""none"")))"	true
validated_struct	2.2.0	json5	0.4.1	normal:all	true
validated_struct	2.2.0	serde	1.0.228	normal:all	true
validated_struct	2.2.0	serde_json	1.0.149	normal:all	true
validated_struct	2.2.0	validated_struct_macros	2.2.0	normal:all	true
validated_struct_macros	2.2.0	proc-macro2	1.0.106	normal:all	true
validated_struct_macros	2.2.0	quote	1.0.44	normal:all	true
validated_struct_macros	2.2.0	syn	2.0.117	normal:all	true
validated_struct_macros	2.2.0	unzip-n	0.1.4	normal:all	true
variadics_please	1.1.0	proc-macro2	1.0.106	normal:all	true
variadics_please	1.1.0	quote	1.0.44	normal:all	true
variadics_please	1.1.0	syn	2.0.117	normal:all	true
walkdir	2.5.0	same-file	1.0.6	normal:all	true
walkdir	2.5.0	winapi-util	0.1.11	normal:cfg(windows)	true
want	0.3.1	try-lock	0.2.5	normal:all	true
wasip2	1.0.2+wasi-0.2.9	wit-bindgen	0.51.0	normal:all	true
wasip3	0.4.0+wasi-0.3.0-rc-2026-01-06	wit-bindgen	0.51.0	normal:all	true
wasm-bindgen	0.2.113	cfg-if	1.0.4	normal:all	true
wasm-bindgen	0.2.113	once_cell	1.21.3	normal:all	true
wasm-bindgen	0.2.113	rustversion	1.0.22	build:all	true
wasm-bindgen	0.2.113	wasm-bindgen-macro	0.2.113	normal:all	true
wasm-bindgen	0.2.113	wasm-bindgen-shared	0.2.113	normal:all	true
wasm-bindgen-futures	0.4.63	cfg-if	1.0.4	normal:all	true
wasm-bindgen-futures	0.4.63	futures-util	0.3.32	normal:all	true
wasm-bindgen-futures	0.4.63	js-sys	0.3.90	normal:all	true
wasm-bindgen-futures	0.4.63	once_cell	1.21.3	normal:all	true
wasm-bindgen-futures	0.4.63	wasm-bindgen	0.2.113	normal:all	true
wasm-bindgen-futures	0.4.63	web-sys	0.3.90	"normal:cfg(target_feature = ""atomics"")"	true
wasm-bindgen-macro	0.2.113	quote	1.0.44	normal:all	true
wasm-bindgen-macro	0.2.113	wasm-bindgen-macro-support	0.2.113	normal:all	true
wasm-bindgen-macro-support	0.2.113	bumpalo	3.20.2	normal:all	true
wasm-bindgen-macro-support	0.2.113	proc-macro2	1.0.106	normal:all	true
wasm-bindgen-macro-support	0.2.113	quote	1.0.44	normal:all	true
wasm-bindgen-macro-support	0.2.113	syn	2.0.117	normal:all	true
wasm-bindgen-macro-support	0.2.113	wasm-bindgen-shared	0.2.113	normal:all	true
wasm-bindgen-shared	0.2.113	unicode-ident	1.0.24	normal:all	true
wasm-compose	0.248.0	anyhow	1.0.103	normal:all	true
wasm-compose	0.248.0	heck	0.5.0	normal:all	true
wasm-compose	0.248.0	indexmap	2.14.0	normal:all	true
wasm-compose	0.248.0	log	0.4.29	normal:all	true
wasm-compose	0.248.0	petgraph	0.6.5	normal:all	true
wasm-compose	0.248.0	smallvec	1.15.1	normal:all	true
wasm-compose	0.248.0	wasm-encoder	0.248.0	normal:all	true
wasm-compose	0.248.0	wasmparser	0.248.0	normal:all	true
wasm-compose	0.248.0	wat	1.250.0	normal:all	true
wasm-encoder	0.244.0	leb128fmt	0.1.0	normal:all	false
wasm-encoder	0.244.0	wasmparser	0.244.0	normal:all	false
wasm-encoder	0.248.0	leb128fmt	0.1.0	normal:all	true
wasm-encoder	0.248.0	wasmparser	0.248.0	normal:all	true
wasm-encoder	0.250.0	leb128fmt	0.1.0	normal:all	true
wasm-encoder	0.250.0	wasmparser	0.250.0	normal:all	false
wasm-metadata	0.244.0	anyhow	1.0.103	normal:all	false
wasm-metadata	0.244.0	indexmap	2.14.0	normal:all	false
wasm-metadata	0.244.0	wasm-encoder	0.244.0	normal:all	false
wasm-metadata	0.244.0	wasmparser	0.244.0	normal:all	false
wasmparser	0.244.0	bitflags	2.11.0	normal:all	false
wasmparser	0.244.0	hashbrown	0.15.5	normal:all	false
wasmparser	0.244.0	indexmap	2.14.0	normal:all	false
wasmparser	0.244.0	semver	1.0.27	normal:all	false
wasmparser	0.248.0	bitflags	2.11.0	normal:all	true
wasmparser	0.248.0	hashbrown	0.17.1	normal:all	false
wasmparser	0.248.0	indexmap	2.14.0	normal:all	false
wasmparser	0.248.0	semver	1.0.27	normal:all	true
wasmparser	0.248.0	serde	1.0.228	normal:all	true
wasmparser	0.250.0	bitflags	2.11.0	normal:all	false
wasmparser	0.250.0	indexmap	2.14.0	normal:all	false
wasmparser	0.250.0	semver	1.0.27	normal:all	false
wasmprinter	0.248.0	anyhow	1.0.103	normal:all	true
wasmprinter	0.248.0	termcolor	1.4.1	normal:all	true
wasmprinter	0.248.0	wasmparser	0.248.0	normal:all	true
wasmtime	45.0.3	addr2line	0.26.0	normal:all	true
wasmtime	45.0.3	async-trait	0.1.89	normal:all	true
wasmtime	45.0.3	bitflags	2.11.0	normal:all	true
wasmtime	45.0.3	bumpalo	3.20.2	normal:all	true
wasmtime	45.0.3	cc	1.2.56	build:all	true
wasmtime	45.0.3	cfg-if	1.0.4	normal:all	true
wasmtime	45.0.3	encoding_rs	0.8.35	normal:all	true
wasmtime	45.0.3	futures	0.3.32	normal:all	true
wasmtime	45.0.3	fxprof-processed-profile	0.8.1	normal:all	true
wasmtime	45.0.3	gimli	0.33.0	normal:all	true
wasmtime	45.0.3	ittapi	0.4.0	"normal:cfg(all(target_arch = ""x86_64"", target_os = ""linux""));normal:cfg(all(target_arch = ""x86_64"", target_os = ""macos""));normal:cfg(all(target_arch = ""x86_64"", target_os = ""windows""))"	true
wasmtime	45.0.3	libc	0.2.186	normal:all	true
wasmtime	45.0.3	log	0.4.29	normal:all	true
wasmtime	45.0.3	mach2	0.4.3	"normal:cfg(target_vendor = ""apple"")"	true
wasmtime	45.0.3	memfd	0.6.5	"normal:cfg(target_os = ""linux"")"	true
wasmtime	45.0.3	object	0.39.1	normal:all	true
wasmtime	45.0.3	once_cell	1.21.3	normal:all	true
wasmtime	45.0.3	postcard	1.1.3	normal:all	true
wasmtime	45.0.3	pulley-interpreter	45.0.3	normal:all	true
wasmtime	45.0.3	rayon	1.11.0	normal:all	true
wasmtime	45.0.3	rustix	1.1.4	normal:cfg(unix)	true
wasmtime	45.0.3	semver	1.0.27	normal:all	true
wasmtime	45.0.3	serde	1.0.228	normal:all	true
wasmtime	45.0.3	serde_derive	1.0.228	normal:all	true
wasmtime	45.0.3	serde_json	1.0.149	normal:all	true
wasmtime	45.0.3	smallvec	1.15.1	normal:all	true
wasmtime	45.0.3	target-lexicon	0.13.5	normal:all	true
wasmtime	45.0.3	tempfile	3.27.0	normal:all	true
wasmtime	45.0.3	wasm-compose	0.248.0	normal:all	true
wasmtime	45.0.3	wasm-encoder	0.248.0	normal:all	true
wasmtime	45.0.3	wasmparser	0.248.0	normal:all	true
wasmtime	45.0.3	wasmtime-environ	45.0.3	normal:all	true
wasmtime	45.0.3	wasmtime-internal-cache	45.0.3	normal:all	true
wasmtime	45.0.3	wasmtime-internal-component-macro	45.0.3	normal:all	true
wasmtime	45.0.3	wasmtime-internal-component-util	45.0.3	normal:all	true
wasmtime	45.0.3	wasmtime-internal-core	45.0.3	normal:all	true
wasmtime	45.0.3	wasmtime-internal-cranelift	45.0.3	normal:all	true
wasmtime	45.0.3	wasmtime-internal-fiber	45.0.3	normal:all	true
wasmtime	45.0.3	wasmtime-internal-jit-debug	45.0.3	normal:all	true
wasmtime	45.0.3	wasmtime-internal-jit-icache-coherence	45.0.3	normal:all	true
wasmtime	45.0.3	wasmtime-internal-unwinder	45.0.3	normal:all	true
wasmtime	45.0.3	wasmtime-internal-versioned-export-macros	45.0.3	build:all;normal:all	true
wasmtime	45.0.3	wasmtime-internal-winch	45.0.3	normal:all	false
wasmtime	45.0.3	wat	1.250.0	normal:all	true
wasmtime	45.0.3	windows-sys	0.61.2	"normal:cfg(target_os = ""windows"")"	true
wasmtime-environ	45.0.3	anyhow	1.0.103	normal:all	true
wasmtime-environ	45.0.3	cpp_demangle	0.4.5	normal:all	true
wasmtime-environ	45.0.3	cranelift-bforest	0.132.3	normal:all	true
wasmtime-environ	45.0.3	cranelift-bitset	0.132.3	normal:all	true
wasmtime-environ	45.0.3	cranelift-entity	0.132.3	normal:all	true
wasmtime-environ	45.0.3	gimli	0.33.0	normal:all	true
wasmtime-environ	45.0.3	hashbrown	0.17.1	normal:all	true
wasmtime-environ	45.0.3	indexmap	2.14.0	normal:all	true
wasmtime-environ	45.0.3	log	0.4.29	normal:all	true
wasmtime-environ	45.0.3	object	0.39.1	normal:all	true
wasmtime-environ	45.0.3	postcard	1.1.3	normal:all	true
wasmtime-environ	45.0.3	rustc-demangle	0.1.27	normal:all	true
wasmtime-environ	45.0.3	semver	1.0.27	normal:all	true
wasmtime-environ	45.0.3	serde	1.0.228	normal:all	true
wasmtime-environ	45.0.3	serde_derive	1.0.228	normal:all	true
wasmtime-environ	45.0.3	sha2	0.10.9	normal:all	true
wasmtime-environ	45.0.3	smallvec	1.15.1	normal:all	true
wasmtime-environ	45.0.3	target-lexicon	0.13.5	normal:all	true
wasmtime-environ	45.0.3	wasm-encoder	0.248.0	normal:all	true
wasmtime-environ	45.0.3	wasmparser	0.248.0	normal:all	true
wasmtime-environ	45.0.3	wasmprinter	0.248.0	normal:all	true
wasmtime-environ	45.0.3	wasmtime-internal-component-util	45.0.3	normal:all	true
wasmtime-environ	45.0.3	wasmtime-internal-core	45.0.3	normal:all	true
wasmtime-internal-cache	45.0.3	base64	0.22.1	normal:all	true
wasmtime-internal-cache	45.0.3	directories-next	2.0.0	normal:all	true
wasmtime-internal-cache	45.0.3	log	0.4.29	normal:all	true
wasmtime-internal-cache	45.0.3	postcard	1.1.3	normal:all	true
wasmtime-internal-cache	45.0.3	rustix	1.1.4	"normal:cfg(not(target_os = ""windows""))"	true
wasmtime-internal-cache	45.0.3	serde	1.0.228	normal:all	true
wasmtime-internal-cache	45.0.3	serde_derive	1.0.228	normal:all	true
wasmtime-internal-cache	45.0.3	sha2	0.10.9	normal:all	true
wasmtime-internal-cache	45.0.3	toml	0.9.12+spec-1.1.0	normal:all	true
wasmtime-internal-cache	45.0.3	wasmtime-environ	45.0.3	normal:all	true
wasmtime-internal-cache	45.0.3	windows-sys	0.61.2	"normal:cfg(target_os = ""windows"")"	true
wasmtime-internal-cache	45.0.3	zstd	0.13.3	normal:all	true
wasmtime-internal-component-macro	45.0.3	anyhow	1.0.103	normal:all	true
wasmtime-internal-component-macro	45.0.3	proc-macro2	1.0.106	normal:all	true
wasmtime-internal-component-macro	45.0.3	quote	1.0.44	normal:all	true
wasmtime-internal-component-macro	45.0.3	syn	2.0.117	normal:all	true
wasmtime-internal-component-macro	45.0.3	wasmtime-internal-component-util	45.0.3	normal:all	true
wasmtime-internal-component-macro	45.0.3	wasmtime-internal-wit-bindgen	45.0.3	normal:all	true
wasmtime-internal-component-macro	45.0.3	wit-parser	0.248.0	normal:all	true
wasmtime-internal-core	45.0.3	anyhow	1.0.103	normal:all	true
wasmtime-internal-core	45.0.3	hashbrown	0.17.1	normal:all	true
wasmtime-internal-core	45.0.3	libm	0.2.16	normal:all	true
wasmtime-internal-core	45.0.3	serde	1.0.228	normal:all	true
wasmtime-internal-cranelift	45.0.3	cfg-if	1.0.4	normal:all	true
wasmtime-internal-cranelift	45.0.3	cranelift-codegen	0.132.3	normal:all	true
wasmtime-internal-cranelift	45.0.3	cranelift-control	0.132.3	normal:all	true
wasmtime-internal-cranelift	45.0.3	cranelift-entity	0.132.3	normal:all	true
wasmtime-internal-cranelift	45.0.3	cranelift-frontend	0.132.3	normal:all	true
wasmtime-internal-cranelift	45.0.3	cranelift-native	0.132.3	normal:all	true
wasmtime-internal-cranelift	45.0.3	gimli	0.33.0	normal:all	true
wasmtime-internal-cranelift	45.0.3	itertools	0.14.0	normal:all	true
wasmtime-internal-cranelift	45.0.3	log	0.4.29	normal:all	true
wasmtime-internal-cranelift	45.0.3	object	0.39.1	normal:all	true
wasmtime-internal-cranelift	45.0.3	pulley-interpreter	45.0.3	normal:all	true
wasmtime-internal-cranelift	45.0.3	smallvec	1.15.1	normal:all	true
wasmtime-internal-cranelift	45.0.3	target-lexicon	0.13.5	normal:all	true
wasmtime-internal-cranelift	45.0.3	thiserror	2.0.18	normal:all	true
wasmtime-internal-cranelift	45.0.3	wasmparser	0.248.0	normal:all	true
wasmtime-internal-cranelift	45.0.3	wasmtime-environ	45.0.3	normal:all	true
wasmtime-internal-cranelift	45.0.3	wasmtime-internal-core	45.0.3	normal:all	true
wasmtime-internal-cranelift	45.0.3	wasmtime-internal-unwinder	45.0.3	normal:all	true
wasmtime-internal-cranelift	45.0.3	wasmtime-internal-versioned-export-macros	45.0.3	normal:all	true
wasmtime-internal-fiber	45.0.3	cc	1.2.56	build:all	true
wasmtime-internal-fiber	45.0.3	cfg-if	1.0.4	normal:all	true
wasmtime-internal-fiber	45.0.3	libc	0.2.186	normal:cfg(unix)	true
wasmtime-internal-fiber	45.0.3	rustix	1.1.4	normal:cfg(unix)	true
wasmtime-internal-fiber	45.0.3	wasmtime-environ	45.0.3	normal:all	true
wasmtime-internal-fiber	45.0.3	wasmtime-internal-versioned-export-macros	45.0.3	build:all;normal:all	true
wasmtime-internal-fiber	45.0.3	windows-sys	0.61.2	normal:cfg(windows)	true
wasmtime-internal-jit-debug	45.0.3	cc	1.2.56	build:all	true
wasmtime-internal-jit-debug	45.0.3	object	0.39.1	normal:all	true
wasmtime-internal-jit-debug	45.0.3	rustix	1.1.4	"normal:cfg(target_os = ""linux"")"	true
wasmtime-internal-jit-debug	45.0.3	wasmtime-internal-versioned-export-macros	45.0.3	build:all;normal:all	true
wasmtime-internal-jit-icache-coherence	45.0.3	cfg-if	1.0.4	normal:all	true
wasmtime-internal-jit-icache-coherence	45.0.3	libc	0.2.186	"normal:cfg(any(target_os = ""linux"", target_vendor = ""apple"", target_os = ""freebsd"", target_os = ""android""))"	true
wasmtime-internal-jit-icache-coherence	45.0.3	wasmtime-internal-core	45.0.3	normal:all	true
wasmtime-internal-jit-icache-coherence	45.0.3	windows-sys	0.61.2	"normal:cfg(target_os = ""windows"")"	true
wasmtime-internal-unwinder	45.0.3	cfg-if	1.0.4	normal:all	true
wasmtime-internal-unwinder	45.0.3	cranelift-codegen	0.132.3	normal:all	true
wasmtime-internal-unwinder	45.0.3	log	0.4.29	normal:all	true
wasmtime-internal-unwinder	45.0.3	object	0.39.1	normal:all	true
wasmtime-internal-unwinder	45.0.3	wasmtime-environ	45.0.3	normal:all	true
wasmtime-internal-versioned-export-macros	45.0.3	proc-macro2	1.0.106	normal:all	true
wasmtime-internal-versioned-export-macros	45.0.3	quote	1.0.44	normal:all	true
wasmtime-internal-versioned-export-macros	45.0.3	syn	2.0.117	normal:all	true
wasmtime-internal-winch	45.0.3	cranelift-codegen	0.132.3	normal:all	false
wasmtime-internal-winch	45.0.3	gimli	0.33.0	normal:all	false
wasmtime-internal-winch	45.0.3	log	0.4.29	normal:all	false
wasmtime-internal-winch	45.0.3	object	0.39.1	normal:all	false
wasmtime-internal-winch	45.0.3	target-lexicon	0.13.5	normal:all	false
wasmtime-internal-winch	45.0.3	wasmparser	0.248.0	normal:all	false
wasmtime-internal-winch	45.0.3	wasmtime-environ	45.0.3	normal:all	false
wasmtime-internal-winch	45.0.3	wasmtime-internal-cranelift	45.0.3	normal:all	false
wasmtime-internal-winch	45.0.3	winch-codegen	45.0.3	normal:all	false
wasmtime-internal-wit-bindgen	45.0.3	anyhow	1.0.103	normal:all	true
wasmtime-internal-wit-bindgen	45.0.3	bitflags	2.11.0	normal:all	true
wasmtime-internal-wit-bindgen	45.0.3	heck	0.5.0	normal:all	true
wasmtime-internal-wit-bindgen	45.0.3	indexmap	2.14.0	normal:all	true
wasmtime-internal-wit-bindgen	45.0.3	wit-parser	0.248.0	normal:all	true
wasmtime-wasi	45.0.3	async-trait	0.1.89	normal:all	true
wasmtime-wasi	45.0.3	bitflags	2.11.0	normal:all	true
wasmtime-wasi	45.0.3	bytes	1.11.1	normal:all	true
wasmtime-wasi	45.0.3	cap-fs-ext	3.4.5	normal:all	true
wasmtime-wasi	45.0.3	cap-net-ext	3.4.5	normal:all	true
wasmtime-wasi	45.0.3	cap-std	3.4.5	normal:all	true
wasmtime-wasi	45.0.3	cap-time-ext	3.4.5	normal:all	true
wasmtime-wasi	45.0.3	cfg-if	1.0.4	normal:all	true
wasmtime-wasi	45.0.3	fs-set-times	0.20.3	normal:all	true
wasmtime-wasi	45.0.3	futures	0.3.32	normal:all	true
wasmtime-wasi	45.0.3	io-extras	0.18.4	normal:cfg(windows)	true
wasmtime-wasi	45.0.3	io-lifetimes	2.0.4	normal:all	true
wasmtime-wasi	45.0.3	rand	0.10.1	normal:all	true
wasmtime-wasi	45.0.3	rustix	1.1.4	normal:cfg(unix);normal:cfg(windows)	true
wasmtime-wasi	45.0.3	thiserror	2.0.18	normal:all	true
wasmtime-wasi	45.0.3	tokio	1.52.3	normal:all	true
wasmtime-wasi	45.0.3	tracing	0.1.44	normal:all	true
wasmtime-wasi	45.0.3	url	2.5.8	normal:all	true
wasmtime-wasi	45.0.3	wasmtime	45.0.3	normal:all	true
wasmtime-wasi	45.0.3	wasmtime-wasi-io	45.0.3	normal:all	true
wasmtime-wasi	45.0.3	wiggle	45.0.3	normal:all	true
wasmtime-wasi	45.0.3	windows-sys	0.61.2	normal:cfg(windows)	true
wasmtime-wasi-io	45.0.3	async-trait	0.1.89	normal:all	true
wasmtime-wasi-io	45.0.3	bytes	1.11.1	normal:all	true
wasmtime-wasi-io	45.0.3	futures	0.3.32	normal:all	true
wasmtime-wasi-io	45.0.3	tracing	0.1.44	normal:all	true
wasmtime-wasi-io	45.0.3	wasmtime	45.0.3	normal:all	true
wast	250.0.0	bumpalo	3.20.2	normal:all	true
wast	250.0.0	leb128fmt	0.1.0	normal:all	true
wast	250.0.0	memchr	2.8.0	normal:all	true
wast	250.0.0	unicode-width	0.2.2	normal:all	true
wast	250.0.0	wasm-encoder	0.250.0	normal:all	true
wast	35.0.2	leb128	0.2.5	normal:all	true
wat	1.250.0	wast	250.0.0	normal:all	true
web-sys	0.3.90	js-sys	0.3.90	normal:all	true
web-sys	0.3.90	wasm-bindgen	0.2.113	normal:all	true
web-time	1.1.0	js-sys	0.3.90	"normal:cfg(all(target_family = ""wasm"", target_os = ""unknown""))"	true
web-time	1.1.0	wasm-bindgen	0.2.113	"normal:cfg(all(target_family = ""wasm"", target_os = ""unknown""))"	true
webpki-root-certs	1.0.6	rustls-pki-types	1.14.0	normal:all	true
webpki-roots	0.26.11	webpki-roots	1.0.6	normal:all	true
webpki-roots	1.0.6	rustls-pki-types	1.14.0	normal:all	true
wgpu-types	27.0.1	bitflags	2.11.0	normal:all	false
wgpu-types	27.0.1	bytemuck	1.25.0	normal:all	false
wgpu-types	27.0.1	js-sys	0.3.90	"normal:cfg(target_arch = ""wasm32"")"	false
wgpu-types	27.0.1	log	0.4.29	normal:all	false
wgpu-types	27.0.1	serde	1.0.228	normal:all	false
wgpu-types	27.0.1	thiserror	2.0.18	normal:all	false
wgpu-types	27.0.1	web-sys	0.3.90	"normal:cfg(target_arch = ""wasm32"")"	false
wiggle	45.0.3	bitflags	2.11.0	normal:all	true
wiggle	45.0.3	thiserror	2.0.18	normal:all	true
wiggle	45.0.3	tracing	0.1.44	normal:all	true
wiggle	45.0.3	wasmtime	45.0.3	normal:all	true
wiggle	45.0.3	wasmtime-environ	45.0.3	normal:all	true
wiggle	45.0.3	wiggle-macro	45.0.3	normal:all	true
wiggle-generate	45.0.3	heck	0.5.0	normal:all	true
wiggle-generate	45.0.3	proc-macro2	1.0.106	normal:all	true
wiggle-generate	45.0.3	quote	1.0.44	normal:all	true
wiggle-generate	45.0.3	syn	2.0.117	normal:all	true
wiggle-generate	45.0.3	wasmtime-environ	45.0.3	normal:all	true
wiggle-generate	45.0.3	witx	0.9.1	normal:all	true
wiggle-macro	45.0.3	proc-macro2	1.0.106	normal:all	true
wiggle-macro	45.0.3	quote	1.0.44	normal:all	true
wiggle-macro	45.0.3	syn	2.0.117	normal:all	true
wiggle-macro	45.0.3	wiggle-generate	45.0.3	normal:all	true
winapi	0.3.9	winapi-i686-pc-windows-gnu	0.4.0	normal:i686-pc-windows-gnu	true
winapi	0.3.9	winapi-x86_64-pc-windows-gnu	0.4.0	normal:x86_64-pc-windows-gnu	true
winapi-util	0.1.11	windows-sys	0.61.2	normal:cfg(windows)	true
winch-codegen	45.0.3	cranelift-assembler-x64	0.132.3	normal:all	false
winch-codegen	45.0.3	cranelift-codegen	0.132.3	normal:all	false
winch-codegen	45.0.3	gimli	0.33.0	normal:all	false
winch-codegen	45.0.3	regalloc2	0.15.1	normal:all	false
winch-codegen	45.0.3	smallvec	1.15.1	normal:all	false
winch-codegen	45.0.3	target-lexicon	0.13.5	normal:all	false
winch-codegen	45.0.3	thiserror	2.0.18	normal:all	false
winch-codegen	45.0.3	wasmparser	0.248.0	normal:all	false
winch-codegen	45.0.3	wasmtime-environ	45.0.3	normal:all	false
winch-codegen	45.0.3	wasmtime-internal-core	45.0.3	normal:all	false
winch-codegen	45.0.3	wasmtime-internal-cranelift	45.0.3	normal:all	false
windows-core	0.62.2	windows-implement	0.60.2	normal:all	true
windows-core	0.62.2	windows-interface	0.59.3	normal:all	true
windows-core	0.62.2	windows-link	0.2.1	normal:all	true
windows-core	0.62.2	windows-result	0.4.1	normal:all	true
windows-core	0.62.2	windows-strings	0.5.1	normal:all	true
windows-implement	0.60.2	proc-macro2	1.0.106	normal:all	true
windows-implement	0.60.2	quote	1.0.44	normal:all	true
windows-implement	0.60.2	syn	2.0.117	normal:all	true
windows-interface	0.59.3	proc-macro2	1.0.106	normal:all	true
windows-interface	0.59.3	quote	1.0.44	normal:all	true
windows-interface	0.59.3	syn	2.0.117	normal:all	true
windows-result	0.4.1	windows-link	0.2.1	normal:all	true
windows-strings	0.5.1	windows-link	0.2.1	normal:all	true
windows-sys	0.45.0	windows-targets	0.42.2	normal:cfg(not(windows_raw_dylib))	true
windows-sys	0.52.0	windows-targets	0.52.6	normal:all	true
windows-sys	0.59.0	windows-targets	0.52.6	normal:all	true
windows-sys	0.61.2	windows-link	0.2.1	normal:all	true
windows-targets	0.42.2	windows_aarch64_gnullvm	0.42.2	normal:aarch64-pc-windows-gnullvm	true
windows-targets	0.42.2	windows_aarch64_msvc	0.42.2	normal:aarch64-pc-windows-msvc;normal:aarch64-uwp-windows-msvc	true
windows-targets	0.42.2	windows_i686_gnu	0.42.2	normal:i686-pc-windows-gnu;normal:i686-uwp-windows-gnu	true
windows-targets	0.42.2	windows_i686_msvc	0.42.2	normal:i686-pc-windows-msvc;normal:i686-uwp-windows-msvc	true
windows-targets	0.42.2	windows_x86_64_gnu	0.42.2	normal:x86_64-pc-windows-gnu;normal:x86_64-uwp-windows-gnu	true
windows-targets	0.42.2	windows_x86_64_gnullvm	0.42.2	normal:x86_64-pc-windows-gnullvm	true
windows-targets	0.42.2	windows_x86_64_msvc	0.42.2	normal:x86_64-pc-windows-msvc;normal:x86_64-uwp-windows-msvc	true
windows-targets	0.52.6	windows_aarch64_gnullvm	0.52.6	normal:aarch64-pc-windows-gnullvm	true
windows-targets	0.52.6	windows_aarch64_msvc	0.52.6	"normal:cfg(all(target_arch = ""aarch64"", target_env = ""msvc"", not(windows_raw_dylib)))"	true
windows-targets	0.52.6	windows_i686_gnu	0.52.6	"normal:cfg(all(target_arch = ""x86"", target_env = ""gnu"", not(target_abi = ""llvm""), not(windows_raw_dylib)))"	true
windows-targets	0.52.6	windows_i686_gnullvm	0.52.6	normal:i686-pc-windows-gnullvm	true
windows-targets	0.52.6	windows_i686_msvc	0.52.6	"normal:cfg(all(target_arch = ""x86"", target_env = ""msvc"", not(windows_raw_dylib)))"	true
windows-targets	0.52.6	windows_x86_64_gnu	0.52.6	"normal:cfg(all(target_arch = ""x86_64"", target_env = ""gnu"", not(target_abi = ""llvm""), not(windows_raw_dylib)))"	true
windows-targets	0.52.6	windows_x86_64_gnullvm	0.52.6	normal:x86_64-pc-windows-gnullvm	true
windows-targets	0.52.6	windows_x86_64_msvc	0.52.6	"normal:cfg(all(any(target_arch = ""x86_64"", target_arch = ""arm64ec""), target_env = ""msvc"", not(windows_raw_dylib)))"	true
winnow	0.5.40	memchr	2.8.0	normal:all	false
winnow	0.7.14	memchr	2.8.0	normal:all	false
winx	0.36.4	bitflags	2.11.0	normal:all	true
winx	0.36.4	windows-sys	0.59.0	normal:cfg(windows)	true
wit-bindgen	0.51.0	wit-bindgen-rust-macro	0.51.0	normal:all	false
wit-bindgen-core	0.51.0	anyhow	1.0.103	normal:all	false
wit-bindgen-core	0.51.0	heck	0.5.0	normal:all	false
wit-bindgen-core	0.51.0	wit-parser	0.244.0	normal:all	false
wit-bindgen-rust	0.51.0	anyhow	1.0.103	normal:all	false
wit-bindgen-rust	0.51.0	heck	0.5.0	normal:all	false
wit-bindgen-rust	0.51.0	indexmap	2.14.0	normal:all	false
wit-bindgen-rust	0.51.0	prettyplease	0.2.37	normal:all	false
wit-bindgen-rust	0.51.0	syn	2.0.117	normal:all	false
wit-bindgen-rust	0.51.0	wasm-metadata	0.244.0	normal:all	false
wit-bindgen-rust	0.51.0	wit-bindgen-core	0.51.0	normal:all	false
wit-bindgen-rust	0.51.0	wit-component	0.244.0	normal:all	false
wit-bindgen-rust-macro	0.51.0	anyhow	1.0.103	normal:all	false
wit-bindgen-rust-macro	0.51.0	prettyplease	0.2.37	normal:all	false
wit-bindgen-rust-macro	0.51.0	proc-macro2	1.0.106	normal:all	false
wit-bindgen-rust-macro	0.51.0	quote	1.0.44	normal:all	false
wit-bindgen-rust-macro	0.51.0	syn	2.0.117	normal:all	false
wit-bindgen-rust-macro	0.51.0	wit-bindgen-core	0.51.0	normal:all	false
wit-bindgen-rust-macro	0.51.0	wit-bindgen-rust	0.51.0	normal:all	false
wit-component	0.244.0	anyhow	1.0.103	normal:all	false
wit-component	0.244.0	bitflags	2.11.0	normal:all	false
wit-component	0.244.0	indexmap	2.14.0	normal:all	false
wit-component	0.244.0	log	0.4.29	normal:all	false
wit-component	0.244.0	serde	1.0.228	normal:all	false
wit-component	0.244.0	serde_derive	1.0.228	normal:all	false
wit-component	0.244.0	serde_json	1.0.149	normal:all	false
wit-component	0.244.0	wasm-encoder	0.244.0	normal:all	false
wit-component	0.244.0	wasm-metadata	0.244.0	normal:all	false
wit-component	0.244.0	wasmparser	0.244.0	normal:all	false
wit-component	0.244.0	wit-parser	0.244.0	normal:all	false
wit-parser	0.244.0	anyhow	1.0.103	normal:all	false
wit-parser	0.244.0	id-arena	2.3.0	normal:all	false
wit-parser	0.244.0	indexmap	2.14.0	normal:all	false
wit-parser	0.244.0	log	0.4.29	normal:all	false
wit-parser	0.244.0	semver	1.0.27	normal:all	false
wit-parser	0.244.0	serde	1.0.228	normal:all	false
wit-parser	0.244.0	serde_derive	1.0.228	normal:all	false
wit-parser	0.244.0	serde_json	1.0.149	normal:all	false
wit-parser	0.244.0	unicode-xid	0.2.6	normal:all	false
wit-parser	0.244.0	wasmparser	0.244.0	normal:all	false
wit-parser	0.248.0	anyhow	1.0.103	normal:all	true
wit-parser	0.248.0	hashbrown	0.17.1	normal:all	true
wit-parser	0.248.0	id-arena	2.3.0	normal:all	true
wit-parser	0.248.0	indexmap	2.14.0	normal:all	true
wit-parser	0.248.0	log	0.4.29	normal:all	true
wit-parser	0.248.0	semver	1.0.27	normal:all	true
wit-parser	0.248.0	serde	1.0.228	normal:all	true
wit-parser	0.248.0	serde_derive	1.0.228	normal:all	true
wit-parser	0.248.0	serde_json	1.0.149	normal:all	true
wit-parser	0.248.0	unicode-xid	0.2.6	normal:all	true
wit-parser	0.248.0	wasmparser	0.248.0	normal:all	true
witx	0.9.1	anyhow	1.0.103	normal:all	true
witx	0.9.1	log	0.4.29	normal:all	true
witx	0.9.1	thiserror	1.0.69	normal:all	true
witx	0.9.1	wast	35.0.2	normal:all	true
wtransport	0.6.1	bytes	1.11.1	normal:all	true
wtransport	0.6.1	pem	3.0.6	normal:all	true
wtransport	0.6.1	quinn	0.11.9	normal:all	true
wtransport	0.6.1	rcgen	0.13.2	normal:all	true
wtransport	0.6.1	rustls	0.23.37	normal:all	true
wtransport	0.6.1	rustls-native-certs	0.8.3	normal:all	true
wtransport	0.6.1	rustls-pemfile	2.2.0	normal:all	true
wtransport	0.6.1	rustls-pki-types	1.14.0	normal:all	true
wtransport	0.6.1	sha2	0.10.9	normal:all	true
wtransport	0.6.1	socket2	0.5.10	normal:all	true
wtransport	0.6.1	thiserror	2.0.18	normal:all	true
wtransport	0.6.1	time	0.3.47	normal:all	true
wtransport	0.6.1	tokio	1.52.3	normal:all	true
wtransport	0.6.1	tracing	0.1.44	normal:all	true
wtransport	0.6.1	url	2.5.8	normal:all	true
wtransport	0.6.1	wtransport-proto	0.6.1	normal:all	true
wtransport	0.6.1	x509-parser	0.17.0	normal:all	true
wtransport-proto	0.6.1	httlib-huffman	0.3.4	normal:all	true
wtransport-proto	0.6.1	octets	0.3.5	normal:all	true
wtransport-proto	0.6.1	thiserror	2.0.18	normal:all	true
wtransport-proto	0.6.1	url	2.5.8	normal:all	true
x509-parser	0.17.0	asn1-rs	0.7.1	normal:all	true
x509-parser	0.17.0	data-encoding	2.10.0	normal:all	true
x509-parser	0.17.0	der-parser	10.0.0	normal:all	true
x509-parser	0.17.0	lazy_static	1.5.0	normal:all	true
x509-parser	0.17.0	nom	7.1.3	normal:all	true
x509-parser	0.17.0	oid-registry	0.8.1	normal:all	true
x509-parser	0.17.0	rusticata-macros	4.1.0	normal:all	true
x509-parser	0.17.0	thiserror	2.0.18	normal:all	true
x509-parser	0.17.0	time	0.3.47	normal:all	true
x509-parser	0.18.1	asn1-rs	0.7.1	normal:all	true
x509-parser	0.18.1	data-encoding	2.10.0	normal:all	true
x509-parser	0.18.1	der-parser	10.0.0	normal:all	true
x509-parser	0.18.1	lazy_static	1.5.0	normal:all	true
x509-parser	0.18.1	nom	7.1.3	normal:all	true
x509-parser	0.18.1	oid-registry	0.8.1	normal:all	true
x509-parser	0.18.1	rusticata-macros	4.1.0	normal:all	true
x509-parser	0.18.1	thiserror	2.0.18	normal:all	true
x509-parser	0.18.1	time	0.3.47	normal:all	true
yasna	0.5.2	time	0.3.47	normal:all	true
yoke	0.8.1	stable_deref_trait	1.2.1	normal:all	true
yoke	0.8.1	yoke-derive	0.8.1	normal:all	true
yoke	0.8.1	zerofrom	0.1.6	normal:all	true
yoke-derive	0.8.1	proc-macro2	1.0.106	normal:all	true
yoke-derive	0.8.1	quote	1.0.44	normal:all	true
yoke-derive	0.8.1	syn	2.0.117	normal:all	true
yoke-derive	0.8.1	synstructure	0.13.2	normal:all	true
zenoh	1.7.2	ahash	0.8.12	normal:all	true
zenoh	1.7.2	arc-swap	1.8.2	normal:all	true
zenoh	1.7.2	async-trait	0.1.89	normal:all	true
zenoh	1.7.2	bytes	1.11.1	normal:all	true
zenoh	1.7.2	const_format	0.2.35	normal:all	true
zenoh	1.7.2	flate2	1.1.9	normal:all	true
zenoh	1.7.2	flume	0.11.1	normal:all	true
zenoh	1.7.2	futures	0.3.32	normal:all	true
zenoh	1.7.2	git-version	0.3.9	normal:all	true
zenoh	1.7.2	itertools	0.14.0	normal:all	true
zenoh	1.7.2	json5	0.4.1	normal:all	true
zenoh	1.7.2	lazy_static	1.5.0	normal:all	true
zenoh	1.7.2	nonempty-collections	0.3.1	normal:all	true
zenoh	1.7.2	once_cell	1.21.3	normal:all	true
zenoh	1.7.2	petgraph	0.8.3	normal:all	true
zenoh	1.7.2	phf	0.13.1	normal:all	true
zenoh	1.7.2	rand	0.8.6	normal:all	true
zenoh	1.7.2	ref-cast	1.0.25	normal:all	true
zenoh	1.7.2	rustc_version	0.4.1	build:all	true
zenoh	1.7.2	serde	1.0.228	normal:all	true
zenoh	1.7.2	serde_json	1.0.149	normal:all	true
zenoh	1.7.2	socket2	0.5.10	normal:all	true
zenoh	1.7.2	tokio	1.52.3	normal:all	true
zenoh	1.7.2	tokio-util	0.7.18	normal:all	true
zenoh	1.7.2	tracing	0.1.44	normal:all	true
zenoh	1.7.2	uhlc	0.8.2	normal:all	true
zenoh	1.7.2	vec_map	0.8.2	normal:all	true
zenoh	1.7.2	zenoh-buffers	1.7.2	normal:all	true
zenoh	1.7.2	zenoh-codec	1.7.2	normal:all	true
zenoh	1.7.2	zenoh-collections	1.7.2	normal:all	true
zenoh	1.7.2	zenoh-config	1.7.2	normal:all	true
zenoh	1.7.2	zenoh-core	1.7.2	normal:all	true
zenoh	1.7.2	zenoh-keyexpr	1.7.2	normal:all	true
zenoh	1.7.2	zenoh-link	1.7.2	normal:all	true
zenoh	1.7.2	zenoh-link-commons	1.7.2	normal:all	true
zenoh	1.7.2	zenoh-macros	1.7.2	normal:all	true
zenoh	1.7.2	zenoh-plugin-trait	1.7.2	normal:all	true
zenoh	1.7.2	zenoh-protocol	1.7.2	normal:all	true
zenoh	1.7.2	zenoh-result	1.7.2	normal:all	true
zenoh	1.7.2	zenoh-runtime	1.7.2	normal:all	true
zenoh	1.7.2	zenoh-sync	1.7.2	normal:all	true
zenoh	1.7.2	zenoh-task	1.7.2	normal:all	true
zenoh	1.7.2	zenoh-transport	1.7.2	normal:all	true
zenoh	1.7.2	zenoh-util	1.7.2	normal:all	true
zenoh-buffers	1.7.2	zenoh-collections	1.7.2	normal:all	true
zenoh-codec	1.7.2	tracing	0.1.44	normal:all	true
zenoh-codec	1.7.2	uhlc	0.8.2	normal:all	true
zenoh-codec	1.7.2	zenoh-buffers	1.7.2	normal:all	true
zenoh-codec	1.7.2	zenoh-protocol	1.7.2	normal:all	true
zenoh-collections	1.7.2	ahash	0.8.12	normal:all	true
zenoh-config	1.7.2	json5	0.4.1	normal:all	true
zenoh-config	1.7.2	nonempty-collections	0.3.1	normal:all	true
zenoh-config	1.7.2	num_cpus	1.17.0	normal:all	true
zenoh-config	1.7.2	secrecy	0.8.0	normal:all	true
zenoh-config	1.7.2	serde	1.0.228	normal:all	true
zenoh-config	1.7.2	serde_json	1.0.149	normal:all	true
zenoh-config	1.7.2	serde_with	3.17.0	normal:all	true
zenoh-config	1.7.2	serde_yaml	0.9.34+deprecated	normal:all	true
zenoh-config	1.7.2	tracing	0.1.44	normal:all	true
zenoh-config	1.7.2	uhlc	0.8.2	normal:all	true
zenoh-config	1.7.2	validated_struct	2.2.0	normal:all	true
zenoh-config	1.7.2	zenoh-core	1.7.2	normal:all	true
zenoh-config	1.7.2	zenoh-keyexpr	1.7.2	normal:all	true
zenoh-config	1.7.2	zenoh-macros	1.7.2	normal:all	true
zenoh-config	1.7.2	zenoh-protocol	1.7.2	normal:all	true
zenoh-config	1.7.2	zenoh-result	1.7.2	normal:all	true
zenoh-config	1.7.2	zenoh-util	1.7.2	normal:all	true
zenoh-core	1.7.2	lazy_static	1.5.0	normal:all	true
zenoh-core	1.7.2	tokio	1.52.3	normal:all	true
zenoh-core	1.7.2	zenoh-result	1.7.2	normal:all	true
zenoh-core	1.7.2	zenoh-runtime	1.7.2	normal:all	true
zenoh-crypto	1.7.2	aes	0.8.4	normal:all	true
zenoh-crypto	1.7.2	hmac	0.12.1	normal:all	true
zenoh-crypto	1.7.2	rand	0.8.6	normal:all	true
zenoh-crypto	1.7.2	rand_chacha	0.3.1	normal:all	true
zenoh-crypto	1.7.2	sha3	0.10.8	normal:all	true
zenoh-crypto	1.7.2	zenoh-result	1.7.2	normal:all	true
zenoh-keyexpr	1.7.2	getrandom	0.2.17	normal:all	true
zenoh-keyexpr	1.7.2	hashbrown	0.16.1	"normal:cfg(not(features = ""std""))"	true
zenoh-keyexpr	1.7.2	keyed-set	1.1.0	normal:all	true
zenoh-keyexpr	1.7.2	rand	0.8.6	normal:all	true
zenoh-keyexpr	1.7.2	schemars	1.2.1	normal:all	true
zenoh-keyexpr	1.7.2	serde	1.0.228	normal:all	true
zenoh-keyexpr	1.7.2	token-cell	2.1.1	normal:all	true
zenoh-keyexpr	1.7.2	zenoh-result	1.7.2	normal:all	true
zenoh-link	1.7.2	zenoh-config	1.7.2	normal:all	true
zenoh-link	1.7.2	zenoh-link-commons	1.7.2	normal:all	true
zenoh-link	1.7.2	zenoh-link-quic	1.7.2	normal:all	true
zenoh-link	1.7.2	zenoh-link-quic_datagram	1.7.2	normal:all	true
zenoh-link	1.7.2	zenoh-link-tcp	1.7.2	normal:all	true
zenoh-link	1.7.2	zenoh-link-tls	1.7.2	normal:all	true
zenoh-link	1.7.2	zenoh-link-udp	1.7.2	normal:all	true
zenoh-link	1.7.2	zenoh-link-unixsock_stream	1.7.2	normal:all	true
zenoh-link	1.7.2	zenoh-link-ws	1.7.2	normal:all	true
zenoh-link	1.7.2	zenoh-protocol	1.7.2	normal:all	true
zenoh-link	1.7.2	zenoh-result	1.7.2	normal:all	true
zenoh-link-commons	1.7.2	async-trait	0.1.89	normal:all	true
zenoh-link-commons	1.7.2	base64	0.22.1	normal:all	true
zenoh-link-commons	1.7.2	flume	0.11.1	normal:all	true
zenoh-link-commons	1.7.2	futures	0.3.32	normal:all	true
zenoh-link-commons	1.7.2	quinn	0.11.9	normal:all	true
zenoh-link-commons	1.7.2	rustls	0.23.37	normal:all	true
zenoh-link-commons	1.7.2	rustls-pemfile	2.2.0	normal:all	true
zenoh-link-commons	1.7.2	rustls-pki-types	1.14.0	normal:all	true
zenoh-link-commons	1.7.2	rustls-webpki	0.103.13	normal:all	true
zenoh-link-commons	1.7.2	secrecy	0.8.0	normal:all	true
zenoh-link-commons	1.7.2	serde	1.0.228	normal:all	true
zenoh-link-commons	1.7.2	socket2	0.5.10	normal:all	true
zenoh-link-commons	1.7.2	time	0.3.47	normal:all	true
zenoh-link-commons	1.7.2	tokio	1.52.3	normal:all	true
zenoh-link-commons	1.7.2	tokio-util	0.7.18	normal:all	true
zenoh-link-commons	1.7.2	tracing	0.1.44	normal:all	true
zenoh-link-commons	1.7.2	webpki-roots	1.0.6	normal:all	true
zenoh-link-commons	1.7.2	x509-parser	0.18.1	normal:all	true
zenoh-link-commons	1.7.2	zenoh-buffers	1.7.2	normal:all	true
zenoh-link-commons	1.7.2	zenoh-codec	1.7.2	normal:all	true
zenoh-link-commons	1.7.2	zenoh-config	1.7.2	normal:all	true
zenoh-link-commons	1.7.2	zenoh-core	1.7.2	normal:all	true
zenoh-link-commons	1.7.2	zenoh-protocol	1.7.2	normal:all	true
zenoh-link-commons	1.7.2	zenoh-result	1.7.2	normal:all	true
zenoh-link-commons	1.7.2	zenoh-runtime	1.7.2	normal:all	true
zenoh-link-commons	1.7.2	zenoh-util	1.7.2	normal:all	true
zenoh-link-quic	1.7.2	async-trait	0.1.89	normal:all	true
zenoh-link-quic	1.7.2	base64	0.22.1	normal:all	true
zenoh-link-quic	1.7.2	quinn	0.11.9	normal:all	true
zenoh-link-quic	1.7.2	rustls	0.23.37	normal:all	true
zenoh-link-quic	1.7.2	rustls-pemfile	2.2.0	normal:all	true
zenoh-link-quic	1.7.2	rustls-webpki	0.103.13	normal:all	true
zenoh-link-quic	1.7.2	secrecy	0.8.0	normal:all	true
zenoh-link-quic	1.7.2	time	0.3.47	normal:all	true
zenoh-link-quic	1.7.2	tokio	1.52.3	normal:all	true
zenoh-link-quic	1.7.2	tokio-util	0.7.18	normal:all	true
zenoh-link-quic	1.7.2	tracing	0.1.44	normal:all	true
zenoh-link-quic	1.7.2	webpki-roots	1.0.6	normal:all	true
zenoh-link-quic	1.7.2	zenoh-config	1.7.2	normal:all	true
zenoh-link-quic	1.7.2	zenoh-core	1.7.2	normal:all	true
zenoh-link-quic	1.7.2	zenoh-link-commons	1.7.2	normal:all	true
zenoh-link-quic	1.7.2	zenoh-protocol	1.7.2	normal:all	true
zenoh-link-quic	1.7.2	zenoh-result	1.7.2	normal:all	true
zenoh-link-quic	1.7.2	zenoh-util	1.7.2	normal:all	true
zenoh-link-quic_datagram	1.7.2	async-trait	0.1.89	normal:all	true
zenoh-link-quic_datagram	1.7.2	quinn	0.11.9	normal:all	true
zenoh-link-quic_datagram	1.7.2	rustls	0.23.37	normal:all	true
zenoh-link-quic_datagram	1.7.2	rustls-webpki	0.103.13	normal:all	true
zenoh-link-quic_datagram	1.7.2	time	0.3.47	normal:all	true
zenoh-link-quic_datagram	1.7.2	tokio	1.52.3	normal:all	true
zenoh-link-quic_datagram	1.7.2	tokio-util	0.7.18	normal:all	true
zenoh-link-quic_datagram	1.7.2	tracing	0.1.44	normal:all	true
zenoh-link-quic_datagram	1.7.2	zenoh-core	1.7.2	normal:all	true
zenoh-link-quic_datagram	1.7.2	zenoh-link-commons	1.7.2	normal:all	true
zenoh-link-quic_datagram	1.7.2	zenoh-protocol	1.7.2	normal:all	true
zenoh-link-quic_datagram	1.7.2	zenoh-result	1.7.2	normal:all	true
zenoh-link-quic_datagram	1.7.2	zenoh-util	1.7.2	normal:all	true
zenoh-link-tcp	1.7.2	async-trait	0.1.89	normal:all	true
zenoh-link-tcp	1.7.2	socket2	0.5.10	normal:all	true
zenoh-link-tcp	1.7.2	tokio	1.52.3	normal:all	true
zenoh-link-tcp	1.7.2	tokio-util	0.7.18	normal:all	true
zenoh-link-tcp	1.7.2	tracing	0.1.44	normal:all	true
zenoh-link-tcp	1.7.2	zenoh-config	1.7.2	normal:all	true
zenoh-link-tcp	1.7.2	zenoh-core	1.7.2	normal:all	true
zenoh-link-tcp	1.7.2	zenoh-link-commons	1.7.2	normal:all	true
zenoh-link-tcp	1.7.2	zenoh-protocol	1.7.2	normal:all	true
zenoh-link-tcp	1.7.2	zenoh-result	1.7.2	normal:all	true
zenoh-link-tls	1.7.2	async-trait	0.1.89	normal:all	true
zenoh-link-tls	1.7.2	base64	0.22.1	normal:all	true
zenoh-link-tls	1.7.2	rustls	0.23.37	normal:all	true
zenoh-link-tls	1.7.2	rustls-pemfile	2.2.0	normal:all	true
zenoh-link-tls	1.7.2	rustls-pki-types	1.14.0	normal:all	true
zenoh-link-tls	1.7.2	rustls-webpki	0.103.13	normal:all	true
zenoh-link-tls	1.7.2	secrecy	0.8.0	normal:all	true
zenoh-link-tls	1.7.2	socket2	0.5.10	normal:all	true
zenoh-link-tls	1.7.2	time	0.3.47	normal:all	true
zenoh-link-tls	1.7.2	tls-listener	0.11.2	normal:all	true
zenoh-link-tls	1.7.2	tokio	1.52.3	normal:all	true
zenoh-link-tls	1.7.2	tokio-rustls	0.26.4	normal:all	true
zenoh-link-tls	1.7.2	tokio-util	0.7.18	normal:all	true
zenoh-link-tls	1.7.2	tracing	0.1.44	normal:all	true
zenoh-link-tls	1.7.2	webpki-roots	1.0.6	normal:all	true
zenoh-link-tls	1.7.2	x509-parser	0.18.1	normal:all	true
zenoh-link-tls	1.7.2	zenoh-config	1.7.2	normal:all	true
zenoh-link-tls	1.7.2	zenoh-core	1.7.2	normal:all	true
zenoh-link-tls	1.7.2	zenoh-link-commons	1.7.2	normal:all	true
zenoh-link-tls	1.7.2	zenoh-protocol	1.7.2	normal:all	true
zenoh-link-tls	1.7.2	zenoh-result	1.7.2	normal:all	true
zenoh-link-tls	1.7.2	zenoh-runtime	1.7.2	normal:all	true
zenoh-link-udp	1.7.2	async-trait	0.1.89	normal:all	true
zenoh-link-udp	1.7.2	libc	0.2.186	"normal:cfg(target_family = ""unix"")"	true
zenoh-link-udp	1.7.2	socket2	0.5.10	normal:all	true
zenoh-link-udp	1.7.2	tokio	1.52.3	normal:all	true
zenoh-link-udp	1.7.2	tokio-util	0.7.18	normal:all	true
zenoh-link-udp	1.7.2	tracing	0.1.44	normal:all	true
zenoh-link-udp	1.7.2	windows-sys	0.61.2	"normal:cfg(target_family = ""windows"")"	true
zenoh-link-udp	1.7.2	zenoh-buffers	1.7.2	normal:all	true
zenoh-link-udp	1.7.2	zenoh-core	1.7.2	normal:all	true
zenoh-link-udp	1.7.2	zenoh-link-commons	1.7.2	normal:all	true
zenoh-link-udp	1.7.2	zenoh-protocol	1.7.2	normal:all	true
zenoh-link-udp	1.7.2	zenoh-result	1.7.2	normal:all	true
zenoh-link-udp	1.7.2	zenoh-sync	1.7.2	normal:all	true
zenoh-link-udp	1.7.2	zenoh-util	1.7.2	normal:all	true
zenoh-link-unixsock_stream	1.7.2	async-trait	0.1.89	normal:all	true
zenoh-link-unixsock_stream	1.7.2	nix	0.29.0	normal:all	true
zenoh-link-unixsock_stream	1.7.2	tokio	1.52.3	normal:all	true
zenoh-link-unixsock_stream	1.7.2	tokio-util	0.7.18	normal:all	true
zenoh-link-unixsock_stream	1.7.2	tracing	0.1.44	normal:all	true
zenoh-link-unixsock_stream	1.7.2	uuid	1.22.0	normal:all	true
zenoh-link-unixsock_stream	1.7.2	zenoh-core	1.7.2	normal:all	true
zenoh-link-unixsock_stream	1.7.2	zenoh-link-commons	1.7.2	normal:all	true
zenoh-link-unixsock_stream	1.7.2	zenoh-protocol	1.7.2	normal:all	true
zenoh-link-unixsock_stream	1.7.2	zenoh-result	1.7.2	normal:all	true
zenoh-link-unixsock_stream	1.7.2	zenoh-runtime	1.7.2	normal:all	true
zenoh-link-ws	1.7.2	async-trait	0.1.89	normal:all	true
zenoh-link-ws	1.7.2	futures-util	0.3.32	normal:all	true
zenoh-link-ws	1.7.2	tokio	1.52.3	normal:all	true
zenoh-link-ws	1.7.2	tokio-tungstenite	0.24.0	normal:all	true
zenoh-link-ws	1.7.2	tokio-util	0.7.18	normal:all	true
zenoh-link-ws	1.7.2	tracing	0.1.44	normal:all	true
zenoh-link-ws	1.7.2	url	2.5.8	normal:all	true
zenoh-link-ws	1.7.2	zenoh-core	1.7.2	normal:all	true
zenoh-link-ws	1.7.2	zenoh-link-commons	1.7.2	normal:all	true
zenoh-link-ws	1.7.2	zenoh-protocol	1.7.2	normal:all	true
zenoh-link-ws	1.7.2	zenoh-result	1.7.2	normal:all	true
zenoh-link-ws	1.7.2	zenoh-runtime	1.7.2	normal:all	true
zenoh-link-ws	1.7.2	zenoh-util	1.7.2	normal:all	true
zenoh-macros	1.7.2	proc-macro2	1.0.106	normal:all	true
zenoh-macros	1.7.2	quote	1.0.44	normal:all	true
zenoh-macros	1.7.2	syn	2.0.117	normal:all	true
zenoh-macros	1.7.2	zenoh-keyexpr	1.7.2	normal:all	true
zenoh-plugin-trait	1.7.2	git-version	0.3.9	normal:all	true
zenoh-plugin-trait	1.7.2	libloading	0.8.9	normal:all	true
zenoh-plugin-trait	1.7.2	serde	1.0.228	normal:all	true
zenoh-plugin-trait	1.7.2	stabby	72.1.4	normal:all	true
zenoh-plugin-trait	1.7.2	tracing	0.1.44	normal:all	true
zenoh-plugin-trait	1.7.2	zenoh-config	1.7.2	normal:all	true
zenoh-plugin-trait	1.7.2	zenoh-keyexpr	1.7.2	normal:all	true
zenoh-plugin-trait	1.7.2	zenoh-macros	1.7.2	normal:all	true
zenoh-plugin-trait	1.7.2	zenoh-result	1.7.2	normal:all	true
zenoh-plugin-trait	1.7.2	zenoh-util	1.7.2	normal:all	true
zenoh-protocol	1.7.2	const_format	0.2.35	normal:all	true
zenoh-protocol	1.7.2	rand	0.8.6	normal:all	false
zenoh-protocol	1.7.2	serde	1.0.228	normal:all	true
zenoh-protocol	1.7.2	uhlc	0.8.2	normal:all	true
zenoh-protocol	1.7.2	zenoh-buffers	1.7.2	normal:all	true
zenoh-protocol	1.7.2	zenoh-keyexpr	1.7.2	normal:all	true
zenoh-protocol	1.7.2	zenoh-result	1.7.2	normal:all	true
zenoh-result	1.7.2	anyhow	1.0.103	normal:all	true
zenoh-runtime	1.7.2	lazy_static	1.5.0	normal:all	true
zenoh-runtime	1.7.2	ron	0.12.0	normal:all	true
zenoh-runtime	1.7.2	serde	1.0.228	normal:all	true
zenoh-runtime	1.7.2	tokio	1.52.3	normal:all	true
zenoh-runtime	1.7.2	tracing	0.1.44	normal:all	true
zenoh-runtime	1.7.2	zenoh-macros	1.7.2	normal:all	true
zenoh-runtime	1.7.2	zenoh-result	1.7.2	normal:all	true
zenoh-sync	1.7.2	arc-swap	1.8.2	normal:all	true
zenoh-sync	1.7.2	event-listener	5.4.1	normal:all	true
zenoh-sync	1.7.2	futures	0.3.32	normal:all	true
zenoh-sync	1.7.2	tokio	1.52.3	normal:all	true
zenoh-sync	1.7.2	zenoh-buffers	1.7.2	normal:all	true
zenoh-sync	1.7.2	zenoh-collections	1.7.2	normal:all	true
zenoh-sync	1.7.2	zenoh-core	1.7.2	normal:all	true
zenoh-task	1.7.2	futures	0.3.32	normal:all	true
zenoh-task	1.7.2	tokio	1.52.3	normal:all	true
zenoh-task	1.7.2	tokio-util	0.7.18	normal:all	true
zenoh-task	1.7.2	tracing	0.1.44	normal:all	true
zenoh-task	1.7.2	zenoh-core	1.7.2	normal:all	true
zenoh-task	1.7.2	zenoh-runtime	1.7.2	normal:all	true
zenoh-transport	1.7.2	async-trait	0.1.89	normal:all	true
zenoh-transport	1.7.2	crossbeam-utils	0.8.21	normal:all	true
zenoh-transport	1.7.2	flume	0.11.1	normal:all	true
zenoh-transport	1.7.2	lazy_static	1.5.0	normal:all	true
zenoh-transport	1.7.2	lz4_flex	0.11.6	normal:all	true
zenoh-transport	1.7.2	rand	0.8.6	normal:all	true
zenoh-transport	1.7.2	ringbuffer-spsc	0.1.15	normal:all	true
zenoh-transport	1.7.2	rsa	0.9.10	normal:all	true
zenoh-transport	1.7.2	serde	1.0.228	normal:all	true
zenoh-transport	1.7.2	sha3	0.10.8	normal:all	true
zenoh-transport	1.7.2	tokio	1.52.3	normal:all	true
zenoh-transport	1.7.2	tokio-util	0.7.18	normal:all	true
zenoh-transport	1.7.2	tracing	0.1.44	normal:all	true
zenoh-transport	1.7.2	zenoh-buffers	1.7.2	normal:all	true
zenoh-transport	1.7.2	zenoh-codec	1.7.2	normal:all	true
zenoh-transport	1.7.2	zenoh-config	1.7.2	normal:all	true
zenoh-transport	1.7.2	zenoh-core	1.7.2	normal:all	true
zenoh-transport	1.7.2	zenoh-crypto	1.7.2	normal:all	true
zenoh-transport	1.7.2	zenoh-link	1.7.2	normal:all	true
zenoh-transport	1.7.2	zenoh-link-commons	1.7.2	normal:all	true
zenoh-transport	1.7.2	zenoh-protocol	1.7.2	normal:all	true
zenoh-transport	1.7.2	zenoh-result	1.7.2	normal:all	true
zenoh-transport	1.7.2	zenoh-runtime	1.7.2	normal:all	true
zenoh-transport	1.7.2	zenoh-sync	1.7.2	normal:all	true
zenoh-transport	1.7.2	zenoh-task	1.7.2	normal:all	true
zenoh-transport	1.7.2	zenoh-util	1.7.2	normal:all	true
zenoh-util	1.7.2	async-trait	0.1.89	normal:all	true
zenoh-util	1.7.2	const_format	0.2.35	normal:all	true
zenoh-util	1.7.2	flume	0.11.1	normal:all	true
zenoh-util	1.7.2	home	0.5.12	normal:all	true
zenoh-util	1.7.2	humantime	2.3.0	normal:all	true
zenoh-util	1.7.2	lazy_static	1.5.0	normal:all	true
zenoh-util	1.7.2	libc	0.2.186	normal:cfg(unix)	true
zenoh-util	1.7.2	libloading	0.8.9	normal:all	true
zenoh-util	1.7.2	pnet_datalink	0.35.0	normal:cfg(unix)	true
zenoh-util	1.7.2	schemars	1.2.1	normal:all	true
zenoh-util	1.7.2	serde	1.0.228	normal:all	true
zenoh-util	1.7.2	serde_json	1.0.149	normal:all	true
zenoh-util	1.7.2	shellexpand	3.1.2	normal:all	true
zenoh-util	1.7.2	tokio	1.52.3	normal:all	true
zenoh-util	1.7.2	tracing	0.1.44	normal:all	true
zenoh-util	1.7.2	tracing-subscriber	0.3.22	normal:all	true
zenoh-util	1.7.2	winapi	0.3.9	normal:cfg(windows)	true
zenoh-util	1.7.2	zenoh-core	1.7.2	normal:all	true
zenoh-util	1.7.2	zenoh-result	1.7.2	normal:all	true
zerocopy	0.8.40	zerocopy-derive	0.8.40	normal:all;normal:cfg(any())	true
zerocopy-derive	0.8.40	proc-macro2	1.0.106	normal:all	true
zerocopy-derive	0.8.40	quote	1.0.44	normal:all	true
zerocopy-derive	0.8.40	syn	2.0.117	normal:all	true
zerofrom	0.1.6	zerofrom-derive	0.1.6	normal:all	true
zerofrom-derive	0.1.6	proc-macro2	1.0.106	normal:all	true
zerofrom-derive	0.1.6	quote	1.0.44	normal:all	true
zerofrom-derive	0.1.6	syn	2.0.117	normal:all	true
zerofrom-derive	0.1.6	synstructure	0.13.2	normal:all	true
zerotrie	0.2.3	displaydoc	0.2.5	normal:all	true
zerotrie	0.2.3	yoke	0.8.1	normal:all	true
zerotrie	0.2.3	zerofrom	0.1.6	normal:all	true
zerovec	0.11.5	yoke	0.8.1	normal:all	true
zerovec	0.11.5	zerofrom	0.1.6	normal:all	true
zerovec	0.11.5	zerovec-derive	0.11.2	normal:all	true
zerovec-derive	0.11.2	proc-macro2	1.0.106	normal:all	true
zerovec-derive	0.11.2	quote	1.0.44	normal:all	true
zerovec-derive	0.11.2	syn	2.0.117	normal:all	true
zstd	0.13.3	zstd-safe	7.2.4	normal:all	true
zstd-safe	7.2.4	zstd-sys	2.0.16+zstd.1.5.7	normal:all	true
zstd-sys	2.0.16+zstd.1.5.7	cc	1.2.56	build:all	true
zstd-sys	2.0.16+zstd.1.5.7	pkg-config	0.3.32	build:all	true
